Melbourne|-37.73,144.91,78|2018-01-01T08:19:23Z|Rain|+16.4|999.4|29
Melbourne|-37.73,144.91,78|2018-01-02T09:29:26Z|Sunny|+13.8|1002.2|36
Melbourne|-37.73,144.91,78|2018-01-03T09:26:27Z|Sunny|+16.3|955.9|17
Melbourne|-37.73,144.91,78|2018-01-04T03:09:26Z|Rain|+21.4|988.9|7
Melbourne|-37.73,144.91,78|2018-01-05T12:25:15Z|Sunny|+14.1|868.6|58
Melbourne|-37.73,144.91,78|2018-01-06T12:37:22Z|Sunny|+21.0|995.1|48
Melbourne|-37.73,144.91,78|2018-01-07T03:03:37Z|Sunny|+14.8|1087.2|100
Melbourne|-37.73,144.91,78|2018-01-08T05:09:41Z|Rain|+15.9|873.8|66
Melbourne|-37.73,144.91,78|2018-01-09T09:18:12Z|Sunny|+25.7|1090.0|88
Melbourne|-37.73,144.91,78|2018-01-10T08:17:10Z|Sunny|+16.2|994.0|51
Melbourne|-37.73,144.91,78|2018-01-11T02:59:33Z|Sunny|+18.2|954.4|63
Melbourne|-37.73,144.91,78|2018-01-12T07:42:19Z|Sunny|+25.1|1003.2|94
Melbourne|-37.73,144.91,78|2018-01-13T06:51:08Z|Sunny|+19.5|918.5|90
Melbourne|-37.73,144.91,78|2018-01-14T04:46:09Z|Sunny|+16.1|815.0|58
Melbourne|-37.73,144.91,78|2018-01-15T02:56:05Z|Sunny|+19.8|873.6|94
Melbourne|-37.73,144.91,78|2018-01-16T02:51:32Z|Rain|+14.8|935.7|31
Melbourne|-37.73,144.91,78|2018-01-17T08:23:22Z|Sunny|+22.2|833.0|47
Melbourne|-37.73,144.91,78|2018-01-18T12:34:57Z|Sunny|+17.7|962.0|68
Melbourne|-37.73,144.91,78|2018-01-19T07:07:24Z|Sunny|+14.4|830.3|23
Melbourne|-37.73,144.91,78|2018-01-20T10:12:43Z|Sunny|+17.4|930.5|89
Melbourne|-37.73,144.91,78|2018-01-21T09:41:32Z|Sunny|+16.0|1046.7|99
Melbourne|-37.73,144.91,78|2018-01-22T01:36:13Z|Sunny|+26.8|884.7|82
Melbourne|-37.73,144.91,78|2018-01-23T06:16:23Z|Sunny|+21.3|1051.1|44
Melbourne|-37.73,144.91,78|2018-01-24T08:09:31Z|Sunny|+25.9|1085.3|71
Melbourne|-37.73,144.91,78|2018-01-25T02:56:34Z|Sunny|+23.2|890.7|33
Melbourne|-37.73,144.91,78|2018-01-26T05:59:05Z|Sunny|+25.0|837.4|7
Melbourne|-37.73,144.91,78|2018-01-27T10:54:40Z|Sunny|+25.7|911.3|6
Melbourne|-37.73,144.91,78|2018-01-28T09:24:34Z|Rain|+23.6|904.0|71
Melbourne|-37.73,144.91,78|2018-01-29T06:28:56Z|Sunny|+21.0|902.8|55
Melbourne|-37.73,144.91,78|2018-01-30T02:50:05Z|Sunny|+25.0|924.4|78
Melbourne|-37.73,144.91,78|2018-01-31T10:00:20Z|Sunny|+23.4|856.5|20
Melbourne|-37.73,144.91,78|2018-02-01T10:22:44Z|Sunny|+15.8|947.4|84
Melbourne|-37.73,144.91,78|2018-02-02T01:21:26Z|Sunny|+22.6|917.2|1
Melbourne|-37.73,144.91,78|2018-02-03T10:12:47Z|Rain|+16.3|1041.3|9
Melbourne|-37.73,144.91,78|2018-02-04T01:22:03Z|Sunny|+22.5|1069.4|99
Melbourne|-37.73,144.91,78|2018-02-05T02:51:44Z|Sunny|+22.7|886.7|47
Melbourne|-37.73,144.91,78|2018-02-06T04:56:22Z|Rain|+15.2|1085.2|78
Melbourne|-37.73,144.91,78|2018-02-07T07:20:12Z|Sunny|+17.2|1041.2|68
Melbourne|-37.73,144.91,78|2018-02-08T02:45:35Z|Sunny|+15.0|988.8|26
Melbourne|-37.73,144.91,78|2018-02-09T11:16:15Z|Sunny|+23.2|862.3|21
Melbourne|-37.73,144.91,78|2018-02-10T07:23:20Z|Sunny|+15.7|862.7|81
Melbourne|-37.73,144.91,78|2018-02-11T01:47:01Z|Sunny|+15.0|976.4|48
Melbourne|-37.73,144.91,78|2018-02-12T03:47:00Z|Sunny|+14.2|847.4|17
Melbourne|-37.73,144.91,78|2018-02-13T07:33:33Z|Sunny|+19.1|996.8|32
Melbourne|-37.73,144.91,78|2018-02-14T11:17:14Z|Sunny|+19.4|994.9|100
Melbourne|-37.73,144.91,78|2018-02-15T09:12:19Z|Sunny|+22.5|977.5|89
Melbourne|-37.73,144.91,78|2018-02-16T03:47:00Z|Sunny|+25.1|918.3|67
Melbourne|-37.73,144.91,78|2018-02-17T10:31:00Z|Rain|+15.4|1038.1|83
Melbourne|-37.73,144.91,78|2018-02-18T09:29:37Z|Sunny|+19.7|841.6|43
Melbourne|-37.73,144.91,78|2018-02-19T11:44:05Z|Sunny|+22.2|1092.0|91
Melbourne|-37.73,144.91,78|2018-02-20T07:51:54Z|Rain|+25.6|903.7|83
Melbourne|-37.73,144.91,78|2018-02-21T07:13:44Z|Sunny|+14.3|887.1|41
Melbourne|-37.73,144.91,78|2018-02-22T10:20:22Z|Sunny|+19.1|826.4|42
Melbourne|-37.73,144.91,78|2018-02-23T09:35:34Z|Sunny|+21.3|883.2|38
Melbourne|-37.73,144.91,78|2018-02-24T04:47:35Z|Rain|+21.8|1093.1|39
Melbourne|-37.73,144.91,78|2018-02-25T12:39:13Z|Sunny|+21.1|1018.7|77
Melbourne|-37.73,144.91,78|2018-02-26T05:40:40Z|Sunny|+15.8|906.6|36
Melbourne|-37.73,144.91,78|2018-02-27T10:48:30Z|Rain|+20.3|896.4|7
Melbourne|-37.73,144.91,78|2018-02-28T11:40:09Z|Sunny|+13.8|904.4|87
Melbourne|-37.73,144.91,78|2018-03-01T12:10:50Z|Sunny|+23.8|973.3|47
Melbourne|-37.73,144.91,78|2018-03-02T04:50:10Z|Sunny|+17.8|1039.2|71
Melbourne|-37.73,144.91,78|2018-03-03T12:09:18Z|Sunny|+15.4|924.4|41
Melbourne|-37.73,144.91,78|2018-03-04T01:53:32Z|Sunny|+19.8|981.5|16
Melbourne|-37.73,144.91,78|2018-03-05T07:18:03Z|Sunny|+13.1|1049.4|62
Melbourne|-37.73,144.91,78|2018-03-06T09:08:49Z|Sunny|+16.8|1045.6|58
Melbourne|-37.73,144.91,78|2018-03-07T08:26:19Z|Sunny|+13.2|854.7|50
Melbourne|-37.73,144.91,78|2018-03-08T08:14:12Z|Sunny|+14.1|805.1|55
Melbourne|-37.73,144.91,78|2018-03-09T01:26:36Z|Sunny|+16.2|822.0|51
Melbourne|-37.73,144.91,78|2018-03-10T08:24:34Z|Sunny|+15.0|835.2|44
Melbourne|-37.73,144.91,78|2018-03-11T02:07:56Z|Sunny|+17.4|1032.9|49
Melbourne|-37.73,144.91,78|2018-03-12T07:52:27Z|Sunny|+24.6|1034.8|93
Melbourne|-37.73,144.91,78|2018-03-13T03:14:19Z|Sunny|+22.7|1056.2|71
Melbourne|-37.73,144.91,78|2018-03-14T05:13:14Z|Sunny|+16.7|1047.5|45
Melbourne|-37.73,144.91,78|2018-03-15T10:15:00Z|Sunny|+14.7|1029.6|62
Melbourne|-37.73,144.91,78|2018-03-16T03:40:42Z|Sunny|+14.8|1093.9|59
Melbourne|-37.73,144.91,78|2018-03-17T01:35:58Z|Sunny|+13.7|1059.3|77
Melbourne|-37.73,144.91,78|2018-03-18T01:40:21Z|Sunny|+16.0|924.9|22
Melbourne|-37.73,144.91,78|2018-03-19T06:51:01Z|Sunny|+18.3|846.1|56
Melbourne|-37.73,144.91,78|2018-03-20T10:09:20Z|Sunny|+23.5|1018.0|62
Melbourne|-37.73,144.91,78|2018-03-21T01:37:29Z|Sunny|+21.6|1060.5|82
Melbourne|-37.73,144.91,78|2018-03-22T07:19:11Z|Sunny|+14.3|884.3|75
Melbourne|-37.73,144.91,78|2018-03-23T03:13:13Z|Sunny|+15.3|944.2|52
Melbourne|-37.73,144.91,78|2018-03-24T07:08:20Z|Sunny|+14.1|990.8|77
Melbourne|-37.73,144.91,78|2018-03-25T10:45:24Z|Sunny|+22.4|967.6|9
Melbourne|-37.73,144.91,78|2018-03-26T04:23:24Z|Sunny|+13.7|851.1|48
Melbourne|-37.73,144.91,78|2018-03-27T09:15:01Z|Sunny|+18.9|1097.6|86
Melbourne|-37.73,144.91,78|2018-03-28T07:31:49Z|Sunny|+15.3|868.8|36
Melbourne|-37.73,144.91,78|2018-03-29T01:33:55Z|Sunny|+22.7|808.4|67
Melbourne|-37.73,144.91,78|2018-03-30T09:23:11Z|Sunny|+19.1|908.8|70
Melbourne|-37.73,144.91,78|2018-03-31T08:43:18Z|Sunny|+12.8|883.3|51
Melbourne|-37.73,144.91,78|2018-04-01T09:16:42Z|Sunny|+21.3|935.4|42
Melbourne|-37.73,144.91,78|2018-04-02T09:25:44Z|Sunny|+15.1|973.3|8
Melbourne|-37.73,144.91,78|2018-04-03T05:03:22Z|Sunny|+20.6|1072.5|71
Melbourne|-37.73,144.91,78|2018-04-04T08:22:18Z|Sunny|+19.2|927.3|23
Melbourne|-37.73,144.91,78|2018-04-05T02:33:52Z|Sunny|+18.8|885.4|51
Melbourne|-37.73,144.91,78|2018-04-06T08:26:06Z|Sunny|+16.7|894.6|21
Melbourne|-37.73,144.91,78|2018-04-07T04:14:02Z|Sunny|+13.4|1080.4|6
Melbourne|-37.73,144.91,78|2018-04-08T12:25:14Z|Sunny|+13.9|800.8|39
Melbourne|-37.73,144.91,78|2018-04-09T06:52:03Z|Sunny|+12.2|901.7|18
Melbourne|-37.73,144.91,78|2018-04-10T11:22:29Z|Sunny|+13.7|873.6|38
Melbourne|-37.73,144.91,78|2018-04-11T11:24:40Z|Sunny|+11.4|936.3|77
Melbourne|-37.73,144.91,78|2018-04-12T01:08:26Z|Sunny|+11.2|936.9|42
Melbourne|-37.73,144.91,78|2018-04-13T10:47:12Z|Rain|+15.7|927.4|81
Melbourne|-37.73,144.91,78|2018-04-14T10:51:13Z|Sunny|+18.1|917.0|82
Melbourne|-37.73,144.91,78|2018-04-15T03:24:23Z|Sunny|+12.3|1047.8|59
Melbourne|-37.73,144.91,78|2018-04-16T02:22:52Z|Sunny|+12.4|888.1|70
Melbourne|-37.73,144.91,78|2018-04-17T11:05:41Z|Rain|+17.7|1085.3|95
Melbourne|-37.73,144.91,78|2018-04-18T10:09:58Z|Sunny|+12.0|983.7|88
Melbourne|-37.73,144.91,78|2018-04-19T04:48:05Z|Sunny|+18.0|971.1|27
Melbourne|-37.73,144.91,78|2018-04-20T12:38:21Z|Rain|+13.3|894.4|45
Melbourne|-37.73,144.91,78|2018-04-21T09:16:09Z|Sunny|+11.8|1026.6|74
Melbourne|-37.73,144.91,78|2018-04-22T03:30:41Z|Sunny|+16.3|801.3|8
Melbourne|-37.73,144.91,78|2018-04-23T11:29:11Z|Sunny|+17.5|984.2|76
Melbourne|-37.73,144.91,78|2018-04-24T01:01:05Z|Rain|+13.0|971.1|7
Melbourne|-37.73,144.91,78|2018-04-25T06:57:09Z|Sunny|+17.2|991.5|16
Melbourne|-37.73,144.91,78|2018-04-26T01:19:00Z|Sunny|+18.4|904.6|63
Melbourne|-37.73,144.91,78|2018-04-27T08:35:40Z|Sunny|+18.0|975.0|80
Melbourne|-37.73,144.91,78|2018-04-28T02:27:46Z|Sunny|+12.1|938.4|7
Melbourne|-37.73,144.91,78|2018-04-29T09:47:06Z|Sunny|+13.2|1061.9|44
Melbourne|-37.73,144.91,78|2018-04-30T10:09:32Z|Rain|+12.4|1083.3|62
Melbourne|-37.73,144.91,78|2018-05-01T08:51:57Z|Sunny|+12.8|1045.8|83
Melbourne|-37.73,144.91,78|2018-05-02T03:55:10Z|Sunny|+12.5|1004.1|11
Melbourne|-37.73,144.91,78|2018-05-03T01:20:40Z|Rain|+9.9|839.8|66
Melbourne|-37.73,144.91,78|2018-05-04T04:33:36Z|Sunny|+12.7|1043.7|63
Melbourne|-37.73,144.91,78|2018-05-05T04:47:50Z|Rain|+14.2|905.4|68
Melbourne|-37.73,144.91,78|2018-05-06T05:15:56Z|Sunny|+10.6|1099.9|97
Melbourne|-37.73,144.91,78|2018-05-07T09:03:56Z|Rain|+13.1|883.1|96
Melbourne|-37.73,144.91,78|2018-05-08T05:23:06Z|Rain|+10.2|872.6|23
Melbourne|-37.73,144.91,78|2018-05-09T07:49:05Z|Sunny|+13.4|838.3|43
Melbourne|-37.73,144.91,78|2018-05-10T05:51:03Z|Sunny|+10.5|1016.3|35
Melbourne|-37.73,144.91,78|2018-05-11T03:00:22Z|Sunny|+9.3|1080.6|61
Melbourne|-37.73,144.91,78|2018-05-12T09:13:24Z|Sunny|+9.4|951.0|6
Melbourne|-37.73,144.91,78|2018-05-13T08:09:59Z|Sunny|+11.6|948.3|18
Melbourne|-37.73,144.91,78|2018-05-14T06:51:04Z|Sunny|+8.2|841.4|26
Melbourne|-37.73,144.91,78|2018-05-15T04:33:53Z|Sunny|+15.4|1084.8|13
Melbourne|-37.73,144.91,78|2018-05-16T11:47:26Z|Sunny|+11.3|899.3|49
Melbourne|-37.73,144.91,78|2018-05-17T08:14:26Z|Sunny|+11.2|1005.0|27
Melbourne|-37.73,144.91,78|2018-05-18T05:13:43Z|Sunny|+14.6|927.3|85
Melbourne|-37.73,144.91,78|2018-05-19T05:53:32Z|Sunny|+11.3|1037.5|2
Melbourne|-37.73,144.91,78|2018-05-20T12:32:26Z|Sunny|+13.0|1011.3|78
Melbourne|-37.73,144.91,78|2018-05-21T10:39:25Z|Sunny|+10.4|860.5|54
Melbourne|-37.73,144.91,78|2018-05-22T12:14:34Z|Sunny|+14.8|1067.8|55
Melbourne|-37.73,144.91,78|2018-05-23T01:11:24Z|Rain|+9.5|1047.5|74
Melbourne|-37.73,144.91,78|2018-05-24T03:53:02Z|Sunny|+7.6|865.3|14
Melbourne|-37.73,144.91,78|2018-05-25T02:57:56Z|Sunny|+14.8|834.1|13
Melbourne|-37.73,144.91,78|2018-05-26T08:51:29Z|Rain|+12.4|1078.4|47
Melbourne|-37.73,144.91,78|2018-05-27T02:45:55Z|Sunny|+10.0|1072.4|95
Melbourne|-37.73,144.91,78|2018-05-28T06:37:48Z|Sunny|+9.6|907.6|59
Melbourne|-37.73,144.91,78|2018-05-29T05:52:26Z|Sunny|+10.4|974.4|83
Melbourne|-37.73,144.91,78|2018-05-30T11:25:26Z|Sunny|+7.9|848.3|49
Melbourne|-37.73,144.91,78|2018-05-31T05:36:35Z|Rain|+10.3|941.0|43
Melbourne|-37.73,144.91,78|2018-06-01T10:30:56Z|Sunny|+12.1|917.3|36
Melbourne|-37.73,144.91,78|2018-06-02T04:28:05Z|Sunny|+12.1|924.0|85
Melbourne|-37.73,144.91,78|2018-06-03T02:15:22Z|Sunny|+10.3|810.7|10
Melbourne|-37.73,144.91,78|2018-06-04T02:37:25Z|Sunny|+9.3|923.3|16
Melbourne|-37.73,144.91,78|2018-06-05T09:42:39Z|Sunny|+8.4|1009.9|66
Melbourne|-37.73,144.91,78|2018-06-06T07:33:24Z|Sunny|+7.8|917.1|85
Melbourne|-37.73,144.91,78|2018-06-07T11:29:49Z|Sunny|+10.5|938.8|92
Melbourne|-37.73,144.91,78|2018-06-08T07:10:03Z|Sunny|+6.5|906.8|83
Melbourne|-37.73,144.91,78|2018-06-09T05:21:32Z|Sunny|+13.1|802.9|11
Melbourne|-37.73,144.91,78|2018-06-10T05:31:12Z|Sunny|+10.2|1069.1|64
Melbourne|-37.73,144.91,78|2018-06-11T03:36:55Z|Sunny|+9.3|1005.9|22
Melbourne|-37.73,144.91,78|2018-06-12T06:04:39Z|Sunny|+8.2|1038.4|23
Melbourne|-37.73,144.91,78|2018-06-13T07:23:57Z|Sunny|+12.4|872.2|100
Melbourne|-37.73,144.91,78|2018-06-14T05:40:34Z|Rain|+11.0|924.6|46
Melbourne|-37.73,144.91,78|2018-06-15T04:44:25Z|Sunny|+7.8|909.9|79
Melbourne|-37.73,144.91,78|2018-06-16T12:33:30Z|Sunny|+13.6|1026.9|75
Melbourne|-37.73,144.91,78|2018-06-17T08:41:04Z|Sunny|+10.0|933.1|68
Melbourne|-37.73,144.91,78|2018-06-18T11:59:58Z|Sunny|+6.4|882.3|13
Melbourne|-37.73,144.91,78|2018-06-19T03:24:59Z|Sunny|+6.8|967.9|34
Melbourne|-37.73,144.91,78|2018-06-20T07:44:17Z|Sunny|+12.7|1019.8|20
Melbourne|-37.73,144.91,78|2018-06-21T09:56:00Z|Sunny|+7.2|827.8|68
Melbourne|-37.73,144.91,78|2018-06-22T03:23:09Z|Sunny|+13.2|928.4|2
Melbourne|-37.73,144.91,78|2018-06-23T11:28:47Z|Sunny|+9.1|832.2|55
Melbourne|-37.73,144.91,78|2018-06-24T10:16:38Z|Sunny|+9.3|945.8|100
Melbourne|-37.73,144.91,78|2018-06-25T01:45:13Z|Sunny|+11.2|802.1|21
Melbourne|-37.73,144.91,78|2018-06-26T10:20:07Z|Sunny|+6.6|904.7|20
Melbourne|-37.73,144.91,78|2018-06-27T08:55:56Z|Rain|+7.4|958.9|81
Melbourne|-37.73,144.91,78|2018-06-28T09:11:22Z|Rain|+11.5|903.1|20
Melbourne|-37.73,144.91,78|2018-06-29T01:48:56Z|Sunny|+10.7|802.8|64
Melbourne|-37.73,144.91,78|2018-06-30T11:57:59Z|Sunny|+7.7|873.3|84
Melbourne|-37.73,144.91,78|2018-07-01T02:59:05Z|Sunny|+11.8|845.9|72
Melbourne|-37.73,144.91,78|2018-07-02T10:06:28Z|Sunny|+8.8|942.5|67
Melbourne|-37.73,144.91,78|2018-07-03T01:20:38Z|Sunny|+10.1|1097.6|72
Melbourne|-37.73,144.91,78|2018-07-04T12:40:31Z|Sunny|+10.7|893.8|63
Melbourne|-37.73,144.91,78|2018-07-05T06:59:13Z|Rain|+8.1|884.1|93
Melbourne|-37.73,144.91,78|2018-07-06T06:31:18Z|Sunny|+9.1|809.0|83
Melbourne|-37.73,144.91,78|2018-07-07T12:25:48Z|Sunny|+12.1|872.7|51
Melbourne|-37.73,144.91,78|2018-07-08T01:59:13Z|Sunny|+7.5|905.4|79
Melbourne|-37.73,144.91,78|2018-07-09T09:14:35Z|Sunny|+8.2|845.8|87
Melbourne|-37.73,144.91,78|2018-07-10T12:13:31Z|Sunny|+6.6|882.0|86
Melbourne|-37.73,144.91,78|2018-07-11T09:22:59Z|Sunny|+10.8|1063.9|40
Melbourne|-37.73,144.91,78|2018-07-12T04:05:58Z|Sunny|+9.8|938.7|8
Melbourne|-37.73,144.91,78|2018-07-13T11:07:24Z|Sunny|+6.9|801.1|67
Melbourne|-37.73,144.91,78|2018-07-14T11:38:10Z|Sunny|+11.4|910.8|2
Melbourne|-37.73,144.91,78|2018-07-15T12:02:32Z|Sunny|+8.9|863.3|85
Melbourne|-37.73,144.91,78|2018-07-16T08:24:44Z|Sunny|+5.6|969.9|99
Melbourne|-37.73,144.91,78|2018-07-17T02:26:32Z|Sunny|+7.0|868.1|41
Melbourne|-37.73,144.91,78|2018-07-18T09:19:09Z|Sunny|+10.9|865.6|31
Melbourne|-37.73,144.91,78|2018-07-19T12:35:18Z|Sunny|+6.3|1046.1|9
Melbourne|-37.73,144.91,78|2018-07-20T12:07:23Z|Sunny|+8.5|1001.8|67
Melbourne|-37.73,144.91,78|2018-07-21T04:22:41Z|Sunny|+8.0|1051.1|80
Melbourne|-37.73,144.91,78|2018-07-22T11:05:20Z|Sunny|+7.7|1073.5|46
Melbourne|-37.73,144.91,78|2018-07-23T01:30:51Z|Rain|+5.6|814.6|44
Melbourne|-37.73,144.91,78|2018-07-24T10:25:55Z|Sunny|+7.8|837.1|62
Melbourne|-37.73,144.91,78|2018-07-25T03:11:54Z|Sunny|+11.8|900.8|89
Melbourne|-37.73,144.91,78|2018-07-26T02:06:36Z|Sunny|+9.7|1052.1|55
Melbourne|-37.73,144.91,78|2018-07-27T04:27:45Z|Sunny|+7.4|924.7|37
Melbourne|-37.73,144.91,78|2018-07-28T08:35:56Z|Sunny|+10.0|1065.0|95
Melbourne|-37.73,144.91,78|2018-07-29T04:40:25Z|Sunny|+6.8|1093.6|24
Melbourne|-37.73,144.91,78|2018-07-30T02:07:13Z|Sunny|+12.1|836.4|27
Melbourne|-37.73,144.91,78|2018-07-31T04:42:07Z|Sunny|+14.0|1041.9|26
Melbourne|-37.73,144.91,78|2018-08-01T10:11:21Z|Sunny|+8.4|947.7|75
Melbourne|-37.73,144.91,78|2018-08-02T05:37:44Z|Sunny|+13.2|854.7|70
Melbourne|-37.73,144.91,78|2018-08-03T01:04:27Z|Sunny|+6.0|982.6|15
Melbourne|-37.73,144.91,78|2018-08-04T03:48:14Z|Sunny|+6.2|1057.5|15
Melbourne|-37.73,144.91,78|2018-08-05T02:22:10Z|Snow|+9.1|941.2|32
Melbourne|-37.73,144.91,78|2018-08-06T03:49:49Z|Sunny|+5.5|801.8|92
Melbourne|-37.73,144.91,78|2018-08-07T10:01:36Z|Sunny|+12.6|869.3|44
Melbourne|-37.73,144.91,78|2018-08-08T08:20:21Z|Sunny|+10.4|810.4|78
Melbourne|-37.73,144.91,78|2018-08-09T08:09:12Z|Sunny|+7.3|958.4|47
Melbourne|-37.73,144.91,78|2018-08-10T07:55:46Z|Sunny|+6.6|921.8|84
Melbourne|-37.73,144.91,78|2018-08-11T03:09:04Z|Sunny|+7.7|846.1|56
Melbourne|-37.73,144.91,78|2018-08-12T08:40:05Z|Sunny|+5.9|824.5|88
Melbourne|-37.73,144.91,78|2018-08-13T12:26:18Z|Rain|+13.8|1051.6|35
Melbourne|-37.73,144.91,78|2018-08-14T11:29:41Z|Sunny|+6.6|1009.3|22
Melbourne|-37.73,144.91,78|2018-08-15T07:58:40Z|Rain|+13.6|822.3|67
Melbourne|-37.73,144.91,78|2018-08-16T08:41:44Z|Sunny|+10.2|953.3|27
Melbourne|-37.73,144.91,78|2018-08-17T07:09:25Z|Sunny|+11.3|951.0|8
Melbourne|-37.73,144.91,78|2018-08-18T05:35:23Z|Sunny|+14.2|1057.3|2
Melbourne|-37.73,144.91,78|2018-08-19T09:10:37Z|Sunny|+7.6|834.0|70
Melbourne|-37.73,144.91,78|2018-08-20T01:23:50Z|Sunny|+7.9|886.6|92
Melbourne|-37.73,144.91,78|2018-08-21T13:00:39Z|Sunny|+9.5|863.1|98
Melbourne|-37.73,144.91,78|2018-08-22T12:46:10Z|Sunny|+10.9|927.7|4
Melbourne|-37.73,144.91,78|2018-08-23T04:20:39Z|Sunny|+11.6|1067.8|72
Melbourne|-37.73,144.91,78|2018-08-24T12:42:28Z|Sunny|+14.3|961.3|66
Melbourne|-37.73,144.91,78|2018-08-25T02:35:05Z|Sunny|+14.0|933.3|66
Melbourne|-37.73,144.91,78|2018-08-26T12:34:26Z|Rain|+12.5|897.1|8
Melbourne|-37.73,144.91,78|2018-08-27T10:56:30Z|Sunny|+13.3|1037.2|84
Melbourne|-37.73,144.91,78|2018-08-28T01:15:57Z|Sunny|+10.8|948.8|58
Melbourne|-37.73,144.91,78|2018-08-29T02:02:38Z|Sunny|+12.9|1013.5|17
Melbourne|-37.73,144.91,78|2018-08-30T03:49:22Z|Sunny|+14.4|888.2|66
Melbourne|-37.73,144.91,78|2018-08-31T05:35:16Z|Sunny|+13.5|996.9|9
Melbourne|-37.73,144.91,78|2018-09-01T03:34:20Z|Sunny|+13.7|816.8|50
Melbourne|-37.73,144.91,78|2018-09-02T12:31:13Z|Sunny|+14.2|951.6|42
Melbourne|-37.73,144.91,78|2018-09-03T04:52:05Z|Sunny|+11.6|945.0|82
Melbourne|-37.73,144.91,78|2018-09-04T07:44:08Z|Sunny|+12.5|857.7|59
Melbourne|-37.73,144.91,78|2018-09-05T08:42:33Z|Sunny|+11.8|943.6|60
Melbourne|-37.73,144.91,78|2018-09-06T12:08:29Z|Sunny|+7.9|1099.5|67
Melbourne|-37.73,144.91,78|2018-09-07T04:58:20Z|Sunny|+10.8|1088.6|72
Melbourne|-37.73,144.91,78|2018-09-08T11:55:41Z|Sunny|+14.5|865.9|46
Melbourne|-37.73,144.91,78|2018-09-09T01:46:15Z|Sunny|+9.8|919.6|2
Melbourne|-37.73,144.91,78|2018-09-10T06:16:35Z|Sunny|+14.9|938.9|24
Melbourne|-37.73,144.91,78|2018-09-11T07:50:37Z|Sunny|+12.1|1035.9|95
Melbourne|-37.73,144.91,78|2018-09-12T09:44:16Z|Sunny|+11.9|821.5|90
Melbourne|-37.73,144.91,78|2018-09-13T11:58:08Z|Sunny|+13.7|1059.9|61
Melbourne|-37.73,144.91,78|2018-09-14T01:49:40Z|Sunny|+14.2|893.1|22
Melbourne|-37.73,144.91,78|2018-09-15T11:15:09Z|Sunny|+7.7|1099.7|26
Melbourne|-37.73,144.91,78|2018-09-16T01:36:23Z|Sunny|+10.1|882.9|61
Melbourne|-37.73,144.91,78|2018-09-17T09:28:18Z|Sunny|+11.3|816.2|58
Melbourne|-37.73,144.91,78|2018-09-18T09:35:10Z|Sunny|+9.9|1013.3|2
Melbourne|-37.73,144.91,78|2018-09-19T11:11:45Z|Sunny|+8.1|879.4|73
Melbourne|-37.73,144.91,78|2018-09-20T10:30:14Z|Sunny|+7.5|939.2|92
Melbourne|-37.73,144.91,78|2018-09-21T02:34:08Z|Snow|+8.3|1081.2|95
Melbourne|-37.73,144.91,78|2018-09-22T12:10:03Z|Rain|+14.3|965.5|46
Melbourne|-37.73,144.91,78|2018-09-23T04:32:42Z|Sunny|+14.4|994.2|23
Melbourne|-37.73,144.91,78|2018-09-24T07:45:52Z|Sunny|+14.4|1017.1|74
Melbourne|-37.73,144.91,78|2018-09-25T08:19:50Z|Sunny|+9.5|900.0|58
Melbourne|-37.73,144.91,78|2018-09-26T02:50:04Z|Rain|+8.2|910.3|28
Melbourne|-37.73,144.91,78|2018-09-27T11:19:22Z|Rain|+11.5|1081.0|99
Melbourne|-37.73,144.91,78|2018-09-28T07:00:24Z|Sunny|+12.3|1020.2|94
Melbourne|-37.73,144.91,78|2018-09-29T11:31:19Z|Rain|+10.3|1019.9|29
Melbourne|-37.73,144.91,78|2018-09-30T11:57:20Z|Sunny|+16.0|1037.1|4
Melbourne|-37.73,144.91,78|2018-10-01T12:52:54Z|Sunny|+8.8|1079.2|38
Melbourne|-37.73,144.91,78|2018-10-02T06:13:12Z|Sunny|+15.3|975.9|26
Melbourne|-37.73,144.91,78|2018-10-03T09:44:33Z|Sunny|+9.9|806.5|53
Melbourne|-37.73,144.91,78|2018-10-04T05:34:01Z|Rain|+8.8|1045.6|68
Melbourne|-37.73,144.91,78|2018-10-05T03:17:57Z|Sunny|+10.3|866.7|94
Melbourne|-37.73,144.91,78|2018-10-06T03:56:23Z|Sunny|+18.0|1024.9|39
Melbourne|-37.73,144.91,78|2018-10-07T09:38:11Z|Sunny|+9.3|1091.2|61
Melbourne|-37.73,144.91,78|2018-10-08T04:51:25Z|Sunny|+11.0|950.8|25
Melbourne|-37.73,144.91,78|2018-10-09T12:42:59Z|Rain|+15.4|854.5|39
Melbourne|-37.73,144.91,78|2018-10-10T12:20:08Z|Sunny|+8.6|870.4|10
Melbourne|-37.73,144.91,78|2018-10-11T12:39:01Z|Sunny|+11.2|1044.9|24
Melbourne|-37.73,144.91,78|2018-10-12T02:18:27Z|Sunny|+12.2|1030.7|43
Melbourne|-37.73,144.91,78|2018-10-13T11:18:21Z|Sunny|+17.1|1096.4|30
Melbourne|-37.73,144.91,78|2018-10-14T09:11:26Z|Sunny|+10.6|1011.4|100
Melbourne|-37.73,144.91,78|2018-10-15T03:04:32Z|Sunny|+12.5|963.6|9
Melbourne|-37.73,144.91,78|2018-10-16T03:21:49Z|Sunny|+16.8|1074.7|92
Melbourne|-37.73,144.91,78|2018-10-17T04:09:44Z|Rain|+15.4|954.9|75
Melbourne|-37.73,144.91,78|2018-10-18T01:42:00Z|Sunny|+16.0|1033.2|30
Melbourne|-37.73,144.91,78|2018-10-19T01:42:48Z|Sunny|+14.1|960.7|79
Melbourne|-37.73,144.91,78|2018-10-20T03:51:20Z|Sunny|+10.7|960.4|89
Melbourne|-37.73,144.91,78|2018-10-21T08:18:34Z|Sunny|+12.1|989.8|28
Melbourne|-37.73,144.91,78|2018-10-22T07:47:28Z|Sunny|+16.2|975.3|77
Melbourne|-37.73,144.91,78|2018-10-23T06:25:55Z|Sunny|+17.3|1002.9|1
Melbourne|-37.73,144.91,78|2018-10-24T01:32:00Z|Sunny|+9.0|995.3|16
Melbourne|-37.73,144.91,78|2018-10-25T10:11:31Z|Sunny|+12.7|942.4|56
Melbourne|-37.73,144.91,78|2018-10-26T04:59:06Z|Rain|+9.7|979.2|30
Melbourne|-37.73,144.91,78|2018-10-27T11:59:09Z|Sunny|+15.8|999.4|15
Melbourne|-37.73,144.91,78|2018-10-28T07:24:47Z|Sunny|+13.2|1074.6|67
Melbourne|-37.73,144.91,78|2018-10-29T04:26:43Z|Sunny|+15.2|1001.1|88
Melbourne|-37.73,144.91,78|2018-10-30T10:21:06Z|Sunny|+9.9|941.2|60
Melbourne|-37.73,144.91,78|2018-10-31T12:17:12Z|Sunny|+14.2|818.2|48
Melbourne|-37.73,144.91,78|2018-11-01T11:38:09Z|Sunny|+17.7|887.5|62
Melbourne|-37.73,144.91,78|2018-11-02T03:58:38Z|Sunny|+13.8|815.7|90
Melbourne|-37.73,144.91,78|2018-11-03T03:25:50Z|Rain|+15.7|811.6|35
Melbourne|-37.73,144.91,78|2018-11-04T11:36:50Z|Sunny|+10.2|862.3|94
Melbourne|-37.73,144.91,78|2018-11-05T07:35:57Z|Sunny|+12.4|822.8|25
Melbourne|-37.73,144.91,78|2018-11-06T03:59:15Z|Rain|+15.0|1039.3|13
Melbourne|-37.73,144.91,78|2018-11-07T05:21:40Z|Rain|+11.6|1069.4|29
Melbourne|-37.73,144.91,78|2018-11-08T12:22:51Z|Rain|+9.5|821.1|57
Melbourne|-37.73,144.91,78|2018-11-09T06:12:47Z|Sunny|+17.4|812.5|66
Melbourne|-37.73,144.91,78|2018-11-10T07:17:17Z|Sunny|+20.2|950.9|93
Melbourne|-37.73,144.91,78|2018-11-11T04:22:54Z|Sunny|+10.7|1087.0|49
Melbourne|-37.73,144.91,78|2018-11-12T03:36:27Z|Sunny|+13.2|822.8|70
Melbourne|-37.73,144.91,78|2018-11-13T02:42:20Z|Sunny|+15.6|816.3|69
Melbourne|-37.73,144.91,78|2018-11-14T06:44:37Z|Sunny|+12.8|941.2|9
Melbourne|-37.73,144.91,78|2018-11-15T04:44:14Z|Sunny|+13.5|910.8|8
Melbourne|-37.73,144.91,78|2018-11-16T12:04:06Z|Sunny|+17.2|1026.4|27
Melbourne|-37.73,144.91,78|2018-11-17T11:58:58Z|Sunny|+20.0|803.1|76
Melbourne|-37.73,144.91,78|2018-11-18T06:24:06Z|Sunny|+19.4|961.7|54
Melbourne|-37.73,144.91,78|2018-11-19T08:12:34Z|Sunny|+15.7|820.8|62
Melbourne|-37.73,144.91,78|2018-11-20T12:13:50Z|Sunny|+15.1|913.9|45
Melbourne|-37.73,144.91,78|2018-11-21T06:51:42Z|Sunny|+16.6|837.7|20
Melbourne|-37.73,144.91,78|2018-11-22T03:44:34Z|Sunny|+20.5|945.9|88
Melbourne|-37.73,144.91,78|2018-11-23T05:09:42Z|Sunny|+14.5|986.8|37
Melbourne|-37.73,144.91,78|2018-11-24T11:01:35Z|Rain|+19.7|926.7|55
Melbourne|-37.73,144.91,78|2018-11-25T12:55:49Z|Sunny|+14.7|906.8|28
Melbourne|-37.73,144.91,78|2018-11-26T01:03:07Z|Sunny|+11.4|1079.7|100
Melbourne|-37.73,144.91,78|2018-11-27T06:56:10Z|Sunny|+14.9|1016.6|75
Melbourne|-37.73,144.91,78|2018-11-28T03:18:15Z|Sunny|+12.8|866.3|41
Melbourne|-37.73,144.91,78|2018-11-29T02:35:04Z|Sunny|+17.9|1044.2|74
Melbourne|-37.73,144.91,78|2018-11-30T11:40:27Z|Sunny|+18.6|1039.4|48
Melbourne|-37.73,144.91,78|2018-12-01T11:37:01Z|Sunny|+16.6|1034.8|20
Melbourne|-37.73,144.91,78|2018-12-02T02:36:34Z|Rain|+15.6|813.4|26
Melbourne|-37.73,144.91,78|2018-12-03T12:17:10Z|Sunny|+18.8|883.0|40
Melbourne|-37.73,144.91,78|2018-12-04T11:06:41Z|Sunny|+17.6|973.1|88
Melbourne|-37.73,144.91,78|2018-12-05T05:06:45Z|Sunny|+15.4|958.3|14
Melbourne|-37.73,144.91,78|2018-12-06T09:17:10Z|Sunny|+19.6|1003.4|42
Melbourne|-37.73,144.91,78|2018-12-07T11:08:01Z|Sunny|+13.6|1082.4|91
Melbourne|-37.73,144.91,78|2018-12-08T01:56:06Z|Rain|+14.4|811.5|25
Melbourne|-37.73,144.91,78|2018-12-09T01:47:52Z|Sunny|+12.0|804.1|21
Melbourne|-37.73,144.91,78|2018-12-10T08:09:44Z|Sunny|+16.8|1083.5|1
Melbourne|-37.73,144.91,78|2018-12-11T04:43:59Z|Rain|+17.4|1041.2|80
Melbourne|-37.73,144.91,78|2018-12-12T01:54:07Z|Sunny|+14.0|1002.1|40
Melbourne|-37.73,144.91,78|2018-12-13T11:06:20Z|Sunny|+22.6|948.0|13
Melbourne|-37.73,144.91,78|2018-12-14T02:27:17Z|Sunny|+23.3|831.2|38
Melbourne|-37.73,144.91,78|2018-12-15T04:20:08Z|Rain|+23.6|924.0|81
Melbourne|-37.73,144.91,78|2018-12-16T03:10:16Z|Sunny|+14.8|1091.8|39
Melbourne|-37.73,144.91,78|2018-12-17T09:17:19Z|Sunny|+22.7|964.2|64
Melbourne|-37.73,144.91,78|2018-12-18T06:01:22Z|Sunny|+23.2|858.4|61
Melbourne|-37.73,144.91,78|2018-12-19T04:29:24Z|Sunny|+14.6|888.8|62
Melbourne|-37.73,144.91,78|2018-12-20T04:22:25Z|Sunny|+18.0|1089.1|62
Melbourne|-37.73,144.91,78|2018-12-21T10:23:44Z|Sunny|+20.7|956.5|25
Melbourne|-37.73,144.91,78|2018-12-22T11:09:41Z|Sunny|+14.9|1017.8|97
Melbourne|-37.73,144.91,78|2018-12-23T01:07:46Z|Sunny|+16.2|1007.3|37
Melbourne|-37.73,144.91,78|2018-12-24T01:31:45Z|Sunny|+16.7|936.8|44
Melbourne|-37.73,144.91,78|2018-12-25T11:13:35Z|Sunny|+18.3|830.8|22
Melbourne|-37.73,144.91,78|2018-12-26T08:14:05Z|Sunny|+20.0|1083.5|44
Melbourne|-37.73,144.91,78|2018-12-27T06:45:12Z|Sunny|+13.9|1083.8|39
Melbourne|-37.73,144.91,78|2018-12-28T09:10:02Z|Sunny|+20.7|897.1|25
Melbourne|-37.73,144.91,78|2018-12-29T05:09:54Z|Sunny|+17.2|1021.0|79
Melbourne|-37.73,144.91,78|2018-12-30T07:57:53Z|Sunny|+15.4|1013.0|56
Melbourne|-37.73,144.91,78|2018-12-31T07:29:50Z|Sunny|+15.3|864.0|46
Adelaide|-34.93,138.58,29|2018-01-01T05:28:12Z|Sunny|+25.4|911.4|67
Adelaide|-34.93,138.58,29|2018-01-02T02:41:05Z|Sunny|+25.5|1010.8|77
Adelaide|-34.93,138.58,29|2018-01-03T09:02:40Z|Sunny|+27.0|874.4|16
Adelaide|-34.93,138.58,29|2018-01-04T00:58:39Z|Rain|+21.9|1007.6|37
Adelaide|-34.93,138.58,29|2018-01-05T03:57:28Z|Sunny|+28.1|1055.9|7
Adelaide|-34.93,138.58,29|2018-01-06T11:39:30Z|Sunny|+23.8|829.5|87
Adelaide|-34.93,138.58,29|2018-01-07T04:22:01Z|Sunny|+19.2|938.1|3
Adelaide|-34.93,138.58,29|2018-01-08T02:57:19Z|Sunny|+18.6|908.6|85
Adelaide|-34.93,138.58,29|2018-01-09T05:23:35Z|Sunny|+27.1|1017.0|75
Adelaide|-34.93,138.58,29|2018-01-10T06:19:52Z|Sunny|+20.4|844.2|25
Adelaide|-34.93,138.58,29|2018-01-11T03:09:13Z|Sunny|+28.2|1045.5|98
Adelaide|-34.93,138.58,29|2018-01-12T03:29:39Z|Sunny|+20.5|923.0|56
Adelaide|-34.93,138.58,29|2018-01-13T02:41:54Z|Sunny|+22.9|987.9|71
Adelaide|-34.93,138.58,29|2018-01-14T10:40:20Z|Sunny|+19.0|822.9|52
Adelaide|-34.93,138.58,29|2018-01-15T09:49:25Z|Sunny|+24.4|973.7|40
Adelaide|-34.93,138.58,29|2018-01-16T08:16:10Z|Sunny|+27.2|858.2|55
Adelaide|-34.93,138.58,29|2018-01-17T10:08:50Z|Sunny|+18.6|1002.5|3
Adelaide|-34.93,138.58,29|2018-01-18T07:07:28Z|Sunny|+17.7|908.6|30
Adelaide|-34.93,138.58,29|2018-01-19T06:30:27Z|Sunny|+27.0|883.1|23
Adelaide|-34.93,138.58,29|2018-01-20T08:31:48Z|Sunny|+23.3|998.3|55
Adelaide|-34.93,138.58,29|2018-01-21T06:11:33Z|Sunny|+20.6|1017.9|71
Adelaide|-34.93,138.58,29|2018-01-22T09:48:15Z|Sunny|+24.3|1070.9|10
Adelaide|-34.93,138.58,29|2018-01-23T08:51:08Z|Sunny|+20.6|1033.0|90
Adelaide|-34.93,138.58,29|2018-01-24T08:15:49Z|Sunny|+21.0|986.8|98
Adelaide|-34.93,138.58,29|2018-01-25T08:39:04Z|Sunny|+20.0|897.4|61
Adelaide|-34.93,138.58,29|2018-01-26T05:08:56Z|Sunny|+20.8|905.0|73
Adelaide|-34.93,138.58,29|2018-01-27T12:07:44Z|Sunny|+25.7|853.4|21
Adelaide|-34.93,138.58,29|2018-01-28T08:22:33Z|Sunny|+26.3|1031.0|37
Adelaide|-34.93,138.58,29|2018-01-29T02:00:07Z|Sunny|+17.3|891.0|95
Adelaide|-34.93,138.58,29|2018-01-30T10:39:10Z|Sunny|+21.4|955.1|44
Adelaide|-34.93,138.58,29|2018-01-31T05:17:47Z|Sunny|+18.6|913.3|3
Adelaide|-34.93,138.58,29|2018-02-01T03:21:47Z|Sunny|+25.2|828.6|85
Adelaide|-34.93,138.58,29|2018-02-02T08:55:07Z|Sunny|+26.5|927.8|100
Adelaide|-34.93,138.58,29|2018-02-03T10:25:23Z|Sunny|+26.8|949.5|34
Adelaide|-34.93,138.58,29|2018-02-04T04:20:38Z|Sunny|+23.7|942.5|65
Adelaide|-34.93,138.58,29|2018-02-05T07:03:44Z|Sunny|+21.4|932.0|89
Adelaide|-34.93,138.58,29|2018-02-06T06:43:20Z|Sunny|+17.7|813.7|42
Adelaide|-34.93,138.58,29|2018-02-07T05:48:11Z|Sunny|+19.8|812.3|73
Adelaide|-34.93,138.58,29|2018-02-08T03:30:30Z|Sunny|+19.3|1049.5|66
Adelaide|-34.93,138.58,29|2018-02-09T00:36:03Z|Sunny|+19.4|975.0|84
Adelaide|-34.93,138.58,29|2018-02-10T00:56:51Z|Sunny|+18.5|897.9|24
Adelaide|-34.93,138.58,29|2018-02-11T11:42:06Z|Sunny|+29.0|973.0|77
Adelaide|-34.93,138.58,29|2018-02-12T04:14:56Z|Sunny|+17.4|866.1|51
Adelaide|-34.93,138.58,29|2018-02-13T07:09:31Z|Sunny|+23.3|934.9|96
Adelaide|-34.93,138.58,29|2018-02-14T01:05:10Z|Sunny|+21.7|808.7|12
Adelaide|-34.93,138.58,29|2018-02-15T11:47:15Z|Rain|+23.6|1054.2|97
Adelaide|-34.93,138.58,29|2018-02-16T01:11:05Z|Sunny|+20.8|1030.5|36
Adelaide|-34.93,138.58,29|2018-02-17T09:07:24Z|Sunny|+27.1|1084.9|87
Adelaide|-34.93,138.58,29|2018-02-18T10:17:00Z|Sunny|+28.1|923.6|91
Adelaide|-34.93,138.58,29|2018-02-19T03:36:48Z|Sunny|+26.4|1080.1|80
Adelaide|-34.93,138.58,29|2018-02-20T03:34:30Z|Sunny|+21.8|1011.0|76
Adelaide|-34.93,138.58,29|2018-02-21T08:01:31Z|Sunny|+25.2|1058.6|58
Adelaide|-34.93,138.58,29|2018-02-22T08:10:33Z|Sunny|+26.4|1066.9|41
Adelaide|-34.93,138.58,29|2018-02-23T10:53:17Z|Sunny|+27.0|1046.4|59
Adelaide|-34.93,138.58,29|2018-02-24T02:06:19Z|Sunny|+20.7|1020.8|97
Adelaide|-34.93,138.58,29|2018-02-25T02:51:43Z|Sunny|+24.7|830.0|12
Adelaide|-34.93,138.58,29|2018-02-26T06:10:12Z|Sunny|+16.6|889.0|71
Adelaide|-34.93,138.58,29|2018-02-27T05:43:29Z|Sunny|+16.6|1082.3|39
Adelaide|-34.93,138.58,29|2018-02-28T04:27:21Z|Sunny|+19.4|919.8|9
Adelaide|-34.93,138.58,29|2018-03-01T03:27:52Z|Sunny|+20.6|827.3|50
Adelaide|-34.93,138.58,29|2018-03-02T09:39:56Z|Sunny|+26.4|1071.1|36
Adelaide|-34.93,138.58,29|2018-03-03T07:06:59Z|Sunny|+21.5|985.7|76
Adelaide|-34.93,138.58,29|2018-03-04T04:40:13Z|Sunny|+19.8|922.0|70
Adelaide|-34.93,138.58,29|2018-03-05T01:44:45Z|Rain|+19.2|1084.2|61
Adelaide|-34.93,138.58,29|2018-03-06T07:54:49Z|Sunny|+21.9|1058.3|71
Adelaide|-34.93,138.58,29|2018-03-07T03:01:17Z|Sunny|+23.5|969.7|60
Adelaide|-34.93,138.58,29|2018-03-08T07:55:01Z|Sunny|+17.0|1059.9|53
Adelaide|-34.93,138.58,29|2018-03-09T10:34:48Z|Sunny|+23.1|939.4|56
Adelaide|-34.93,138.58,29|2018-03-10T07:52:52Z|Sunny|+17.6|987.8|34
Adelaide|-34.93,138.58,29|2018-03-11T03:19:04Z|Sunny|+18.2|1075.6|98
Adelaide|-34.93,138.58,29|2018-03-12T08:27:16Z|Sunny|+23.7|952.8|87
Adelaide|-34.93,138.58,29|2018-03-13T06:39:29Z|Sunny|+20.6|960.2|69
Adelaide|-34.93,138.58,29|2018-03-14T10:11:54Z|Sunny|+23.3|986.0|93
Adelaide|-34.93,138.58,29|2018-03-15T07:43:37Z|Sunny|+18.7|980.6|53
Adelaide|-34.93,138.58,29|2018-03-16T01:30:08Z|Sunny|+23.7|1003.2|64
Adelaide|-34.93,138.58,29|2018-03-17T11:28:58Z|Sunny|+24.7|1057.8|41
Adelaide|-34.93,138.58,29|2018-03-18T02:34:51Z|Sunny|+25.2|804.6|44
Adelaide|-34.93,138.58,29|2018-03-19T02:34:34Z|Sunny|+14.8|1056.0|26
Adelaide|-34.93,138.58,29|2018-03-20T08:30:39Z|Sunny|+19.1|846.6|58
Adelaide|-34.93,138.58,29|2018-03-21T08:22:09Z|Sunny|+22.1|1054.2|46
Adelaide|-34.93,138.58,29|2018-03-22T10:20:59Z|Sunny|+18.0|985.3|87
Adelaide|-34.93,138.58,29|2018-03-23T07:21:11Z|Sunny|+22.0|866.2|22
Adelaide|-34.93,138.58,29|2018-03-24T06:33:35Z|Sunny|+20.5|1034.6|60
Adelaide|-34.93,138.58,29|2018-03-25T11:52:49Z|Sunny|+22.2|1022.0|31
Adelaide|-34.93,138.58,29|2018-03-26T03:31:18Z|Sunny|+22.3|976.9|55
Adelaide|-34.93,138.58,29|2018-03-27T09:55:51Z|Sunny|+17.8|995.2|68
Adelaide|-34.93,138.58,29|2018-03-28T12:26:17Z|Sunny|+18.0|922.8|22
Adelaide|-34.93,138.58,29|2018-03-29T07:30:41Z|Sunny|+20.4|1042.4|24
Adelaide|-34.93,138.58,29|2018-03-30T03:39:07Z|Sunny|+19.8|904.6|34
Adelaide|-34.93,138.58,29|2018-03-31T08:38:08Z|Sunny|+21.2|848.2|15
Adelaide|-34.93,138.58,29|2018-04-01T07:31:14Z|Sunny|+23.8|890.0|75
Adelaide|-34.93,138.58,29|2018-04-02T06:23:36Z|Sunny|+21.7|876.3|100
Adelaide|-34.93,138.58,29|2018-04-03T09:20:42Z|Sunny|+23.4|1090.7|83
Adelaide|-34.93,138.58,29|2018-04-04T05:21:02Z|Sunny|+15.0|895.9|28
Adelaide|-34.93,138.58,29|2018-04-05T03:47:03Z|Sunny|+20.2|872.1|32
Adelaide|-34.93,138.58,29|2018-04-06T04:27:06Z|Rain|+22.2|853.5|59
Adelaide|-34.93,138.58,29|2018-04-07T06:45:42Z|Sunny|+17.8|875.0|98
Adelaide|-34.93,138.58,29|2018-04-08T05:34:40Z|Sunny|+17.8|1017.3|22
Adelaide|-34.93,138.58,29|2018-04-09T05:49:14Z|Sunny|+21.5|1029.2|2
Adelaide|-34.93,138.58,29|2018-04-10T10:10:40Z|Sunny|+19.3|1019.5|82
Adelaide|-34.93,138.58,29|2018-04-11T03:50:04Z|Sunny|+17.9|823.3|19
Adelaide|-34.93,138.58,29|2018-04-12T10:11:02Z|Sunny|+22.2|1010.1|44
Adelaide|-34.93,138.58,29|2018-04-13T01:55:48Z|Sunny|+15.5|816.6|13
Adelaide|-34.93,138.58,29|2018-04-14T05:47:44Z|Sunny|+21.2|893.6|65
Adelaide|-34.93,138.58,29|2018-04-15T07:27:04Z|Sunny|+18.7|857.6|20
Adelaide|-34.93,138.58,29|2018-04-16T11:44:22Z|Sunny|+18.8|920.5|45
Adelaide|-34.93,138.58,29|2018-04-17T05:00:46Z|Sunny|+18.7|1009.4|1
Adelaide|-34.93,138.58,29|2018-04-18T06:46:44Z|Sunny|+17.9|1022.1|65
Adelaide|-34.93,138.58,29|2018-04-19T10:27:58Z|Rain|+18.1|868.0|57
Adelaide|-34.93,138.58,29|2018-04-20T02:31:27Z|Sunny|+18.5|878.0|49
Adelaide|-34.93,138.58,29|2018-04-21T03:47:27Z|Sunny|+15.7|985.5|35
Adelaide|-34.93,138.58,29|2018-04-22T11:23:18Z|Rain|+19.4|846.6|55
Adelaide|-34.93,138.58,29|2018-04-23T08:23:01Z|Rain|+16.5|848.6|15
Adelaide|-34.93,138.58,29|2018-04-24T02:56:12Z|Sunny|+17.2|988.9|24
Adelaide|-34.93,138.58,29|2018-04-25T08:10:16Z|Rain|+19.9|1062.5|93
Adelaide|-34.93,138.58,29|2018-04-26T02:08:39Z|Rain|+17.3|1072.6|26
Adelaide|-34.93,138.58,29|2018-04-27T01:06:40Z|Sunny|+16.1|918.4|12
Adelaide|-34.93,138.58,29|2018-04-28T06:25:41Z|Sunny|+19.0|867.1|81
Adelaide|-34.93,138.58,29|2018-04-29T04:34:42Z|Sunny|+17.2|993.8|26
Adelaide|-34.93,138.58,29|2018-04-30T04:09:56Z|Sunny|+12.8|976.3|57
Adelaide|-34.93,138.58,29|2018-05-01T10:23:29Z|Sunny|+13.4|1063.1|35
Adelaide|-34.93,138.58,29|2018-05-02T08:18:33Z|Sunny|+11.9|831.3|53
Adelaide|-34.93,138.58,29|2018-05-03T07:03:04Z|Sunny|+20.0|839.0|93
Adelaide|-34.93,138.58,29|2018-05-04T02:36:18Z|Sunny|+13.0|887.4|86
Adelaide|-34.93,138.58,29|2018-05-05T06:48:21Z|Sunny|+13.9|959.5|46
Adelaide|-34.93,138.58,29|2018-05-06T11:12:46Z|Sunny|+17.0|966.9|75
Adelaide|-34.93,138.58,29|2018-05-07T01:11:21Z|Sunny|+12.3|1088.3|41
Adelaide|-34.93,138.58,29|2018-05-08T11:17:52Z|Sunny|+19.2|983.4|51
Adelaide|-34.93,138.58,29|2018-05-09T08:05:51Z|Sunny|+12.5|886.9|81
Adelaide|-34.93,138.58,29|2018-05-10T09:05:45Z|Sunny|+17.9|1095.2|15
Adelaide|-34.93,138.58,29|2018-05-11T06:47:18Z|Rain|+18.8|983.4|24
Adelaide|-34.93,138.58,29|2018-05-12T06:05:39Z|Sunny|+13.4|867.6|82
Adelaide|-34.93,138.58,29|2018-05-13T09:09:34Z|Sunny|+18.5|1097.7|19
Adelaide|-34.93,138.58,29|2018-05-14T02:59:12Z|Sunny|+12.3|933.8|50
Adelaide|-34.93,138.58,29|2018-05-15T07:33:15Z|Sunny|+11.7|825.5|28
Adelaide|-34.93,138.58,29|2018-05-16T06:30:07Z|Sunny|+17.9|967.3|55
Adelaide|-34.93,138.58,29|2018-05-17T02:46:28Z|Rain|+10.9|884.2|93
Adelaide|-34.93,138.58,29|2018-05-18T05:04:46Z|Sunny|+16.0|962.0|58
Adelaide|-34.93,138.58,29|2018-05-19T01:58:22Z|Sunny|+13.3|937.1|76
Adelaide|-34.93,138.58,29|2018-05-20T10:54:15Z|Sunny|+10.9|1013.1|50
Adelaide|-34.93,138.58,29|2018-05-21T11:36:41Z|Sunny|+14.4|837.0|52
Adelaide|-34.93,138.58,29|2018-05-22T08:07:19Z|Sunny|+13.4|866.1|34
Adelaide|-34.93,138.58,29|2018-05-23T12:11:31Z|Rain|+10.4|1029.4|86
Adelaide|-34.93,138.58,29|2018-05-24T04:36:40Z|Sunny|+15.8|982.5|62
Adelaide|-34.93,138.58,29|2018-05-25T06:53:52Z|Sunny|+11.5|1097.1|26
Adelaide|-34.93,138.58,29|2018-05-26T08:24:37Z|Sunny|+14.9|864.6|79
Adelaide|-34.93,138.58,29|2018-05-27T02:28:43Z|Sunny|+11.5|863.3|23
Adelaide|-34.93,138.58,29|2018-05-28T03:58:32Z|Sunny|+10.2|861.3|81
Adelaide|-34.93,138.58,29|2018-05-29T05:08:02Z|Sunny|+10.2|1093.4|83
Adelaide|-34.93,138.58,29|2018-05-30T11:57:40Z|Sunny|+15.1|834.6|18
Adelaide|-34.93,138.58,29|2018-05-31T06:34:57Z|Rain|+11.6|975.5|30
Adelaide|-34.93,138.58,29|2018-06-01T03:36:05Z|Sunny|+11.5|1052.8|39
Adelaide|-34.93,138.58,29|2018-06-02T06:38:11Z|Sunny|+10.3|855.6|95
Adelaide|-34.93,138.58,29|2018-06-03T09:40:28Z|Sunny|+11.0|1044.0|51
Adelaide|-34.93,138.58,29|2018-06-04T08:20:51Z|Sunny|+13.7|1060.3|31
Adelaide|-34.93,138.58,29|2018-06-05T06:16:33Z|Rain|+14.4|897.4|14
Adelaide|-34.93,138.58,29|2018-06-06T03:59:40Z|Sunny|+12.7|1056.7|11
Adelaide|-34.93,138.58,29|2018-06-07T02:57:08Z|Sunny|+13.0|1039.2|39
Adelaide|-34.93,138.58,29|2018-06-08T07:08:10Z|Sunny|+9.7|1097.4|76
Adelaide|-34.93,138.58,29|2018-06-09T11:11:21Z|Rain|+10.9|972.1|2
Adelaide|-34.93,138.58,29|2018-06-10T06:48:38Z|Rain|+12.2|1073.4|79
Adelaide|-34.93,138.58,29|2018-06-11T03:15:24Z|Sunny|+11.3|951.3|90
Adelaide|-34.93,138.58,29|2018-06-12T06:43:31Z|Sunny|+10.2|916.1|66
Adelaide|-34.93,138.58,29|2018-06-13T01:36:25Z|Rain|+10.9|831.6|7
Adelaide|-34.93,138.58,29|2018-06-14T10:50:10Z|Sunny|+9.3|1014.3|13
Adelaide|-34.93,138.58,29|2018-06-15T04:13:44Z|Sunny|+13.5|980.1|85
Adelaide|-34.93,138.58,29|2018-06-16T09:47:09Z|Sunny|+12.6|884.7|70
Adelaide|-34.93,138.58,29|2018-06-17T10:43:26Z|Sunny|+14.0|1097.5|41
Adelaide|-34.93,138.58,29|2018-06-18T03:51:14Z|Sunny|+14.8|941.8|33
Adelaide|-34.93,138.58,29|2018-06-19T02:50:56Z|Sunny|+11.7|815.2|5
Adelaide|-34.93,138.58,29|2018-06-20T03:42:08Z|Sunny|+14.7|1038.6|41
Adelaide|-34.93,138.58,29|2018-06-21T00:43:03Z|Sunny|+8.6|843.9|60
Adelaide|-34.93,138.58,29|2018-06-22T03:11:45Z|Sunny|+12.8|882.3|13
Adelaide|-34.93,138.58,29|2018-06-23T01:32:12Z|Sunny|+9.5|1066.0|15
Adelaide|-34.93,138.58,29|2018-06-24T03:33:10Z|Sunny|+8.5|1035.9|12
Adelaide|-34.93,138.58,29|2018-06-25T05:08:22Z|Sunny|+12.7|912.4|45
Adelaide|-34.93,138.58,29|2018-06-26T02:49:58Z|Rain|+14.7|807.4|33
Adelaide|-34.93,138.58,29|2018-06-27T02:03:28Z|Sunny|+14.0|832.6|30
Adelaide|-34.93,138.58,29|2018-06-28T04:10:28Z|Rain|+11.3|1041.8|63
Adelaide|-34.93,138.58,29|2018-06-29T09:24:29Z|Sunny|+9.3|1022.3|6
Adelaide|-34.93,138.58,29|2018-06-30T08:04:54Z|Sunny|+14.1|814.5|51
Adelaide|-34.93,138.58,29|2018-07-01T04:22:27Z|Sunny|+8.5|1022.3|10
Adelaide|-34.93,138.58,29|2018-07-02T06:02:55Z|Sunny|+8.1|1093.9|23
Adelaide|-34.93,138.58,29|2018-07-03T08:20:12Z|Sunny|+7.7|895.6|59
Adelaide|-34.93,138.58,29|2018-07-04T06:23:20Z|Sunny|+10.7|847.8|14
Adelaide|-34.93,138.58,29|2018-07-05T02:05:07Z|Sunny|+13.6|1021.3|92
Adelaide|-34.93,138.58,29|2018-07-06T07:02:07Z|Sunny|+13.6|1069.1|61
Adelaide|-34.93,138.58,29|2018-07-07T05:24:13Z|Sunny|+10.9|945.5|99
Adelaide|-34.93,138.58,29|2018-07-08T02:02:54Z|Sunny|+10.9|874.1|50
Adelaide|-34.93,138.58,29|2018-07-09T03:52:57Z|Sunny|+10.0|906.1|93
Adelaide|-34.93,138.58,29|2018-07-10T04:28:38Z|Sunny|+10.5|800.4|32
Adelaide|-34.93,138.58,29|2018-07-11T05:43:24Z|Sunny|+12.3|1099.3|28
Adelaide|-34.93,138.58,29|2018-07-12T02:09:14Z|Sunny|+12.5|836.7|84
Adelaide|-34.93,138.58,29|2018-07-13T12:20:16Z|Sunny|+13.2|1060.1|84
Adelaide|-34.93,138.58,29|2018-07-14T01:58:59Z|Sunny|+10.7|1088.1|44
Adelaide|-34.93,138.58,29|2018-07-15T04:55:55Z|Sunny|+8.1|1004.7|7
Adelaide|-34.93,138.58,29|2018-07-16T06:58:39Z|Sunny|+13.6|820.4|56
Adelaide|-34.93,138.58,29|2018-07-17T03:58:53Z|Sunny|+8.6|962.4|80
Adelaide|-34.93,138.58,29|2018-07-18T07:22:27Z|Sunny|+11.7|939.6|38
Adelaide|-34.93,138.58,29|2018-07-19T07:10:47Z|Sunny|+10.1|820.7|51
Adelaide|-34.93,138.58,29|2018-07-20T06:24:49Z|Sunny|+10.5|927.7|93
Adelaide|-34.93,138.58,29|2018-07-21T04:22:02Z|Sunny|+13.3|857.4|10
Adelaide|-34.93,138.58,29|2018-07-22T04:02:34Z|Sunny|+10.9|815.9|91
Adelaide|-34.93,138.58,29|2018-07-23T10:53:50Z|Sunny|+12.7|991.3|20
Adelaide|-34.93,138.58,29|2018-07-24T06:57:44Z|Sunny|+14.1|926.5|53
Adelaide|-34.93,138.58,29|2018-07-25T07:03:12Z|Sunny|+14.3|1054.7|84
Adelaide|-34.93,138.58,29|2018-07-26T10:25:40Z|Sunny|+8.8|1091.0|72
Adelaide|-34.93,138.58,29|2018-07-27T07:48:54Z|Sunny|+8.0|891.6|91
Adelaide|-34.93,138.58,29|2018-07-28T05:09:23Z|Sunny|+8.4|980.0|34
Adelaide|-34.93,138.58,29|2018-07-29T05:01:52Z|Sunny|+13.2|897.0|68
Adelaide|-34.93,138.58,29|2018-07-30T11:35:17Z|Sunny|+14.6|1087.7|46
Adelaide|-34.93,138.58,29|2018-07-31T08:56:25Z|Sunny|+11.0|985.9|30
Adelaide|-34.93,138.58,29|2018-08-01T01:10:40Z|Sunny|+9.6|1036.9|24
Adelaide|-34.93,138.58,29|2018-08-02T07:27:00Z|Snow|+12.2|871.5|68
Adelaide|-34.93,138.58,29|2018-08-03T08:21:21Z|Sunny|+12.5|1048.4|12
Adelaide|-34.93,138.58,29|2018-08-04T10:22:08Z|Sunny|+10.3|1023.7|23
Adelaide|-34.93,138.58,29|2018-08-05T09:21:37Z|Sunny|+8.9|894.8|79
Adelaide|-34.93,138.58,29|2018-08-06T04:09:46Z|Sunny|+7.9|1072.4|30
Adelaide|-34.93,138.58,29|2018-08-07T10:30:08Z|Rain|+15.3|885.4|40
Adelaide|-34.93,138.58,29|2018-08-08T00:53:33Z|Sunny|+11.3|1077.2|15
Adelaide|-34.93,138.58,29|2018-08-09T02:25:47Z|Sunny|+13.7|940.0|48
Adelaide|-34.93,138.58,29|2018-08-10T06:00:06Z|Rain|+9.9|858.6|31
Adelaide|-34.93,138.58,29|2018-08-11T01:08:25Z|Rain|+10.5|909.2|24
Adelaide|-34.93,138.58,29|2018-08-12T11:19:27Z|Sunny|+15.4|830.2|44
Adelaide|-34.93,138.58,29|2018-08-13T02:39:58Z|Sunny|+11.5|1008.9|7
Adelaide|-34.93,138.58,29|2018-08-14T04:33:24Z|Rain|+14.5|896.6|21
Adelaide|-34.93,138.58,29|2018-08-15T01:11:07Z|Sunny|+14.8|858.8|2
Adelaide|-34.93,138.58,29|2018-08-16T02:51:10Z|Sunny|+9.0|903.9|74
Adelaide|-34.93,138.58,29|2018-08-17T09:26:27Z|Sunny|+8.2|1057.7|22
Adelaide|-34.93,138.58,29|2018-08-18T05:37:46Z|Sunny|+13.7|968.7|55
Adelaide|-34.93,138.58,29|2018-08-19T07:32:48Z|Sunny|+8.2|1089.6|74
Adelaide|-34.93,138.58,29|2018-08-20T06:33:14Z|Sunny|+12.3|999.3|100
Adelaide|-34.93,138.58,29|2018-08-21T03:25:55Z|Rain|+12.4|807.8|76
Adelaide|-34.93,138.58,29|2018-08-22T09:25:35Z|Sunny|+9.9|1099.6|78
Adelaide|-34.93,138.58,29|2018-08-23T00:49:19Z|Sunny|+14.8|857.0|47
Adelaide|-34.93,138.58,29|2018-08-24T10:06:01Z|Rain|+14.6|859.3|95
Adelaide|-34.93,138.58,29|2018-08-25T03:17:41Z|Rain|+10.6|888.4|41
Adelaide|-34.93,138.58,29|2018-08-26T01:35:52Z|Sunny|+15.5|845.0|51
Adelaide|-34.93,138.58,29|2018-08-27T05:59:40Z|Rain|+9.1|896.0|18
Adelaide|-34.93,138.58,29|2018-08-28T07:05:14Z|Sunny|+11.4|1050.7|11
Adelaide|-34.93,138.58,29|2018-08-29T04:08:35Z|Sunny|+16.5|1020.9|53
Adelaide|-34.93,138.58,29|2018-08-30T06:47:16Z|Sunny|+12.6|938.1|87
Adelaide|-34.93,138.58,29|2018-08-31T12:02:03Z|Sunny|+14.4|987.6|36
Adelaide|-34.93,138.58,29|2018-09-01T00:46:51Z|Sunny|+13.1|971.6|17
Adelaide|-34.93,138.58,29|2018-09-02T11:20:12Z|Sunny|+9.2|928.8|20
Adelaide|-34.93,138.58,29|2018-09-03T08:45:40Z|Sunny|+16.0|1082.8|34
Adelaide|-34.93,138.58,29|2018-09-04T01:08:38Z|Sunny|+14.8|1076.2|60
Adelaide|-34.93,138.58,29|2018-09-05T08:44:45Z|Sunny|+15.7|1086.9|32
Adelaide|-34.93,138.58,29|2018-09-06T09:15:29Z|Sunny|+15.4|807.7|13
Adelaide|-34.93,138.58,29|2018-09-07T00:54:49Z|Rain|+15.5|991.4|60
Adelaide|-34.93,138.58,29|2018-09-08T04:23:47Z|Sunny|+12.6|1084.9|39
Adelaide|-34.93,138.58,29|2018-09-09T08:07:50Z|Sunny|+10.1|967.8|42
Adelaide|-34.93,138.58,29|2018-09-10T00:49:20Z|Sunny|+17.9|935.5|1
Adelaide|-34.93,138.58,29|2018-09-11T04:41:48Z|Sunny|+13.3|922.8|29
Adelaide|-34.93,138.58,29|2018-09-12T08:32:10Z|Rain|+13.3|1094.2|44
Adelaide|-34.93,138.58,29|2018-09-13T04:56:16Z|Sunny|+18.0|1098.8|36
Adelaide|-34.93,138.58,29|2018-09-14T09:25:14Z|Sunny|+17.3|1047.6|72
Adelaide|-34.93,138.58,29|2018-09-15T09:00:36Z|Sunny|+11.3|986.0|53
Adelaide|-34.93,138.58,29|2018-09-16T08:33:14Z|Sunny|+9.5|814.9|50
Adelaide|-34.93,138.58,29|2018-09-17T10:40:22Z|Sunny|+17.8|863.1|37
Adelaide|-34.93,138.58,29|2018-09-18T07:55:38Z|Sunny|+12.3|876.3|6
Adelaide|-34.93,138.58,29|2018-09-19T05:09:32Z|Sunny|+18.3|906.4|66
Adelaide|-34.93,138.58,29|2018-09-20T02:50:02Z|Sunny|+14.2|902.7|48
Adelaide|-34.93,138.58,29|2018-09-21T08:14:58Z|Sunny|+12.1|1063.4|97
Adelaide|-34.93,138.58,29|2018-09-22T06:13:35Z|Sunny|+12.8|857.7|71
Adelaide|-34.93,138.58,29|2018-09-23T04:08:45Z|Sunny|+18.7|961.0|8
Adelaide|-34.93,138.58,29|2018-09-24T06:35:30Z|Sunny|+17.4|1084.3|38
Adelaide|-34.93,138.58,29|2018-09-25T11:50:15Z|Sunny|+10.2|851.5|59
Adelaide|-34.93,138.58,29|2018-09-26T01:50:30Z|Sunny|+11.0|933.3|35
Adelaide|-34.93,138.58,29|2018-09-27T05:08:02Z|Sunny|+18.3|1063.3|32
Adelaide|-34.93,138.58,29|2018-09-28T04:55:29Z|Sunny|+17.3|892.2|7
Adelaide|-34.93,138.58,29|2018-09-29T09:44:38Z|Sunny|+12.1|918.7|85
Adelaide|-34.93,138.58,29|2018-09-30T04:00:25Z|Sunny|+11.2|1060.5|83
Adelaide|-34.93,138.58,29|2018-10-01T05:13:04Z|Sunny|+17.5|978.9|8
Adelaide|-34.93,138.58,29|2018-10-02T06:58:36Z|Sunny|+16.9|828.1|9
Adelaide|-34.93,138.58,29|2018-10-03T10:08:20Z|Sunny|+14.5|1034.7|42
Adelaide|-34.93,138.58,29|2018-10-04T08:14:25Z|Sunny|+16.1|904.8|63
Adelaide|-34.93,138.58,29|2018-10-05T08:28:26Z|Sunny|+20.3|1047.0|59
Adelaide|-34.93,138.58,29|2018-10-06T02:55:54Z|Sunny|+16.7|889.1|11
Adelaide|-34.93,138.58,29|2018-10-07T04:09:20Z|Sunny|+13.7|1091.2|39
Adelaide|-34.93,138.58,29|2018-10-08T01:15:47Z|Sunny|+17.0|990.2|96
Adelaide|-34.93,138.58,29|2018-10-09T03:58:11Z|Sunny|+12.1|844.9|93
Adelaide|-34.93,138.58,29|2018-10-10T02:00:37Z|Sunny|+11.8|1098.6|100
Adelaide|-34.93,138.58,29|2018-10-11T03:42:41Z|Sunny|+15.5|956.5|80
Adelaide|-34.93,138.58,29|2018-10-12T05:39:23Z|Sunny|+17.1|994.8|65
Adelaide|-34.93,138.58,29|2018-10-13T11:48:55Z|Sunny|+13.9|818.7|52
Adelaide|-34.93,138.58,29|2018-10-14T10:54:09Z|Sunny|+21.1|812.7|53
Adelaide|-34.93,138.58,29|2018-10-15T00:50:03Z|Sunny|+18.9|824.7|65
Adelaide|-34.93,138.58,29|2018-10-16T04:04:42Z|Sunny|+21.0|938.0|95
Adelaide|-34.93,138.58,29|2018-10-17T12:02:42Z|Sunny|+11.8|1013.6|28
Adelaide|-34.93,138.58,29|2018-10-18T10:15:02Z|Sunny|+19.1|836.9|54
Adelaide|-34.93,138.58,29|2018-10-19T00:57:07Z|Sunny|+21.6|1067.6|15
Adelaide|-34.93,138.58,29|2018-10-20T02:20:09Z|Sunny|+19.4|1050.3|4
Adelaide|-34.93,138.58,29|2018-10-21T01:32:28Z|Sunny|+18.8|1087.7|81
Adelaide|-34.93,138.58,29|2018-10-22T08:50:10Z|Sunny|+21.8|1053.8|21
Adelaide|-34.93,138.58,29|2018-10-23T12:21:03Z|Sunny|+19.4|969.7|27
Adelaide|-34.93,138.58,29|2018-10-24T01:45:14Z|Sunny|+12.1|1028.3|46
Adelaide|-34.93,138.58,29|2018-10-25T08:08:39Z|Sunny|+12.1|1060.9|24
Adelaide|-34.93,138.58,29|2018-10-26T02:32:13Z|Sunny|+13.8|992.4|75
Adelaide|-34.93,138.58,29|2018-10-27T07:23:46Z|Sunny|+15.3|952.8|6
Adelaide|-34.93,138.58,29|2018-10-28T11:02:11Z|Sunny|+15.5|852.0|63
Adelaide|-34.93,138.58,29|2018-10-29T10:03:02Z|Sunny|+12.5|975.4|28
Adelaide|-34.93,138.58,29|2018-10-30T11:33:27Z|Sunny|+14.3|1032.2|51
Adelaide|-34.93,138.58,29|2018-10-31T10:53:31Z|Sunny|+21.7|821.0|74
Adelaide|-34.93,138.58,29|2018-11-01T01:52:16Z|Sunny|+17.3|1059.3|46
Adelaide|-34.93,138.58,29|2018-11-02T10:18:46Z|Sunny|+14.7|1035.9|46
Adelaide|-34.93,138.58,29|2018-11-03T12:29:40Z|Sunny|+21.8|961.2|6
Adelaide|-34.93,138.58,29|2018-11-04T11:11:31Z|Sunny|+22.6|863.1|93
Adelaide|-34.93,138.58,29|2018-11-05T08:57:08Z|Sunny|+19.5|809.3|17
Adelaide|-34.93,138.58,29|2018-11-06T05:53:04Z|Sunny|+18.4|1000.5|28
Adelaide|-34.93,138.58,29|2018-11-07T08:56:23Z|Sunny|+22.3|1094.1|76
Adelaide|-34.93,138.58,29|2018-11-08T10:02:12Z|Sunny|+15.1|840.0|37
Adelaide|-34.93,138.58,29|2018-11-09T01:45:52Z|Sunny|+13.4|920.4|50
Adelaide|-34.93,138.58,29|2018-11-10T06:49:33Z|Sunny|+22.2|1077.8|68
Adelaide|-34.93,138.58,29|2018-11-11T10:24:35Z|Rain|+22.8|840.2|12
Adelaide|-34.93,138.58,29|2018-11-12T11:15:47Z|Rain|+13.8|812.6|67
Adelaide|-34.93,138.58,29|2018-11-13T07:18:54Z|Sunny|+18.8|1065.5|24
Adelaide|-34.93,138.58,29|2018-11-14T05:30:10Z|Rain|+14.0|912.5|69
Adelaide|-34.93,138.58,29|2018-11-15T06:51:51Z|Rain|+20.6|1076.5|60
Adelaide|-34.93,138.58,29|2018-11-16T02:03:20Z|Sunny|+18.7|895.3|2
Adelaide|-34.93,138.58,29|2018-11-17T05:57:12Z|Sunny|+22.6|926.0|87
Adelaide|-34.93,138.58,29|2018-11-18T10:51:23Z|Rain|+20.1|913.8|31
Adelaide|-34.93,138.58,29|2018-11-19T01:37:40Z|Sunny|+18.6|844.5|66
Adelaide|-34.93,138.58,29|2018-11-20T01:28:51Z|Sunny|+21.8|1051.1|24
Adelaide|-34.93,138.58,29|2018-11-21T03:26:51Z|Sunny|+20.8|1006.7|55
Adelaide|-34.93,138.58,29|2018-11-22T11:02:07Z|Sunny|+21.5|934.4|90
Adelaide|-34.93,138.58,29|2018-11-23T05:24:54Z|Sunny|+20.0|884.0|51
Adelaide|-34.93,138.58,29|2018-11-24T09:07:34Z|Sunny|+24.6|806.5|60
Adelaide|-34.93,138.58,29|2018-11-25T11:12:44Z|Rain|+22.5|968.8|85
Adelaide|-34.93,138.58,29|2018-11-26T09:03:15Z|Sunny|+24.9|988.1|43
Adelaide|-34.93,138.58,29|2018-11-27T07:18:18Z|Rain|+22.3|874.0|3
Adelaide|-34.93,138.58,29|2018-11-28T12:28:00Z|Sunny|+20.7|848.6|42
Adelaide|-34.93,138.58,29|2018-11-29T05:23:05Z|Rain|+18.2|932.5|44
Adelaide|-34.93,138.58,29|2018-11-30T08:51:58Z|Sunny|+24.5|953.5|30
Adelaide|-34.93,138.58,29|2018-12-01T04:25:33Z|Rain|+14.7|1061.5|21
Adelaide|-34.93,138.58,29|2018-12-02T09:40:27Z|Sunny|+21.9|831.5|56
Adelaide|-34.93,138.58,29|2018-12-03T08:25:04Z|Sunny|+20.9|995.8|36
Adelaide|-34.93,138.58,29|2018-12-04T07:43:16Z|Sunny|+21.1|1078.7|18
Adelaide|-34.93,138.58,29|2018-12-05T11:40:55Z|Sunny|+16.3|1097.7|19
Adelaide|-34.93,138.58,29|2018-12-06T04:52:00Z|Rain|+22.2|1076.2|19
Adelaide|-34.93,138.58,29|2018-12-07T11:54:37Z|Sunny|+18.8|846.6|21
Adelaide|-34.93,138.58,29|2018-12-08T07:07:14Z|Rain|+16.1|1018.7|44
Adelaide|-34.93,138.58,29|2018-12-09T12:20:05Z|Sunny|+21.5|871.0|31
Adelaide|-34.93,138.58,29|2018-12-10T04:50:38Z|Rain|+19.0|1057.7|37
Adelaide|-34.93,138.58,29|2018-12-11T00:57:18Z|Sunny|+22.3|821.0|85
Adelaide|-34.93,138.58,29|2018-12-12T02:16:37Z|Sunny|+20.0|880.5|13
Adelaide|-34.93,138.58,29|2018-12-13T04:25:48Z|Sunny|+20.4|951.1|8
Adelaide|-34.93,138.58,29|2018-12-14T00:44:27Z|Sunny|+23.9|954.2|34
Adelaide|-34.93,138.58,29|2018-12-15T08:22:25Z|Sunny|+24.9|1077.3|1
Adelaide|-34.93,138.58,29|2018-12-16T04:34:27Z|Sunny|+22.5|1056.1|20
Adelaide|-34.93,138.58,29|2018-12-17T05:34:35Z|Sunny|+22.8|1010.1|74
Adelaide|-34.93,138.58,29|2018-12-18T05:48:57Z|Sunny|+25.5|1003.6|8
Adelaide|-34.93,138.58,29|2018-12-19T07:58:24Z|Sunny|+21.3|913.3|17
Adelaide|-34.93,138.58,29|2018-12-20T06:20:56Z|Sunny|+26.8|912.3|79
Adelaide|-34.93,138.58,29|2018-12-21T02:17:16Z|Sunny|+25.1|823.4|92
Adelaide|-34.93,138.58,29|2018-12-22T09:36:15Z|Rain|+17.6|848.4|49
Adelaide|-34.93,138.58,29|2018-12-23T00:33:47Z|Sunny|+21.9|1047.7|33
Adelaide|-34.93,138.58,29|2018-12-24T07:15:42Z|Sunny|+27.8|875.1|29
Adelaide|-34.93,138.58,29|2018-12-25T09:47:08Z|Sunny|+22.4|1070.6|10
Adelaide|-34.93,138.58,29|2018-12-26T08:39:40Z|Sunny|+24.1|854.9|57
Adelaide|-34.93,138.58,29|2018-12-27T09:16:36Z|Sunny|+20.2|974.3|40
Adelaide|-34.93,138.58,29|2018-12-28T09:30:36Z|Sunny|+24.1|842.4|37
Adelaide|-34.93,138.58,29|2018-12-29T04:42:06Z|Sunny|+19.0|909.4|30
Adelaide|-34.93,138.58,29|2018-12-30T02:38:12Z|Sunny|+18.3|820.5|87
Adelaide|-34.93,138.58,29|2018-12-31T06:39:42Z|Sunny|+22.8|886.8|4
Sydney|-33.86,151.2,39|2018-01-01T02:15:23Z|Sunny|+19.4|962.8|75
Sydney|-33.86,151.2,39|2018-01-02T09:38:36Z|Sunny|+23.1|1073.8|50
Sydney|-33.86,151.2,39|2018-01-03T01:20:02Z|Sunny|+22.0|812.0|42
Sydney|-33.86,151.2,39|2018-01-04T08:51:18Z|Sunny|+24.6|923.0|2
Sydney|-33.86,151.2,39|2018-01-05T06:18:00Z|Sunny|+19.5|1091.9|80
Sydney|-33.86,151.2,39|2018-01-06T09:23:50Z|Sunny|+24.2|964.4|18
Sydney|-33.86,151.2,39|2018-01-07T12:14:05Z|Sunny|+22.4|986.0|19
Sydney|-33.86,151.2,39|2018-01-08T11:59:52Z|Sunny|+25.2|883.9|70
Sydney|-33.86,151.2,39|2018-01-09T11:40:15Z|Rain|+24.2|812.2|76
Sydney|-33.86,151.2,39|2018-01-10T04:53:05Z|Rain|+19.4|1023.9|95
Sydney|-33.86,151.2,39|2018-01-11T06:53:17Z|Sunny|+19.9|875.5|85
Sydney|-33.86,151.2,39|2018-01-12T05:16:31Z|Sunny|+20.4|949.9|76
Sydney|-33.86,151.2,39|2018-01-13T08:23:02Z|Sunny|+23.2|828.3|77
Sydney|-33.86,151.2,39|2018-01-14T09:06:04Z|Sunny|+19.3|882.8|55
Sydney|-33.86,151.2,39|2018-01-15T01:53:10Z|Sunny|+20.2|1016.6|4
Sydney|-33.86,151.2,39|2018-01-16T05:29:24Z|Sunny|+19.1|874.0|40
Sydney|-33.86,151.2,39|2018-01-17T11:37:34Z|Sunny|+20.6|962.3|69
Sydney|-33.86,151.2,39|2018-01-18T02:02:21Z|Sunny|+19.2|942.8|48
Sydney|-33.86,151.2,39|2018-01-19T12:54:20Z|Sunny|+19.6|811.9|47
Sydney|-33.86,151.2,39|2018-01-20T06:29:47Z|Rain|+21.2|857.1|35
Sydney|-33.86,151.2,39|2018-01-21T01:20:56Z|Sunny|+21.1|1053.0|74
Sydney|-33.86,151.2,39|2018-01-22T12:33:28Z|Sunny|+21.3|804.8|35
Sydney|-33.86,151.2,39|2018-01-23T06:03:36Z|Sunny|+19.2|845.8|57
Sydney|-33.86,151.2,39|2018-01-24T09:22:23Z|Sunny|+22.0|1058.7|90
Sydney|-33.86,151.2,39|2018-01-25T04:45:18Z|Sunny|+22.2|852.5|93
Sydney|-33.86,151.2,39|2018-01-26T07:04:19Z|Sunny|+20.8|1016.9|34
Sydney|-33.86,151.2,39|2018-01-27T01:49:06Z|Rain|+22.1|955.0|4
Sydney|-33.86,151.2,39|2018-01-28T11:54:52Z|Sunny|+22.2|888.6|94
Sydney|-33.86,151.2,39|2018-01-29T07:19:49Z|Sunny|+25.7|928.1|17
Sydney|-33.86,151.2,39|2018-01-30T04:47:15Z|Sunny|+22.8|1021.2|25
Sydney|-33.86,151.2,39|2018-01-31T09:37:36Z|Sunny|+20.5|921.9|6
Sydney|-33.86,151.2,39|2018-02-01T11:28:10Z|Sunny|+21.3|984.6|16
Sydney|-33.86,151.2,39|2018-02-02T06:29:19Z|Sunny|+22.5|927.1|87
Sydney|-33.86,151.2,39|2018-02-03T05:41:25Z|Sunny|+22.9|976.0|26
Sydney|-33.86,151.2,39|2018-02-04T07:29:09Z|Rain|+21.8|993.6|98
Sydney|-33.86,151.2,39|2018-02-05T09:01:02Z|Sunny|+25.8|868.6|100
Sydney|-33.86,151.2,39|2018-02-06T12:19:19Z|Sunny|+20.6|878.9|1
Sydney|-33.86,151.2,39|2018-02-07T07:15:35Z|Sunny|+20.3|850.3|65
Sydney|-33.86,151.2,39|2018-02-08T10:32:50Z|Sunny|+21.9|898.6|80
Sydney|-33.86,151.2,39|2018-02-09T07:14:48Z|Rain|+24.9|827.7|78
Sydney|-33.86,151.2,39|2018-02-10T03:14:02Z|Sunny|+23.3|815.3|34
Sydney|-33.86,151.2,39|2018-02-11T01:30:51Z|Sunny|+22.8|960.2|4
Sydney|-33.86,151.2,39|2018-02-12T04:15:37Z|Sunny|+22.2|953.0|85
Sydney|-33.86,151.2,39|2018-02-13T03:56:34Z|Sunny|+20.6|866.2|86
Sydney|-33.86,151.2,39|2018-02-14T01:20:12Z|Sunny|+20.0|917.6|60
Sydney|-33.86,151.2,39|2018-02-15T12:21:04Z|Sunny|+24.5|915.4|39
Sydney|-33.86,151.2,39|2018-02-16T09:40:42Z|Sunny|+25.9|914.7|15
Sydney|-33.86,151.2,39|2018-02-17T01:50:50Z|Sunny|+25.0|815.2|19
Sydney|-33.86,151.2,39|2018-02-18T09:47:30Z|Sunny|+21.3|965.2|28
Sydney|-33.86,151.2,39|2018-02-19T07:23:44Z|Sunny|+23.7|908.8|86
Sydney|-33.86,151.2,39|2018-02-20T09:50:00Z|Rain|+25.7|975.4|14
Sydney|-33.86,151.2,39|2018-02-21T07:36:45Z|Sunny|+25.8|1034.2|91
Sydney|-33.86,151.2,39|2018-02-22T08:04:11Z|Sunny|+25.3|882.0|46
Sydney|-33.86,151.2,39|2018-02-23T11:21:50Z|Sunny|+21.2|873.9|60
Sydney|-33.86,151.2,39|2018-02-24T02:55:05Z|Sunny|+24.1|1079.9|16
Sydney|-33.86,151.2,39|2018-02-25T11:31:24Z|Sunny|+20.5|970.3|8
Sydney|-33.86,151.2,39|2018-02-26T06:54:17Z|Sunny|+23.5|983.8|65
Sydney|-33.86,151.2,39|2018-02-27T11:33:50Z|Sunny|+19.9|1010.1|98
Sydney|-33.86,151.2,39|2018-02-28T04:33:17Z|Sunny|+19.0|841.6|16
Sydney|-33.86,151.2,39|2018-03-01T12:42:35Z|Rain|+20.4|929.2|36
Sydney|-33.86,151.2,39|2018-03-02T03:07:51Z|Sunny|+22.2|886.5|14
Sydney|-33.86,151.2,39|2018-03-03T01:10:14Z|Sunny|+20.6|1054.4|31
Sydney|-33.86,151.2,39|2018-03-04T01:07:49Z|Sunny|+21.0|865.4|47
Sydney|-33.86,151.2,39|2018-03-05T12:32:08Z|Sunny|+24.0|1048.9|52
Sydney|-33.86,151.2,39|2018-03-06T05:46:58Z|Sunny|+21.3|1025.7|1
Sydney|-33.86,151.2,39|2018-03-07T03:19:02Z|Sunny|+23.0|1005.8|57
Sydney|-33.86,151.2,39|2018-03-08T04:55:58Z|Sunny|+25.3|909.9|34
Sydney|-33.86,151.2,39|2018-03-09T05:38:32Z|Sunny|+22.6|1069.8|94
Sydney|-33.86,151.2,39|2018-03-10T08:07:41Z|Sunny|+24.9|948.4|8
Sydney|-33.86,151.2,39|2018-03-11T02:47:48Z|Sunny|+20.3|975.6|9
Sydney|-33.86,151.2,39|2018-03-12T11:59:20Z|Sunny|+20.5|972.0|7
Sydney|-33.86,151.2,39|2018-03-13T05:17:22Z|Rain|+24.6|939.9|35
Sydney|-33.86,151.2,39|2018-03-14T10:00:04Z|Sunny|+18.8|937.3|47
Sydney|-33.86,151.2,39|2018-03-15T03:31:11Z|Sunny|+24.7|934.1|92
Sydney|-33.86,151.2,39|2018-03-16T03:34:46Z|Sunny|+24.5|862.7|59
Sydney|-33.86,151.2,39|2018-03-17T04:00:54Z|Sunny|+24.2|1038.7|22
Sydney|-33.86,151.2,39|2018-03-18T10:14:33Z|Rain|+21.3|1039.2|28
Sydney|-33.86,151.2,39|2018-03-19T06:08:31Z|Sunny|+19.6|921.9|70
Sydney|-33.86,151.2,39|2018-03-20T04:57:04Z|Sunny|+23.0|967.1|55
Sydney|-33.86,151.2,39|2018-03-21T10:28:41Z|Sunny|+18.0|1073.7|40
Sydney|-33.86,151.2,39|2018-03-22T09:11:20Z|Sunny|+19.0|811.8|97
Sydney|-33.86,151.2,39|2018-03-23T09:18:15Z|Sunny|+24.3|1086.4|13
Sydney|-33.86,151.2,39|2018-03-24T08:16:44Z|Sunny|+17.2|1019.7|15
Sydney|-33.86,151.2,39|2018-03-25T12:52:08Z|Sunny|+20.4|1089.8|1
Sydney|-33.86,151.2,39|2018-03-26T09:02:16Z|Sunny|+23.1|874.6|11
Sydney|-33.86,151.2,39|2018-03-27T10:13:18Z|Sunny|+20.0|1068.5|69
Sydney|-33.86,151.2,39|2018-03-28T12:31:27Z|Sunny|+21.2|820.1|52
Sydney|-33.86,151.2,39|2018-03-29T09:34:41Z|Rain|+18.2|1050.8|34
Sydney|-33.86,151.2,39|2018-03-30T06:57:53Z|Sunny|+20.5|1039.3|68
Sydney|-33.86,151.2,39|2018-03-31T11:45:50Z|Sunny|+23.7|934.1|64
Sydney|-33.86,151.2,39|2018-04-01T02:12:48Z|Sunny|+21.2|826.3|84
Sydney|-33.86,151.2,39|2018-04-02T04:31:46Z|Sunny|+23.1|986.9|75
Sydney|-33.86,151.2,39|2018-04-03T04:42:52Z|Sunny|+22.9|962.0|27
Sydney|-33.86,151.2,39|2018-04-04T05:08:19Z|Rain|+23.3|983.8|88
Sydney|-33.86,151.2,39|2018-04-05T05:22:58Z|Rain|+19.9|805.9|22
Sydney|-33.86,151.2,39|2018-04-06T05:44:17Z|Sunny|+16.4|879.8|2
Sydney|-33.86,151.2,39|2018-04-07T11:10:29Z|Sunny|+23.1|1051.5|20
Sydney|-33.86,151.2,39|2018-04-08T10:47:20Z|Rain|+17.6|903.5|96
Sydney|-33.86,151.2,39|2018-04-09T08:51:39Z|Sunny|+19.8|987.2|89
Sydney|-33.86,151.2,39|2018-04-10T07:59:40Z|Sunny|+19.2|1075.0|84
Sydney|-33.86,151.2,39|2018-04-11T04:45:42Z|Sunny|+18.5|944.2|55
Sydney|-33.86,151.2,39|2018-04-12T08:20:12Z|Sunny|+17.9|925.6|32
Sydney|-33.86,151.2,39|2018-04-13T07:06:38Z|Sunny|+18.5|903.8|88
Sydney|-33.86,151.2,39|2018-04-14T02:13:28Z|Rain|+22.4|947.5|26
Sydney|-33.86,151.2,39|2018-04-15T04:16:22Z|Sunny|+20.0|1055.8|44
Sydney|-33.86,151.2,39|2018-04-16T09:45:56Z|Sunny|+15.0|894.0|70
Sydney|-33.86,151.2,39|2018-04-17T07:11:44Z|Sunny|+18.8|821.3|52
Sydney|-33.86,151.2,39|2018-04-18T09:07:19Z|Sunny|+18.1|1050.7|83
Sydney|-33.86,151.2,39|2018-04-19T10:31:55Z|Sunny|+14.6|988.3|15
Sydney|-33.86,151.2,39|2018-04-20T12:31:42Z|Sunny|+19.2|990.6|15
Sydney|-33.86,151.2,39|2018-04-21T12:09:36Z|Sunny|+20.3|954.8|18
Sydney|-33.86,151.2,39|2018-04-22T04:42:05Z|Rain|+17.5|1003.4|30
Sydney|-33.86,151.2,39|2018-04-23T09:43:54Z|Sunny|+21.0|979.6|94
Sydney|-33.86,151.2,39|2018-04-24T10:48:48Z|Rain|+20.0|1039.3|41
Sydney|-33.86,151.2,39|2018-04-25T02:13:12Z|Sunny|+14.2|899.6|75
Sydney|-33.86,151.2,39|2018-04-26T04:21:56Z|Sunny|+20.6|812.1|92
Sydney|-33.86,151.2,39|2018-04-27T11:00:26Z|Sunny|+18.8|1015.7|9
Sydney|-33.86,151.2,39|2018-04-28T03:09:06Z|Sunny|+16.1|850.4|95
Sydney|-33.86,151.2,39|2018-04-29T07:10:14Z|Sunny|+18.9|1066.9|97
Sydney|-33.86,151.2,39|2018-04-30T01:17:04Z|Rain|+20.0|856.5|58
Sydney|-33.86,151.2,39|2018-05-01T10:26:03Z|Sunny|+17.5|823.0|26
Sydney|-33.86,151.2,39|2018-05-02T09:46:27Z|Rain|+14.9|980.2|48
Sydney|-33.86,151.2,39|2018-05-03T07:15:38Z|Sunny|+15.1|1095.8|37
Sydney|-33.86,151.2,39|2018-05-04T01:44:20Z|Sunny|+20.6|1005.3|63
Sydney|-33.86,151.2,39|2018-05-05T08:09:10Z|Sunny|+19.5|953.3|85
Sydney|-33.86,151.2,39|2018-05-06T01:03:49Z|Sunny|+15.9|939.8|59
Sydney|-33.86,151.2,39|2018-05-07T08:06:12Z|Sunny|+14.5|1042.4|74
Sydney|-33.86,151.2,39|2018-05-08T09:53:07Z|Sunny|+15.9|1094.3|4
Sydney|-33.86,151.2,39|2018-05-09T07:58:56Z|Sunny|+20.0|916.1|51
Sydney|-33.86,151.2,39|2018-05-10T10:44:51Z|Sunny|+19.0|1000.1|50
Sydney|-33.86,151.2,39|2018-05-11T07:37:47Z|Sunny|+19.1|1058.2|96
Sydney|-33.86,151.2,39|2018-05-12T11:42:45Z|Sunny|+15.0|931.1|95
Sydney|-33.86,151.2,39|2018-05-13T05:21:24Z|Sunny|+18.8|1022.7|69
Sydney|-33.86,151.2,39|2018-05-14T07:55:05Z|Sunny|+16.9|1034.3|86
Sydney|-33.86,151.2,39|2018-05-15T06:23:07Z|Sunny|+16.5|857.2|85
Sydney|-33.86,151.2,39|2018-05-16T01:46:20Z|Sunny|+19.4|910.8|7
Sydney|-33.86,151.2,39|2018-05-17T02:26:14Z|Sunny|+17.3|1036.6|11
Sydney|-33.86,151.2,39|2018-05-18T10:25:45Z|Sunny|+18.8|978.7|4
Sydney|-33.86,151.2,39|2018-05-19T04:57:09Z|Sunny|+18.1|1008.6|59
Sydney|-33.86,151.2,39|2018-05-20T02:34:15Z|Rain|+11.3|859.0|47
Sydney|-33.86,151.2,39|2018-05-21T09:46:34Z|Sunny|+15.7|897.5|13
Sydney|-33.86,151.2,39|2018-05-22T10:19:17Z|Sunny|+18.0|936.1|96
Sydney|-33.86,151.2,39|2018-05-23T10:29:00Z|Sunny|+17.5|835.9|81
Sydney|-33.86,151.2,39|2018-05-24T02:16:12Z|Rain|+11.5|825.7|12
Sydney|-33.86,151.2,39|2018-05-25T02:08:39Z|Sunny|+13.8|1095.7|63
Sydney|-33.86,151.2,39|2018-05-26T04:40:07Z|Rain|+13.6|862.8|89
Sydney|-33.86,151.2,39|2018-05-27T02:17:17Z|Sunny|+14.6|881.5|83
Sydney|-33.86,151.2,39|2018-05-28T09:17:39Z|Sunny|+12.7|927.4|39
Sydney|-33.86,151.2,39|2018-05-29T08:04:08Z|Rain|+14.0|892.0|99
Sydney|-33.86,151.2,39|2018-05-30T04:54:54Z|Sunny|+18.1|1065.0|32
Sydney|-33.86,151.2,39|2018-05-31T10:15:00Z|Rain|+15.2|1096.5|9
Sydney|-33.86,151.2,39|2018-06-01T03:16:15Z|Sunny|+13.3|1012.7|85
Sydney|-33.86,151.2,39|2018-06-02T04:09:53Z|Sunny|+13.8|960.1|48
Sydney|-33.86,151.2,39|2018-06-03T10:08:39Z|Sunny|+15.6|809.5|85
Sydney|-33.86,151.2,39|2018-06-04T03:52:09Z|Sunny|+12.3|1058.7|5
Sydney|-33.86,151.2,39|2018-06-05T07:58:35Z|Sunny|+12.0|839.0|2
Sydney|-33.86,151.2,39|2018-06-06T04:44:33Z|Sunny|+16.7|1058.2|88
Sydney|-33.86,151.2,39|2018-06-07T08:32:25Z|Sunny|+16.0|934.1|39
Sydney|-33.86,151.2,39|2018-06-08T08:33:57Z|Sunny|+15.7|1099.7|41
Sydney|-33.86,151.2,39|2018-06-09T12:13:05Z|Sunny|+15.6|889.4|38
Sydney|-33.86,151.2,39|2018-06-10T10:27:04Z|Sunny|+16.8|886.9|42
Sydney|-33.86,151.2,39|2018-06-11T01:51:28Z|Sunny|+13.2|862.5|12
Sydney|-33.86,151.2,39|2018-06-12T08:36:12Z|Sunny|+16.8|842.9|12
Sydney|-33.86,151.2,39|2018-06-13T04:10:55Z|Rain|+16.4|1088.1|68
Sydney|-33.86,151.2,39|2018-06-14T09:26:25Z|Sunny|+13.2|895.9|9
Sydney|-33.86,151.2,39|2018-06-15T04:23:46Z|Sunny|+13.4|981.4|69
Sydney|-33.86,151.2,39|2018-06-16T09:08:41Z|Sunny|+13.1|984.6|47
Sydney|-33.86,151.2,39|2018-06-17T07:19:23Z|Sunny|+11.6|1004.2|94
Sydney|-33.86,151.2,39|2018-06-18T10:36:03Z|Sunny|+11.2|935.5|38
Sydney|-33.86,151.2,39|2018-06-19T10:35:06Z|Sunny|+15.8|933.4|25
Sydney|-33.86,151.2,39|2018-06-20T03:38:22Z|Sunny|+13.2|893.8|90
Sydney|-33.86,151.2,39|2018-06-21T08:55:50Z|Sunny|+15.6|1066.6|85
Sydney|-33.86,151.2,39|2018-06-22T05:48:40Z|Rain|+11.5|926.8|27
Sydney|-33.86,151.2,39|2018-06-23T01:09:41Z|Sunny|+16.3|1049.9|34
Sydney|-33.86,151.2,39|2018-06-24T11:13:13Z|Sunny|+12.3|867.4|83
Sydney|-33.86,151.2,39|2018-06-25T08:24:49Z|Sunny|+8.9|946.0|100
Sydney|-33.86,151.2,39|2018-06-26T10:42:43Z|Sunny|+14.0|844.0|45
Sydney|-33.86,151.2,39|2018-06-27T12:18:40Z|Sunny|+10.6|876.2|31
Sydney|-33.86,151.2,39|2018-06-28T04:46:40Z|Sunny|+9.0|1018.7|36
Sydney|-33.86,151.2,39|2018-06-29T09:00:15Z|Rain|+11.2|979.7|69
Sydney|-33.86,151.2,39|2018-06-30T09:59:11Z|Sunny|+10.7|818.7|5
Sydney|-33.86,151.2,39|2018-07-01T10:35:58Z|Sunny|+13.8|956.3|7
Sydney|-33.86,151.2,39|2018-07-02T06:18:19Z|Sunny|+10.1|1027.1|64
Sydney|-33.86,151.2,39|2018-07-03T02:35:37Z|Sunny|+12.8|852.9|75
Sydney|-33.86,151.2,39|2018-07-04T09:31:04Z|Sunny|+9.3|839.1|61
Sydney|-33.86,151.2,39|2018-07-05T02:54:43Z|Sunny|+14.2|844.8|13
Sydney|-33.86,151.2,39|2018-07-06T08:46:23Z|Sunny|+12.0|838.7|65
Sydney|-33.86,151.2,39|2018-07-07T04:13:48Z|Sunny|+14.8|951.1|69
Sydney|-33.86,151.2,39|2018-07-08T06:26:27Z|Sunny|+15.5|951.3|42
Sydney|-33.86,151.2,39|2018-07-09T04:58:55Z|Sunny|+15.7|1006.3|39
Sydney|-33.86,151.2,39|2018-07-10T02:40:33Z|Sunny|+13.7|1076.7|53
Sydney|-33.86,151.2,39|2018-07-11T09:06:16Z|Sunny|+12.5|938.4|97
Sydney|-33.86,151.2,39|2018-07-12T04:41:00Z|Sunny|+8.3|1076.2|21
Sydney|-33.86,151.2,39|2018-07-13T07:26:24Z|Sunny|+15.7|1004.1|12
Sydney|-33.86,151.2,39|2018-07-14T04:00:28Z|Sunny|+11.7|918.7|83
Sydney|-33.86,151.2,39|2018-07-15T05:17:18Z|Sunny|+14.9|964.8|32
Sydney|-33.86,151.2,39|2018-07-16T07:43:40Z|Sunny|+16.0|1039.1|27
Sydney|-33.86,151.2,39|2018-07-17T08:46:30Z|Sunny|+8.6|1070.9|32
Sydney|-33.86,151.2,39|2018-07-18T05:37:16Z|Sunny|+9.2|1043.0|13
Sydney|-33.86,151.2,39|2018-07-19T10:36:48Z|Sunny|+11.5|827.4|53
Sydney|-33.86,151.2,39|2018-07-20T08:56:30Z|Sunny|+11.7|919.9|24
Sydney|-33.86,151.2,39|2018-07-21T12:19:45Z|Sunny|+14.3|1018.1|27
Sydney|-33.86,151.2,39|2018-07-22T04:23:26Z|Sunny|+13.1|1091.4|60
Sydney|-33.86,151.2,39|2018-07-23T06:02:02Z|Sunny|+15.8|934.9|38
Sydney|-33.86,151.2,39|2018-07-24T02:32:24Z|Sunny|+15.6|978.2|80
Sydney|-33.86,151.2,39|2018-07-25T03:11:35Z|Rain|+11.2|825.6|73
Sydney|-33.86,151.2,39|2018-07-26T02:27:38Z|Sunny|+12.1|819.9|6
Sydney|-33.86,151.2,39|2018-07-27T07:57:54Z|Rain|+10.4|1017.1|45
Sydney|-33.86,151.2,39|2018-07-28T03:23:55Z|Sunny|+13.9|938.0|61
Sydney|-33.86,151.2,39|2018-07-29T05:44:49Z|Sunny|+12.7|1017.9|22
Sydney|-33.86,151.2,39|2018-07-30T11:17:24Z|Sunny|+12.8|936.8|8
Sydney|-33.86,151.2,39|2018-07-31T09:16:44Z|Sunny|+9.2|924.1|1
Sydney|-33.86,151.2,39|2018-08-01T05:54:12Z|Sunny|+14.9|933.3|20
Sydney|-33.86,151.2,39|2018-08-02T08:36:34Z|Sunny|+16.5|897.4|87
Sydney|-33.86,151.2,39|2018-08-03T11:17:50Z|Sunny|+10.7|1028.0|37
Sydney|-33.86,151.2,39|2018-08-04T06:17:09Z|Sunny|+17.0|834.5|6
Sydney|-33.86,151.2,39|2018-08-05T10:08:55Z|Sunny|+15.4|918.2|19
Sydney|-33.86,151.2,39|2018-08-06T05:01:24Z|Rain|+9.9|884.9|96
Sydney|-33.86,151.2,39|2018-08-07T04:16:13Z|Sunny|+10.4|847.7|25
Sydney|-33.86,151.2,39|2018-08-08T03:05:55Z|Sunny|+14.7|824.2|32
Sydney|-33.86,151.2,39|2018-08-09T10:37:01Z|Sunny|+15.3|1024.7|58
Sydney|-33.86,151.2,39|2018-08-10T04:17:53Z|Sunny|+13.8|813.9|94
Sydney|-33.86,151.2,39|2018-08-11T10:16:56Z|Sunny|+10.2|828.3|53
Sydney|-33.86,151.2,39|2018-08-12T03:11:06Z|Rain|+12.0|996.7|55
Sydney|-33.86,151.2,39|2018-08-13T06:27:37Z|Sunny|+17.3|947.8|37
Sydney|-33.86,151.2,39|2018-08-14T12:42:57Z|Sunny|+12.5|841.8|29
Sydney|-33.86,151.2,39|2018-08-15T01:35:45Z|Sunny|+10.9|936.1|60
Sydney|-33.86,151.2,39|2018-08-16T06:26:24Z|Sunny|+13.7|919.3|21
Sydney|-33.86,151.2,39|2018-08-17T05:45:41Z|Sunny|+18.0|1015.9|20
Sydney|-33.86,151.2,39|2018-08-18T09:47:55Z|Sunny|+12.2|950.3|32
Sydney|-33.86,151.2,39|2018-08-19T07:05:38Z|Sunny|+18.1|961.3|51
Sydney|-33.86,151.2,39|2018-08-20T02:22:12Z|Sunny|+17.3|1023.3|50
Sydney|-33.86,151.2,39|2018-08-21T09:35:57Z|Sunny|+11.9|995.2|53
Sydney|-33.86,151.2,39|2018-08-22T10:22:58Z|Sunny|+13.8|1095.9|26
Sydney|-33.86,151.2,39|2018-08-23T09:31:05Z|Sunny|+12.1|885.2|78
Sydney|-33.86,151.2,39|2018-08-24T02:56:04Z|Sunny|+17.5|954.7|76
Sydney|-33.86,151.2,39|2018-08-25T12:45:15Z|Sunny|+10.3|908.7|100
Sydney|-33.86,151.2,39|2018-08-26T09:22:48Z|Sunny|+17.2|1059.2|67
Sydney|-33.86,151.2,39|2018-08-27T10:52:58Z|Sunny|+10.0|994.9|6
Sydney|-33.86,151.2,39|2018-08-28T06:32:43Z|Sunny|+15.2|948.9|76
Sydney|-33.86,151.2,39|2018-08-29T11:38:51Z|Sunny|+12.4|817.6|47
Sydney|-33.86,151.2,39|2018-08-30T10:46:19Z|Sunny|+12.8|995.2|55
Sydney|-33.86,151.2,39|2018-08-31T01:58:48Z|Sunny|+16.6|847.3|88
Sydney|-33.86,151.2,39|2018-09-01T05:34:49Z|Sunny|+12.1|900.6|88
Sydney|-33.86,151.2,39|2018-09-02T10:59:39Z|Sunny|+16.1|923.8|78
Sydney|-33.86,151.2,39|2018-09-03T05:27:06Z|Sunny|+12.9|1037.0|52
Sydney|-33.86,151.2,39|2018-09-04T01:35:18Z|Sunny|+17.8|979.7|97
Sydney|-33.86,151.2,39|2018-09-05T04:01:15Z|Sunny|+16.9|923.6|33
Sydney|-33.86,151.2,39|2018-09-06T07:31:39Z|Rain|+14.0|950.5|45
Sydney|-33.86,151.2,39|2018-09-07T11:54:52Z|Sunny|+14.6|814.8|41
Sydney|-33.86,151.2,39|2018-09-08T01:08:43Z|Sunny|+12.9|1067.4|3
Sydney|-33.86,151.2,39|2018-09-09T03:57:06Z|Rain|+13.5|925.5|21
Sydney|-33.86,151.2,39|2018-09-10T08:57:42Z|Sunny|+10.8|950.9|2
Sydney|-33.86,151.2,39|2018-09-11T06:25:13Z|Sunny|+13.3|1085.0|76
Sydney|-33.86,151.2,39|2018-09-12T05:49:00Z|Sunny|+18.7|897.6|1
Sydney|-33.86,151.2,39|2018-09-13T09:48:37Z|Sunny|+16.7|1025.3|83
Sydney|-33.86,151.2,39|2018-09-14T05:23:21Z|Sunny|+15.0|844.8|29
Sydney|-33.86,151.2,39|2018-09-15T08:13:08Z|Sunny|+15.2|1030.7|77
Sydney|-33.86,151.2,39|2018-09-16T10:29:26Z|Rain|+14.8|806.5|73
Sydney|-33.86,151.2,39|2018-09-17T05:38:18Z|Sunny|+18.1|1061.5|84
Sydney|-33.86,151.2,39|2018-09-18T08:07:15Z|Sunny|+15.1|887.2|68
Sydney|-33.86,151.2,39|2018-09-19T08:12:12Z|Sunny|+19.1|1083.4|58
Sydney|-33.86,151.2,39|2018-09-20T02:55:24Z|Sunny|+19.8|900.2|100
Sydney|-33.86,151.2,39|2018-09-21T11:02:02Z|Rain|+15.2|893.2|61
Sydney|-33.86,151.2,39|2018-09-22T09:45:43Z|Sunny|+12.2|1013.0|80
Sydney|-33.86,151.2,39|2018-09-23T05:52:38Z|Sunny|+18.4|908.8|18
Sydney|-33.86,151.2,39|2018-09-24T04:03:19Z|Sunny|+15.8|1099.0|69
Sydney|-33.86,151.2,39|2018-09-25T06:18:48Z|Sunny|+17.4|1004.6|35
Sydney|-33.86,151.2,39|2018-09-26T11:31:59Z|Sunny|+17.5|1023.8|18
Sydney|-33.86,151.2,39|2018-09-27T02:15:25Z|Sunny|+17.4|836.8|90
Sydney|-33.86,151.2,39|2018-09-28T04:35:08Z|Sunny|+18.5|839.6|34
Sydney|-33.86,151.2,39|2018-09-29T04:45:09Z|Rain|+19.4|979.0|23
Sydney|-33.86,151.2,39|2018-09-30T05:05:38Z|Sunny|+14.1|1071.9|100
Sydney|-33.86,151.2,39|2018-10-01T10:43:49Z|Sunny|+14.0|1021.0|13
Sydney|-33.86,151.2,39|2018-10-02T04:21:53Z|Sunny|+14.7|815.0|78
Sydney|-33.86,151.2,39|2018-10-03T10:41:14Z|Sunny|+20.2|1031.5|50
Sydney|-33.86,151.2,39|2018-10-04T06:49:29Z|Sunny|+16.1|876.0|18
Sydney|-33.86,151.2,39|2018-10-05T04:56:39Z|Sunny|+16.4|1016.6|7
Sydney|-33.86,151.2,39|2018-10-06T06:48:33Z|Sunny|+15.8|1083.0|28
Sydney|-33.86,151.2,39|2018-10-07T03:50:12Z|Sunny|+18.8|889.5|66
Sydney|-33.86,151.2,39|2018-10-08T12:59:42Z|Sunny|+14.3|1067.9|42
Sydney|-33.86,151.2,39|2018-10-09T10:04:46Z|Sunny|+20.9|853.3|66
Sydney|-33.86,151.2,39|2018-10-10T01:09:52Z|Rain|+19.3|908.6|62
Sydney|-33.86,151.2,39|2018-10-11T01:02:19Z|Sunny|+17.4|849.1|23
Sydney|-33.86,151.2,39|2018-10-12T09:00:49Z|Sunny|+16.2|1082.0|62
Sydney|-33.86,151.2,39|2018-10-13T08:56:28Z|Sunny|+17.9|811.6|7
Sydney|-33.86,151.2,39|2018-10-14T05:16:22Z|Sunny|+14.7|972.3|86
Sydney|-33.86,151.2,39|2018-10-15T02:31:54Z|Sunny|+20.1|1055.0|7
Sydney|-33.86,151.2,39|2018-10-16T12:05:46Z|Sunny|+15.6|1057.0|10
Sydney|-33.86,151.2,39|2018-10-17T08:09:07Z|Sunny|+21.0|934.3|55
Sydney|-33.86,151.2,39|2018-10-18T12:08:06Z|Sunny|+20.4|807.8|77
Sydney|-33.86,151.2,39|2018-10-19T04:06:44Z|Sunny|+20.3|971.5|83
Sydney|-33.86,151.2,39|2018-10-20T04:31:55Z|Sunny|+14.1|1027.6|51
Sydney|-33.86,151.2,39|2018-10-21T10:22:35Z|Sunny|+15.1|1065.3|63
Sydney|-33.86,151.2,39|2018-10-22T04:56:01Z|Sunny|+21.3|1060.1|94
Sydney|-33.86,151.2,39|2018-10-23T11:48:56Z|Sunny|+15.0|977.3|65
Sydney|-33.86,151.2,39|2018-10-24T07:11:42Z|Sunny|+18.5|922.0|49
Sydney|-33.86,151.2,39|2018-10-25T04:25:48Z|Sunny|+16.6|938.2|73
Sydney|-33.86,151.2,39|2018-10-26T09:44:02Z|Sunny|+22.2|961.9|51
Sydney|-33.86,151.2,39|2018-10-27T06:47:14Z|Sunny|+15.5|1068.4|55
Sydney|-33.86,151.2,39|2018-10-28T10:09:38Z|Sunny|+15.5|1004.5|91
Sydney|-33.86,151.2,39|2018-10-29T01:29:21Z|Rain|+16.2|992.6|11
Sydney|-33.86,151.2,39|2018-10-30T08:16:45Z|Rain|+20.6|852.3|1
Sydney|-33.86,151.2,39|2018-10-31T03:01:28Z|Sunny|+21.6|993.3|8
Sydney|-33.86,151.2,39|2018-11-01T07:03:13Z|Sunny|+21.1|963.9|46
Sydney|-33.86,151.2,39|2018-11-02T08:40:54Z|Sunny|+18.2|1037.8|77
Sydney|-33.86,151.2,39|2018-11-03T01:52:10Z|Sunny|+16.9|918.9|32
Sydney|-33.86,151.2,39|2018-11-04T03:21:43Z|Sunny|+17.7|913.6|81
Sydney|-33.86,151.2,39|2018-11-05T09:55:07Z|Sunny|+16.4|919.2|21
Sydney|-33.86,151.2,39|2018-11-06T09:46:22Z|Sunny|+23.3|872.6|56
Sydney|-33.86,151.2,39|2018-11-07T09:34:09Z|Sunny|+23.1|823.4|83
Sydney|-33.86,151.2,39|2018-11-08T08:35:59Z|Rain|+20.5|1066.5|11
Sydney|-33.86,151.2,39|2018-11-09T02:28:30Z|Sunny|+15.5|1048.1|40
Sydney|-33.86,151.2,39|2018-11-10T10:29:05Z|Sunny|+22.0|963.5|37
Sydney|-33.86,151.2,39|2018-11-11T03:58:20Z|Sunny|+21.2|1042.8|38
Sydney|-33.86,151.2,39|2018-11-12T04:52:13Z|Sunny|+23.5|1005.4|52
Sydney|-33.86,151.2,39|2018-11-13T11:36:59Z|Sunny|+22.2|908.1|62
Sydney|-33.86,151.2,39|2018-11-14T03:40:36Z|Sunny|+21.2|999.3|92
Sydney|-33.86,151.2,39|2018-11-15T07:31:21Z|Sunny|+16.2|868.1|34
Sydney|-33.86,151.2,39|2018-11-16T12:25:13Z|Sunny|+19.9|957.5|3
Sydney|-33.86,151.2,39|2018-11-17T11:25:09Z|Sunny|+17.3|842.6|6
Sydney|-33.86,151.2,39|2018-11-18T05:25:08Z|Sunny|+23.2|935.4|99
Sydney|-33.86,151.2,39|2018-11-19T04:19:52Z|Sunny|+23.1|1067.0|47
Sydney|-33.86,151.2,39|2018-11-20T06:45:34Z|Sunny|+23.5|1046.6|21
Sydney|-33.86,151.2,39|2018-11-21T04:37:26Z|Sunny|+22.4|1047.9|16
Sydney|-33.86,151.2,39|2018-11-22T03:46:09Z|Rain|+16.4|967.9|23
Sydney|-33.86,151.2,39|2018-11-23T01:31:14Z|Sunny|+22.7|837.1|58
Sydney|-33.86,151.2,39|2018-11-24T05:16:39Z|Sunny|+22.6|985.4|78
Sydney|-33.86,151.2,39|2018-11-25T11:11:56Z|Sunny|+19.2|1052.3|1
Sydney|-33.86,151.2,39|2018-11-26T09:02:10Z|Sunny|+18.5|1081.5|55
Sydney|-33.86,151.2,39|2018-11-27T01:51:23Z|Sunny|+18.5|829.0|15
Sydney|-33.86,151.2,39|2018-11-28T08:11:34Z|Sunny|+20.0|833.5|1
Sydney|-33.86,151.2,39|2018-11-29T04:42:35Z|Sunny|+20.4|1042.4|71
Sydney|-33.86,151.2,39|2018-11-30T07:42:09Z|Sunny|+23.9|1091.8|51
Sydney|-33.86,151.2,39|2018-12-01T05:01:39Z|Sunny|+16.8|912.8|24
Sydney|-33.86,151.2,39|2018-12-02T09:09:30Z|Sunny|+19.1|1075.1|25
Sydney|-33.86,151.2,39|2018-12-03T02:24:24Z|Sunny|+16.8|1092.4|44
Sydney|-33.86,151.2,39|2018-12-04T02:27:59Z|Sunny|+21.5|977.6|45
Sydney|-33.86,151.2,39|2018-12-05T03:05:28Z|Rain|+22.8|1057.6|50
Sydney|-33.86,151.2,39|2018-12-06T01:32:59Z|Sunny|+20.3|962.8|83
Sydney|-33.86,151.2,39|2018-12-07T08:32:14Z|Rain|+24.5|943.1|17
Sydney|-33.86,151.2,39|2018-12-08T06:58:26Z|Sunny|+17.4|879.4|2
Sydney|-33.86,151.2,39|2018-12-09T01:39:30Z|Sunny|+19.2|833.0|89
Sydney|-33.86,151.2,39|2018-12-10T08:12:09Z|Sunny|+19.2|1005.0|59
Sydney|-33.86,151.2,39|2018-12-11T09:13:56Z|Sunny|+22.8|967.5|46
Sydney|-33.86,151.2,39|2018-12-12T09:23:01Z|Rain|+19.9|1080.4|40
Sydney|-33.86,151.2,39|2018-12-13T08:21:12Z|Sunny|+18.8|887.1|47
Sydney|-33.86,151.2,39|2018-12-14T02:04:19Z|Sunny|+18.9|804.5|60
Sydney|-33.86,151.2,39|2018-12-15T09:23:48Z|Sunny|+23.1|859.5|86
Sydney|-33.86,151.2,39|2018-12-16T03:28:33Z|Sunny|+20.8|857.7|86
Sydney|-33.86,151.2,39|2018-12-17T10:53:17Z|Sunny|+24.1|940.0|21
Sydney|-33.86,151.2,39|2018-12-18T03:13:04Z|Rain|+24.2|802.2|63
Sydney|-33.86,151.2,39|2018-12-19T10:24:54Z|Sunny|+18.0|810.3|12
Sydney|-33.86,151.2,39|2018-12-20T11:40:11Z|Rain|+25.1|941.8|31
Sydney|-33.86,151.2,39|2018-12-21T12:08:05Z|Sunny|+22.8|1083.4|21
Sydney|-33.86,151.2,39|2018-12-22T03:25:54Z|Sunny|+18.2|1090.3|78
Sydney|-33.86,151.2,39|2018-12-23T01:13:07Z|Rain|+22.4|997.0|75
Sydney|-33.86,151.2,39|2018-12-24T08:15:29Z|Sunny|+20.9|905.8|100
Sydney|-33.86,151.2,39|2018-12-25T04:57:52Z|Sunny|+25.1|980.3|34
Sydney|-33.86,151.2,39|2018-12-26T11:19:30Z|Sunny|+25.1|1002.2|73
Sydney|-33.86,151.2,39|2018-12-27T08:51:50Z|Sunny|+21.3|930.3|41
Sydney|-33.86,151.2,39|2018-12-28T06:37:39Z|Sunny|+21.2|882.6|44
Sydney|-33.86,151.2,39|2018-12-29T09:16:39Z|Sunny|+22.9|1049.6|34
Sydney|-33.86,151.2,39|2018-12-30T12:50:28Z|Sunny|+23.1|960.4|66
Sydney|-33.86,151.2,39|2018-12-31T02:51:04Z|Sunny|+24.4|978.6|79
