Melbourne|-37.73,144.91,78|2018-01-01T08:00:50Z|Sunny|+17.7|980.7|63
Melbourne|-37.73,144.91,78|2018-01-02T02:19:58Z|Sunny|+21.4|987.8|61
Melbourne|-37.73,144.91,78|2018-01-03T06:09:08Z|Sunny|+13.6|1070.0|43
Melbourne|-37.73,144.91,78|2018-01-04T05:00:11Z|Sunny|+20.7|1068.1|60
Melbourne|-37.73,144.91,78|2018-01-05T01:43:44Z|Sunny|+20.3|1049.1|40
Melbourne|-37.73,144.91,78|2018-01-06T08:02:25Z|Sunny|+18.0|991.5|32
Melbourne|-37.73,144.91,78|2018-01-07T04:55:17Z|Sunny|+17.5|865.4|71
Melbourne|-37.73,144.91,78|2018-01-08T11:26:02Z|Sunny|+16.7|804.7|98
Melbourne|-37.73,144.91,78|2018-01-09T08:54:21Z|Sunny|+22.9|1004.5|27
Melbourne|-37.73,144.91,78|2018-01-10T01:04:03Z|Sunny|+18.5|830.2|48
Melbourne|-37.73,144.91,78|2018-01-11T07:52:52Z|Sunny|+14.2|1069.6|51
Melbourne|-37.73,144.91,78|2018-01-12T02:50:34Z|Sunny|+24.9|873.0|44
Melbourne|-37.73,144.91,78|2018-01-13T01:40:47Z|Sunny|+22.9|825.3|15
Melbourne|-37.73,144.91,78|2018-01-14T02:29:02Z|Sunny|+20.4|807.5|40
Melbourne|-37.73,144.91,78|2018-01-15T06:47:06Z|Sunny|+21.6|964.9|32
Melbourne|-37.73,144.91,78|2018-01-16T07:16:40Z|Sunny|+21.7|828.5|23
Melbourne|-37.73,144.91,78|2018-01-17T09:38:08Z|Sunny|+23.4|1010.0|64
Melbourne|-37.73,144.91,78|2018-01-18T07:03:27Z|Sunny|+15.9|981.1|54
Melbourne|-37.73,144.91,78|2018-01-19T06:47:42Z|Sunny|+24.4|1075.8|43
Melbourne|-37.73,144.91,78|2018-01-20T09:48:40Z|Sunny|+21.0|861.8|49
Melbourne|-37.73,144.91,78|2018-01-21T02:47:13Z|Sunny|+23.2|994.6|99
Melbourne|-37.73,144.91,78|2018-01-22T12:39:02Z|Rain|+21.2|839.3|34
Melbourne|-37.73,144.91,78|2018-01-23T07:56:37Z|Sunny|+17.4|887.3|41
Melbourne|-37.73,144.91,78|2018-01-24T01:51:06Z|Rain|+16.2|1097.8|7
Melbourne|-37.73,144.91,78|2018-01-25T12:29:03Z|Sunny|+20.7|809.1|5
Melbourne|-37.73,144.91,78|2018-01-26T12:22:35Z|Sunny|+27.6|825.7|68
Melbourne|-37.73,144.91,78|2018-01-27T05:27:25Z|Rain|+16.1|951.2|79
Melbourne|-37.73,144.91,78|2018-01-28T05:51:45Z|Rain|+16.2|829.8|34
Melbourne|-37.73,144.91,78|2018-01-29T04:23:43Z|Sunny|+19.4|971.5|28
Melbourne|-37.73,144.91,78|2018-01-30T11:46:21Z|Sunny|+16.0|835.6|69
Melbourne|-37.73,144.91,78|2018-01-31T11:37:12Z|Sunny|+26.2|1054.1|31
Melbourne|-37.73,144.91,78|2018-02-01T05:40:00Z|Sunny|+18.7|886.0|81
Melbourne|-37.73,144.91,78|2018-02-02T08:58:07Z|Sunny|+24.9|899.5|49
Melbourne|-37.73,144.91,78|2018-02-03T05:36:30Z|Sunny|+22.9|1088.5|94
Melbourne|-37.73,144.91,78|2018-02-04T05:23:43Z|Sunny|+25.5|945.7|66
Melbourne|-37.73,144.91,78|2018-02-05T11:22:07Z|Rain|+25.0|1008.3|76
Melbourne|-37.73,144.91,78|2018-02-06T10:29:15Z|Rain|+18.8|895.5|75
Melbourne|-37.73,144.91,78|2018-02-07T06:42:59Z|Sunny|+20.6|978.0|67
Melbourne|-37.73,144.91,78|2018-02-08T02:33:30Z|Sunny|+21.5|803.9|84
Melbourne|-37.73,144.91,78|2018-02-09T08:34:35Z|Sunny|+15.2|1031.8|68
Melbourne|-37.73,144.91,78|2018-02-10T02:23:07Z|Sunny|+23.9|810.6|52
Melbourne|-37.73,144.91,78|2018-02-11T06:37:34Z|Sunny|+25.1|1077.1|6
Melbourne|-37.73,144.91,78|2018-02-12T09:06:02Z|Sunny|+14.3|930.1|26
Melbourne|-37.73,144.91,78|2018-02-13T11:56:26Z|Sunny|+23.1|857.3|4
Melbourne|-37.73,144.91,78|2018-02-14T01:17:24Z|Sunny|+20.7|828.5|48
Melbourne|-37.73,144.91,78|2018-02-15T05:44:46Z|Sunny|+18.1|848.5|9
Melbourne|-37.73,144.91,78|2018-02-16T03:53:23Z|Rain|+23.2|826.7|79
Melbourne|-37.73,144.91,78|2018-02-17T08:53:02Z|Sunny|+21.0|936.9|54
Melbourne|-37.73,144.91,78|2018-02-18T11:54:14Z|Sunny|+22.7|1010.0|62
Melbourne|-37.73,144.91,78|2018-02-19T10:16:27Z|Sunny|+22.8|882.6|26
Melbourne|-37.73,144.91,78|2018-02-20T05:38:33Z|Sunny|+20.2|904.3|14
Melbourne|-37.73,144.91,78|2018-02-21T07:17:06Z|Sunny|+16.1|843.8|34
Melbourne|-37.73,144.91,78|2018-02-22T09:35:21Z|Sunny|+18.8|984.8|74
Melbourne|-37.73,144.91,78|2018-02-23T10:14:01Z|Sunny|+22.6|993.8|1
Melbourne|-37.73,144.91,78|2018-02-24T01:02:03Z|Sunny|+24.5|1023.1|69
Melbourne|-37.73,144.91,78|2018-02-25T04:20:07Z|Sunny|+16.2|966.8|84
Melbourne|-37.73,144.91,78|2018-02-26T09:29:00Z|Sunny|+13.9|1041.6|6
Melbourne|-37.73,144.91,78|2018-02-27T08:40:20Z|Sunny|+15.3|1052.0|48
Melbourne|-37.73,144.91,78|2018-02-28T01:06:39Z|Sunny|+22.4|936.3|43
Melbourne|-37.73,144.91,78|2018-03-01T06:59:31Z|Sunny|+23.7|964.9|69
Melbourne|-37.73,144.91,78|2018-03-02T03:54:32Z|Sunny|+19.8|961.0|40
Melbourne|-37.73,144.91,78|2018-03-03T09:29:01Z|Sunny|+15.1|1031.6|23
Melbourne|-37.73,144.91,78|2018-03-04T13:00:23Z|Sunny|+20.1|1096.7|25
Melbourne|-37.73,144.91,78|2018-03-05T04:58:21Z|Sunny|+25.1|999.8|85
Melbourne|-37.73,144.91,78|2018-03-06T12:26:08Z|Sunny|+18.8|954.8|41
Melbourne|-37.73,144.91,78|2018-03-07T07:28:43Z|Sunny|+23.8|1035.2|90
Melbourne|-37.73,144.91,78|2018-03-08T03:18:51Z|Sunny|+18.2|1020.5|20
Melbourne|-37.73,144.91,78|2018-03-09T02:20:04Z|Rain|+22.5|977.6|10
Melbourne|-37.73,144.91,78|2018-03-10T03:51:44Z|Sunny|+22.8|935.5|67
Melbourne|-37.73,144.91,78|2018-03-11T08:26:07Z|Sunny|+14.0|995.0|93
Melbourne|-37.73,144.91,78|2018-03-12T10:04:31Z|Sunny|+15.8|1094.1|52
Melbourne|-37.73,144.91,78|2018-03-13T01:25:33Z|Sunny|+17.7|845.4|9
Melbourne|-37.73,144.91,78|2018-03-14T10:23:18Z|Sunny|+13.9|965.1|98
Melbourne|-37.73,144.91,78|2018-03-15T02:38:55Z|Sunny|+20.1|803.2|43
Melbourne|-37.73,144.91,78|2018-03-16T06:23:37Z|Sunny|+20.0|1053.8|86
Melbourne|-37.73,144.91,78|2018-03-17T05:32:29Z|Sunny|+15.5|893.9|41
Melbourne|-37.73,144.91,78|2018-03-18T09:55:35Z|Sunny|+13.8|845.7|4
Melbourne|-37.73,144.91,78|2018-03-19T05:49:57Z|Sunny|+20.0|974.3|10
Melbourne|-37.73,144.91,78|2018-03-20T02:39:50Z|Sunny|+16.4|1086.3|15
Melbourne|-37.73,144.91,78|2018-03-21T03:12:41Z|Sunny|+13.5|857.6|59
Melbourne|-37.73,144.91,78|2018-03-22T12:11:55Z|Sunny|+20.3|1018.2|9
Melbourne|-37.73,144.91,78|2018-03-23T08:05:49Z|Rain|+13.0|955.1|90
Melbourne|-37.73,144.91,78|2018-03-24T07:13:05Z|Sunny|+21.4|1061.1|93
Melbourne|-37.73,144.91,78|2018-03-25T07:57:05Z|Sunny|+16.7|1096.4|16
Melbourne|-37.73,144.91,78|2018-03-26T10:30:57Z|Sunny|+22.0|814.6|85
Melbourne|-37.73,144.91,78|2018-03-27T07:21:32Z|Sunny|+15.2|1050.6|42
Melbourne|-37.73,144.91,78|2018-03-28T01:46:07Z|Sunny|+18.1|986.5|100
Melbourne|-37.73,144.91,78|2018-03-29T01:29:20Z|Sunny|+17.6|930.5|78
Melbourne|-37.73,144.91,78|2018-03-30T02:12:59Z|Sunny|+19.8|1013.9|36
Melbourne|-37.73,144.91,78|2018-03-31T12:17:47Z|Sunny|+19.3|1093.3|64
Melbourne|-37.73,144.91,78|2018-04-01T03:17:06Z|Sunny|+17.3|852.6|10
Melbourne|-37.73,144.91,78|2018-04-02T05:29:29Z|Sunny|+18.9|839.1|49
Melbourne|-37.73,144.91,78|2018-04-03T02:29:38Z|Sunny|+19.5|944.2|67
Melbourne|-37.73,144.91,78|2018-04-04T08:29:50Z|Sunny|+12.7|874.0|4
Melbourne|-37.73,144.91,78|2018-04-05T11:29:29Z|Sunny|+16.9|1021.4|51
Melbourne|-37.73,144.91,78|2018-04-06T12:36:29Z|Sunny|+17.1|1066.5|2
Melbourne|-37.73,144.91,78|2018-04-07T07:18:47Z|Rain|+15.9|1070.1|49
Melbourne|-37.73,144.91,78|2018-04-08T03:09:24Z|Sunny|+19.2|855.9|74
Melbourne|-37.73,144.91,78|2018-04-09T06:48:16Z|Sunny|+13.0|926.1|14
Melbourne|-37.73,144.91,78|2018-04-10T11:04:28Z|Sunny|+13.0|872.7|55
Melbourne|-37.73,144.91,78|2018-04-11T12:11:38Z|Rain|+13.5|1017.6|82
Melbourne|-37.73,144.91,78|2018-04-12T12:39:44Z|Sunny|+11.3|869.1|8
Melbourne|-37.73,144.91,78|2018-04-13T04:20:31Z|Sunny|+19.6|833.4|59
Melbourne|-37.73,144.91,78|2018-04-14T03:49:45Z|Rain|+16.5|933.3|74
Melbourne|-37.73,144.91,78|2018-04-15T04:58:02Z|Sunny|+12.9|1016.8|40
Melbourne|-37.73,144.91,78|2018-04-16T07:03:46Z|Sunny|+19.9|849.6|64
Melbourne|-37.73,144.91,78|2018-04-17T12:22:05Z|Sunny|+15.5|960.7|24
Melbourne|-37.73,144.91,78|2018-04-18T08:03:39Z|Rain|+14.5|819.3|38
Melbourne|-37.73,144.91,78|2018-04-19T04:32:50Z|Sunny|+19.5|934.0|67
Melbourne|-37.73,144.91,78|2018-04-20T10:41:50Z|Sunny|+15.7|877.0|22
Melbourne|-37.73,144.91,78|2018-04-21T07:08:25Z|Sunny|+12.7|814.6|36
Melbourne|-37.73,144.91,78|2018-04-22T12:23:35Z|Sunny|+13.2|1063.3|53
Melbourne|-37.73,144.91,78|2018-04-23T05:15:45Z|Sunny|+18.6|835.9|56
Melbourne|-37.73,144.91,78|2018-04-24T07:52:23Z|Rain|+11.2|1038.4|73
Melbourne|-37.73,144.91,78|2018-04-25T01:25:12Z|Sunny|+13.6|893.1|66
Melbourne|-37.73,144.91,78|2018-04-26T11:11:46Z|Sunny|+16.2|1049.9|86
Melbourne|-37.73,144.91,78|2018-04-27T09:44:50Z|Sunny|+18.3|1083.8|61
Melbourne|-37.73,144.91,78|2018-04-28T02:07:14Z|Sunny|+13.5|975.9|65
Melbourne|-37.73,144.91,78|2018-04-29T12:36:48Z|Sunny|+14.9|953.3|50
Melbourne|-37.73,144.91,78|2018-04-30T05:41:33Z|Sunny|+13.8|1005.6|45
Melbourne|-37.73,144.91,78|2018-05-01T04:42:48Z|Sunny|+10.2|964.9|26
Melbourne|-37.73,144.91,78|2018-05-02T01:39:04Z|Sunny|+10.4|1038.7|30
Melbourne|-37.73,144.91,78|2018-05-03T10:53:12Z|Sunny|+15.2|1096.6|47
Melbourne|-37.73,144.91,78|2018-05-04T09:08:42Z|Sunny|+15.1|883.1|63
Melbourne|-37.73,144.91,78|2018-05-05T09:13:17Z|Sunny|+10.1|1087.8|6
Melbourne|-37.73,144.91,78|2018-05-06T11:05:03Z|Sunny|+10.4|877.0|42
Melbourne|-37.73,144.91,78|2018-05-07T06:38:05Z|Sunny|+9.7|1074.1|41
Melbourne|-37.73,144.91,78|2018-05-08T04:31:08Z|Sunny|+14.1|822.9|17
Melbourne|-37.73,144.91,78|2018-05-09T06:32:10Z|Rain|+8.9|878.6|69
Melbourne|-37.73,144.91,78|2018-05-10T01:37:27Z|Sunny|+15.4|956.1|42
Melbourne|-37.73,144.91,78|2018-05-11T03:02:43Z|Sunny|+11.0|918.7|39
Melbourne|-37.73,144.91,78|2018-05-12T12:32:51Z|Sunny|+16.1|833.1|35
Melbourne|-37.73,144.91,78|2018-05-13T08:48:33Z|Sunny|+11.3|952.9|78
Melbourne|-37.73,144.91,78|2018-05-14T01:07:02Z|Sunny|+12.8|932.8|6
Melbourne|-37.73,144.91,78|2018-05-15T01:36:59Z|Sunny|+9.8|940.7|32
Melbourne|-37.73,144.91,78|2018-05-16T04:49:40Z|Sunny|+15.5|1057.0|84
Melbourne|-37.73,144.91,78|2018-05-17T09:21:07Z|Sunny|+15.4|1083.0|86
Melbourne|-37.73,144.91,78|2018-05-18T02:49:23Z|Sunny|+14.5|1047.6|87
Melbourne|-37.73,144.91,78|2018-05-19T04:11:47Z|Sunny|+11.4|1040.0|31
Melbourne|-37.73,144.91,78|2018-05-20T06:11:56Z|Sunny|+11.0|992.4|36
Melbourne|-37.73,144.91,78|2018-05-21T06:11:55Z|Sunny|+8.9|934.5|55
Melbourne|-37.73,144.91,78|2018-05-22T05:28:05Z|Snow|+11.1|894.1|9
Melbourne|-37.73,144.91,78|2018-05-23T08:39:32Z|Sunny|+9.1|1049.6|84
Melbourne|-37.73,144.91,78|2018-05-24T04:58:53Z|Sunny|+8.4|853.4|25
Melbourne|-37.73,144.91,78|2018-05-25T03:44:18Z|Rain|+14.8|927.2|80
Melbourne|-37.73,144.91,78|2018-05-26T06:01:55Z|Sunny|+12.6|905.3|57
Melbourne|-37.73,144.91,78|2018-05-27T08:09:33Z|Sunny|+13.0|850.4|95
Melbourne|-37.73,144.91,78|2018-05-28T03:36:36Z|Sunny|+8.6|977.4|51
Melbourne|-37.73,144.91,78|2018-05-29T02:40:44Z|Sunny|+14.6|1026.7|73
Melbourne|-37.73,144.91,78|2018-05-30T11:54:27Z|Sunny|+11.3|960.5|88
Melbourne|-37.73,144.91,78|2018-05-31T06:10:57Z|Sunny|+12.4|1092.3|97
Melbourne|-37.73,144.91,78|2018-06-01T08:35:39Z|Sunny|+14.3|923.1|73
Melbourne|-37.73,144.91,78|2018-06-02T02:45:27Z|Sunny|+11.8|1015.5|10
Melbourne|-37.73,144.91,78|2018-06-03T01:36:14Z|Sunny|+11.7|1025.0|64
Melbourne|-37.73,144.91,78|2018-06-04T09:25:16Z|Sunny|+8.7|849.1|7
Melbourne|-37.73,144.91,78|2018-06-05T02:07:33Z|Sunny|+12.1|982.2|3
Melbourne|-37.73,144.91,78|2018-06-06T02:03:56Z|Sunny|+10.7|853.9|88
Melbourne|-37.73,144.91,78|2018-06-07T12:12:00Z|Sunny|+10.2|940.7|70
Melbourne|-37.73,144.91,78|2018-06-08T05:42:50Z|Sunny|+6.7|1035.5|42
Melbourne|-37.73,144.91,78|2018-06-09T06:03:00Z|Sunny|+7.6|1000.0|25
Melbourne|-37.73,144.91,78|2018-06-10T04:14:52Z|Sunny|+7.9|878.3|8
Melbourne|-37.73,144.91,78|2018-06-11T10:27:05Z|Sunny|+10.6|987.3|99
Melbourne|-37.73,144.91,78|2018-06-12T08:14:35Z|Sunny|+11.5|820.3|71
Melbourne|-37.73,144.91,78|2018-06-13T12:41:41Z|Sunny|+13.8|835.6|20
Melbourne|-37.73,144.91,78|2018-06-14T01:42:53Z|Sunny|+9.3|849.4|46
Melbourne|-37.73,144.91,78|2018-06-15T07:00:28Z|Sunny|+11.8|967.2|54
Melbourne|-37.73,144.91,78|2018-06-16T07:39:51Z|Sunny|+7.4|954.9|62
Melbourne|-37.73,144.91,78|2018-06-17T03:55:45Z|Sunny|+12.4|1015.0|4
Melbourne|-37.73,144.91,78|2018-06-18T11:47:26Z|Sunny|+10.9|1086.2|96
Melbourne|-37.73,144.91,78|2018-06-19T08:36:59Z|Sunny|+11.3|1037.6|11
Melbourne|-37.73,144.91,78|2018-06-20T12:54:57Z|Sunny|+12.5|958.3|84
Melbourne|-37.73,144.91,78|2018-06-21T04:11:18Z|Sunny|+9.2|931.6|52
Melbourne|-37.73,144.91,78|2018-06-22T07:11:42Z|Sunny|+11.0|885.2|49
Melbourne|-37.73,144.91,78|2018-06-23T06:51:57Z|Sunny|+9.8|1009.3|86
Melbourne|-37.73,144.91,78|2018-06-24T09:54:15Z|Sunny|+10.0|966.4|18
Melbourne|-37.73,144.91,78|2018-06-25T07:10:35Z|Sunny|+6.8|1065.2|48
Melbourne|-37.73,144.91,78|2018-06-26T10:04:08Z|Sunny|+9.7|885.6|33
Melbourne|-37.73,144.91,78|2018-06-27T12:08:44Z|Sunny|+8.9|1060.7|11
Melbourne|-37.73,144.91,78|2018-06-28T06:56:43Z|Sunny|+12.2|968.0|84
Melbourne|-37.73,144.91,78|2018-06-29T02:33:11Z|Sunny|+13.2|871.0|27
Melbourne|-37.73,144.91,78|2018-06-30T12:00:10Z|Sunny|+7.8|851.1|97
Melbourne|-37.73,144.91,78|2018-07-01T06:42:33Z|Sunny|+8.2|846.3|17
Melbourne|-37.73,144.91,78|2018-07-02T07:12:26Z|Sunny|+12.0|827.5|99
Melbourne|-37.73,144.91,78|2018-07-03T05:33:10Z|Sunny|+9.8|867.7|88
Melbourne|-37.73,144.91,78|2018-07-04T03:11:42Z|Rain|+7.2|941.8|87
Melbourne|-37.73,144.91,78|2018-07-05T02:18:24Z|Sunny|+12.1|860.0|83
Melbourne|-37.73,144.91,78|2018-07-06T11:51:25Z|Sunny|+10.4|849.3|90
Melbourne|-37.73,144.91,78|2018-07-07T11:42:36Z|Sunny|+6.0|1054.2|75
Melbourne|-37.73,144.91,78|2018-07-08T06:42:24Z|Sunny|+7.1|876.8|47
Melbourne|-37.73,144.91,78|2018-07-09T02:28:44Z|Sunny|+7.0|804.2|87
Melbourne|-37.73,144.91,78|2018-07-10T04:54:24Z|Sunny|+6.6|1075.3|96
Melbourne|-37.73,144.91,78|2018-07-11T03:19:00Z|Sunny|+8.1|831.1|27
Melbourne|-37.73,144.91,78|2018-07-12T07:14:27Z|Sunny|+9.3|836.6|71
Melbourne|-37.73,144.91,78|2018-07-13T02:32:21Z|Sunny|+9.0|821.2|78
Melbourne|-37.73,144.91,78|2018-07-14T04:00:39Z|Sunny|+8.5|928.1|77
Melbourne|-37.73,144.91,78|2018-07-15T08:13:53Z|Sunny|+6.9|1096.5|21
Melbourne|-37.73,144.91,78|2018-07-16T11:21:13Z|Sunny|+5.4|812.9|25
Melbourne|-37.73,144.91,78|2018-07-17T10:17:37Z|Sunny|+10.5|850.3|98
Melbourne|-37.73,144.91,78|2018-07-18T08:00:50Z|Sunny|+11.9|1083.3|59
Melbourne|-37.73,144.91,78|2018-07-19T09:51:03Z|Rain|+6.8|1083.2|84
Melbourne|-37.73,144.91,78|2018-07-20T05:51:55Z|Sunny|+5.1|1078.0|3
Melbourne|-37.73,144.91,78|2018-07-21T03:49:56Z|Rain|+10.0|840.4|5
Melbourne|-37.73,144.91,78|2018-07-22T04:49:56Z|Sunny|+9.3|1047.5|96
Melbourne|-37.73,144.91,78|2018-07-23T06:35:37Z|Sunny|+7.9|974.8|4
Melbourne|-37.73,144.91,78|2018-07-24T07:17:24Z|Sunny|+6.8|869.9|39
Melbourne|-37.73,144.91,78|2018-07-25T07:20:17Z|Sunny|+8.1|889.4|60
Melbourne|-37.73,144.91,78|2018-07-26T06:10:33Z|Rain|+7.6|857.1|90
Melbourne|-37.73,144.91,78|2018-07-27T01:42:12Z|Sunny|+7.7|1080.5|96
Melbourne|-37.73,144.91,78|2018-07-28T04:42:10Z|Sunny|+9.0|1060.4|7
Melbourne|-37.73,144.91,78|2018-07-29T04:09:51Z|Sunny|+8.0|1095.8|29
Melbourne|-37.73,144.91,78|2018-07-30T10:22:33Z|Snow|+8.2|941.5|4
Melbourne|-37.73,144.91,78|2018-07-31T02:52:28Z|Sunny|+13.3|1089.6|22
Melbourne|-37.73,144.91,78|2018-08-01T03:53:50Z|Rain|+6.2|1082.9|54
Melbourne|-37.73,144.91,78|2018-08-02T07:47:30Z|Sunny|+10.7|1047.2|99
Melbourne|-37.73,144.91,78|2018-08-03T04:40:59Z|Sunny|+7.2|1026.2|73
Melbourne|-37.73,144.91,78|2018-08-04T01:44:27Z|Sunny|+11.8|948.9|4
Melbourne|-37.73,144.91,78|2018-08-05T10:14:27Z|Sunny|+9.0|1054.2|62
Melbourne|-37.73,144.91,78|2018-08-06T07:22:43Z|Rain|+8.6|1000.9|75
Melbourne|-37.73,144.91,78|2018-08-07T01:56:35Z|Sunny|+6.1|851.4|46
Melbourne|-37.73,144.91,78|2018-08-08T01:26:23Z|Sunny|+12.1|872.3|58
Melbourne|-37.73,144.91,78|2018-08-09T02:14:35Z|Snow|+12.9|1049.2|69
Melbourne|-37.73,144.91,78|2018-08-10T08:05:42Z|Sunny|+10.1|1051.6|5
Melbourne|-37.73,144.91,78|2018-08-11T04:38:09Z|Sunny|+8.7|811.5|36
Melbourne|-37.73,144.91,78|2018-08-12T01:14:00Z|Sunny|+13.9|1037.2|8
Melbourne|-37.73,144.91,78|2018-08-13T06:35:51Z|Rain|+11.1|898.6|53
Melbourne|-37.73,144.91,78|2018-08-14T02:37:19Z|Rain|+11.8|1045.0|70
Melbourne|-37.73,144.91,78|2018-08-15T08:37:36Z|Sunny|+10.7|988.9|83
Melbourne|-37.73,144.91,78|2018-08-16T05:50:28Z|Sunny|+9.8|913.4|89
Melbourne|-37.73,144.91,78|2018-08-17T04:56:31Z|Sunny|+12.9|910.7|98
Melbourne|-37.73,144.91,78|2018-08-18T05:59:30Z|Sunny|+12.7|843.8|48
Melbourne|-37.73,144.91,78|2018-08-19T12:47:51Z|Rain|+10.5|905.9|12
Melbourne|-37.73,144.91,78|2018-08-20T07:05:44Z|Sunny|+9.1|960.4|56
Melbourne|-37.73,144.91,78|2018-08-21T12:34:39Z|Snow|+6.4|815.9|37
Melbourne|-37.73,144.91,78|2018-08-22T08:25:15Z|Rain|+13.6|823.3|16
Melbourne|-37.73,144.91,78|2018-08-23T04:13:50Z|Sunny|+7.9|827.6|38
Melbourne|-37.73,144.91,78|2018-08-24T11:08:52Z|Sunny|+12.8|984.2|27
Melbourne|-37.73,144.91,78|2018-08-25T09:19:19Z|Rain|+12.1|953.5|81
Melbourne|-37.73,144.91,78|2018-08-26T10:10:00Z|Sunny|+9.5|1069.4|45
Melbourne|-37.73,144.91,78|2018-08-27T10:03:35Z|Sunny|+13.9|1031.7|63
Melbourne|-37.73,144.91,78|2018-08-28T03:29:44Z|Sunny|+12.9|888.2|82
Melbourne|-37.73,144.91,78|2018-08-29T09:46:43Z|Sunny|+11.6|1044.7|6
Melbourne|-37.73,144.91,78|2018-08-30T09:01:39Z|Sunny|+10.3|1025.9|48
Melbourne|-37.73,144.91,78|2018-08-31T06:54:55Z|Sunny|+13.0|807.7|12
Melbourne|-37.73,144.91,78|2018-09-01T04:04:00Z|Sunny|+9.6|828.7|98
Melbourne|-37.73,144.91,78|2018-09-02T07:52:31Z|Sunny|+10.1|970.0|3
Melbourne|-37.73,144.91,78|2018-09-03T03:12:02Z|Sunny|+12.4|1047.2|53
Melbourne|-37.73,144.91,78|2018-09-04T02:14:43Z|Sunny|+8.7|1084.8|72
Melbourne|-37.73,144.91,78|2018-09-05T12:20:32Z|Sunny|+6.3|870.3|18
Melbourne|-37.73,144.91,78|2018-09-06T08:51:16Z|Sunny|+13.0|833.3|79
Melbourne|-37.73,144.91,78|2018-09-07T12:29:46Z|Sunny|+13.0|967.6|58
Melbourne|-37.73,144.91,78|2018-09-08T08:27:43Z|Sunny|+13.7|830.9|68
Melbourne|-37.73,144.91,78|2018-09-09T12:37:50Z|Sunny|+15.7|937.2|37
Melbourne|-37.73,144.91,78|2018-09-10T01:55:32Z|Sunny|+7.6|836.4|50
Melbourne|-37.73,144.91,78|2018-09-11T04:16:54Z|Sunny|+13.2|808.1|23
Melbourne|-37.73,144.91,78|2018-09-12T05:10:54Z|Sunny|+12.1|1031.7|28
Melbourne|-37.73,144.91,78|2018-09-13T10:42:18Z|Sunny|+11.4|892.2|88
Melbourne|-37.73,144.91,78|2018-09-14T03:43:21Z|Sunny|+10.2|1001.0|81
Melbourne|-37.73,144.91,78|2018-09-15T09:15:56Z|Rain|+7.9|926.1|13
Melbourne|-37.73,144.91,78|2018-09-16T05:49:47Z|Sunny|+15.1|907.2|18
Melbourne|-37.73,144.91,78|2018-09-17T02:21:48Z|Sunny|+13.9|978.8|88
Melbourne|-37.73,144.91,78|2018-09-18T08:22:42Z|Sunny|+14.4|929.8|73
Melbourne|-37.73,144.91,78|2018-09-19T09:51:10Z|Sunny|+11.6|1075.9|70
Melbourne|-37.73,144.91,78|2018-09-20T10:40:52Z|Rain|+12.9|1041.8|92
Melbourne|-37.73,144.91,78|2018-09-21T07:35:40Z|Sunny|+8.8|1018.9|29
Melbourne|-37.73,144.91,78|2018-09-22T01:18:47Z|Sunny|+7.3|909.6|1
Melbourne|-37.73,144.91,78|2018-09-23T05:48:12Z|Sunny|+16.4|1024.2|72
Melbourne|-37.73,144.91,78|2018-09-24T08:15:22Z|Sunny|+14.4|882.5|77
Melbourne|-37.73,144.91,78|2018-09-25T11:05:51Z|Sunny|+12.4|902.2|57
Melbourne|-37.73,144.91,78|2018-09-26T11:50:12Z|Sunny|+7.7|883.8|67
Melbourne|-37.73,144.91,78|2018-09-27T08:49:28Z|Sunny|+16.1|1099.7|60
Melbourne|-37.73,144.91,78|2018-09-28T10:19:52Z|Sunny|+17.4|1057.8|40
Melbourne|-37.73,144.91,78|2018-09-29T06:33:18Z|Sunny|+17.0|808.3|19
Melbourne|-37.73,144.91,78|2018-09-30T08:41:34Z|Sunny|+10.7|814.2|40
Melbourne|-37.73,144.91,78|2018-10-01T12:42:58Z|Sunny|+17.9|890.4|11
Melbourne|-37.73,144.91,78|2018-10-02T09:17:32Z|Sunny|+10.1|800.1|36
Melbourne|-37.73,144.91,78|2018-10-03T01:16:44Z|Sunny|+13.6|1027.0|56
Melbourne|-37.73,144.91,78|2018-10-04T01:57:09Z|Sunny|+16.1|1000.1|85
Melbourne|-37.73,144.91,78|2018-10-05T01:19:24Z|Sunny|+17.2|1061.5|89
Melbourne|-37.73,144.91,78|2018-10-06T12:33:17Z|Sunny|+7.9|939.2|73
Melbourne|-37.73,144.91,78|2018-10-07T07:32:09Z|Sunny|+13.0|815.6|25
Melbourne|-37.73,144.91,78|2018-10-08T06:25:30Z|Sunny|+13.7|1074.5|93
Melbourne|-37.73,144.91,78|2018-10-09T04:23:04Z|Sunny|+8.8|861.6|62
Melbourne|-37.73,144.91,78|2018-10-10T12:47:57Z|Sunny|+18.6|1002.1|50
Melbourne|-37.73,144.91,78|2018-10-11T05:59:31Z|Sunny|+9.7|1098.5|75
Melbourne|-37.73,144.91,78|2018-10-12T09:59:23Z|Rain|+13.5|890.3|11
Melbourne|-37.73,144.91,78|2018-10-13T07:37:54Z|Sunny|+8.5|819.1|3
Melbourne|-37.73,144.91,78|2018-10-14T13:00:18Z|Rain|+13.2|840.8|38
Melbourne|-37.73,144.91,78|2018-10-15T08:06:23Z|Sunny|+14.5|926.5|13
Melbourne|-37.73,144.91,78|2018-10-16T11:14:08Z|Sunny|+14.9|1085.8|91
Melbourne|-37.73,144.91,78|2018-10-17T01:35:15Z|Sunny|+16.5|905.3|51
Melbourne|-37.73,144.91,78|2018-10-18T10:35:45Z|Sunny|+17.7|877.8|86
Melbourne|-37.73,144.91,78|2018-10-19T10:15:54Z|Sunny|+10.4|1008.3|18
Melbourne|-37.73,144.91,78|2018-10-20T03:48:20Z|Sunny|+17.1|846.0|96
Melbourne|-37.73,144.91,78|2018-10-21T02:32:37Z|Sunny|+18.8|1074.6|80
Melbourne|-37.73,144.91,78|2018-10-22T05:17:21Z|Rain|+10.9|860.4|50
Melbourne|-37.73,144.91,78|2018-10-23T11:34:32Z|Sunny|+13.8|803.5|18
Melbourne|-37.73,144.91,78|2018-10-24T10:55:42Z|Sunny|+15.2|832.2|9
Melbourne|-37.73,144.91,78|2018-10-25T03:39:17Z|Sunny|+18.1|880.6|55
Melbourne|-37.73,144.91,78|2018-10-26T01:11:47Z|Sunny|+16.7|860.0|11
Melbourne|-37.73,144.91,78|2018-10-27T01:07:06Z|Sunny|+17.2|866.1|82
Melbourne|-37.73,144.91,78|2018-10-28T09:54:44Z|Sunny|+14.5|830.1|91
Melbourne|-37.73,144.91,78|2018-10-29T05:31:57Z|Sunny|+14.5|1049.8|11
Melbourne|-37.73,144.91,78|2018-10-30T10:43:36Z|Sunny|+10.3|1083.9|89
Melbourne|-37.73,144.91,78|2018-10-31T01:11:04Z|Sunny|+11.0|884.9|42
Melbourne|-37.73,144.91,78|2018-11-01T10:55:59Z|Sunny|+12.4|1051.4|69
Melbourne|-37.73,144.91,78|2018-11-02T01:06:42Z|Sunny|+17.5|818.2|16
Melbourne|-37.73,144.91,78|2018-11-03T05:55:33Z|Sunny|+15.5|876.3|4
Melbourne|-37.73,144.91,78|2018-11-04T10:34:35Z|Sunny|+9.7|1062.2|31
Melbourne|-37.73,144.91,78|2018-11-05T06:44:07Z|Sunny|+10.9|924.5|60
Melbourne|-37.73,144.91,78|2018-11-06T11:02:57Z|Sunny|+18.2|863.3|39
Melbourne|-37.73,144.91,78|2018-11-07T02:26:54Z|Sunny|+19.1|836.9|36
Melbourne|-37.73,144.91,78|2018-11-08T01:25:28Z|Sunny|+13.1|983.2|66
Melbourne|-37.73,144.91,78|2018-11-09T01:02:12Z|Sunny|+13.5|903.3|26
Melbourne|-37.73,144.91,78|2018-11-10T01:27:34Z|Sunny|+14.7|994.8|71
Melbourne|-37.73,144.91,78|2018-11-11T06:13:50Z|Sunny|+18.4|894.5|62
Melbourne|-37.73,144.91,78|2018-11-12T07:37:04Z|Sunny|+20.5|977.2|67
Melbourne|-37.73,144.91,78|2018-11-13T09:21:47Z|Sunny|+12.3|800.6|85
Melbourne|-37.73,144.91,78|2018-11-14T12:53:40Z|Rain|+18.6|865.3|2
Melbourne|-37.73,144.91,78|2018-11-15T01:02:12Z|Sunny|+17.4|972.1|15
Melbourne|-37.73,144.91,78|2018-11-16T10:36:54Z|Rain|+11.4|1071.7|38
Melbourne|-37.73,144.91,78|2018-11-17T09:15:39Z|Sunny|+15.6|947.8|49
Melbourne|-37.73,144.91,78|2018-11-18T01:46:46Z|Sunny|+14.5|1069.7|93
Melbourne|-37.73,144.91,78|2018-11-19T02:54:27Z|Rain|+17.8|946.2|3
Melbourne|-37.73,144.91,78|2018-11-20T01:54:09Z|Rain|+13.4|971.5|80
Melbourne|-37.73,144.91,78|2018-11-21T12:58:01Z|Sunny|+15.3|852.5|49
Melbourne|-37.73,144.91,78|2018-11-22T08:02:30Z|Sunny|+13.6|1065.5|53
Melbourne|-37.73,144.91,78|2018-11-23T12:41:41Z|Sunny|+22.0|947.6|28
Melbourne|-37.73,144.91,78|2018-11-24T11:33:26Z|Sunny|+19.5|942.9|33
Melbourne|-37.73,144.91,78|2018-11-25T04:33:09Z|Sunny|+22.7|1036.6|97
Melbourne|-37.73,144.91,78|2018-11-26T12:39:45Z|Sunny|+16.6|803.1|66
Melbourne|-37.73,144.91,78|2018-11-27T09:57:54Z|Sunny|+22.7|1021.6|47
Melbourne|-37.73,144.91,78|2018-11-28T06:14:05Z|Rain|+11.5|810.1|67
Melbourne|-37.73,144.91,78|2018-11-29T06:35:07Z|Sunny|+18.6|975.2|71
Melbourne|-37.73,144.91,78|2018-11-30T08:19:03Z|Sunny|+21.3|940.0|38
Melbourne|-37.73,144.91,78|2018-12-01T01:42:32Z|Sunny|+17.4|857.1|23
Melbourne|-37.73,144.91,78|2018-12-02T11:21:43Z|Sunny|+14.3|971.0|24
Melbourne|-37.73,144.91,78|2018-12-03T04:58:27Z|Sunny|+14.5|982.1|97
Melbourne|-37.73,144.91,78|2018-12-04T06:13:17Z|Sunny|+22.6|1066.0|48
Melbourne|-37.73,144.91,78|2018-12-05T06:27:33Z|Sunny|+22.5|1025.1|76
Melbourne|-37.73,144.91,78|2018-12-06T06:34:41Z|Sunny|+17.1|815.1|45
Melbourne|-37.73,144.91,78|2018-12-07T06:33:39Z|Rain|+23.3|1047.3|85
Melbourne|-37.73,144.91,78|2018-12-08T11:00:05Z|Sunny|+16.3|1086.7|35
Melbourne|-37.73,144.91,78|2018-12-09T09:59:32Z|Rain|+12.6|987.8|96
Melbourne|-37.73,144.91,78|2018-12-10T02:42:44Z|Sunny|+12.9|955.4|77
Melbourne|-37.73,144.91,78|2018-12-11T06:44:43Z|Rain|+16.1|810.3|65
Melbourne|-37.73,144.91,78|2018-12-12T11:33:47Z|Sunny|+19.6|1041.4|69
Melbourne|-37.73,144.91,78|2018-12-13T07:45:26Z|Sunny|+16.1|887.5|36
Melbourne|-37.73,144.91,78|2018-12-14T10:52:49Z|Sunny|+17.2|854.2|50
Melbourne|-37.73,144.91,78|2018-12-15T05:01:19Z|Sunny|+19.2|964.0|99
Melbourne|-37.73,144.91,78|2018-12-16T09:23:30Z|Sunny|+20.4|971.9|60
Melbourne|-37.73,144.91,78|2018-12-17T08:48:47Z|Sunny|+21.1|945.7|42
Melbourne|-37.73,144.91,78|2018-12-18T09:43:31Z|Sunny|+19.1|1002.2|7
Melbourne|-37.73,144.91,78|2018-12-19T04:18:26Z|Sunny|+18.7|951.2|24
Melbourne|-37.73,144.91,78|2018-12-20T01:07:06Z|Sunny|+24.4|941.1|52
Melbourne|-37.73,144.91,78|2018-12-21T09:57:37Z|Rain|+17.6|1084.0|66
Melbourne|-37.73,144.91,78|2018-12-22T12:18:38Z|Sunny|+19.1|844.3|54
Melbourne|-37.73,144.91,78|2018-12-23T05:15:19Z|Sunny|+13.1|839.3|87
Melbourne|-37.73,144.91,78|2018-12-24T08:29:37Z|Sunny|+13.0|923.0|35
Melbourne|-37.73,144.91,78|2018-12-25T02:40:46Z|Sunny|+17.0|1040.2|35
Melbourne|-37.73,144.91,78|2018-12-26T06:17:15Z|Sunny|+25.7|1012.5|31
Melbourne|-37.73,144.91,78|2018-12-27T04:45:02Z|Sunny|+20.9|940.3|83
Melbourne|-37.73,144.91,78|2018-12-28T07:18:39Z|Sunny|+20.8|952.0|73
Melbourne|-37.73,144.91,78|2018-12-29T12:01:43Z|Sunny|+17.6|1077.8|85
Melbourne|-37.73,144.91,78|2018-12-30T05:33:35Z|Sunny|+20.8|953.1|17
Melbourne|-37.73,144.91,78|2018-12-31T12:43:00Z|Sunny|+16.6|1076.3|64
Adelaide|-34.93,138.58,29|2018-01-01T06:46:13Z|Sunny|+19.4|892.3|92
Adelaide|-34.93,138.58,29|2018-01-02T00:58:13Z|Sunny|+19.5|959.8|49
Adelaide|-34.93,138.58,29|2018-01-03T04:48:27Z|Sunny|+20.8|986.9|1
Adelaide|-34.93,138.58,29|2018-01-04T05:10:48Z|Rain|+19.3|809.2|1
Adelaide|-34.93,138.58,29|2018-01-05T06:48:23Z|Sunny|+22.9|857.7|16
Adelaide|-34.93,138.58,29|2018-01-06T02:05:22Z|Sunny|+21.1|809.3|76
Adelaide|-34.93,138.58,29|2018-01-07T01:27:35Z|Sunny|+26.9|1074.1|12
Adelaide|-34.93,138.58,29|2018-01-08T08:16:07Z|Sunny|+21.2|938.8|77
Adelaide|-34.93,138.58,29|2018-01-09T08:06:11Z|Sunny|+18.1|1082.3|33
Adelaide|-34.93,138.58,29|2018-01-10T02:15:32Z|Sunny|+28.2|863.7|67
Adelaide|-34.93,138.58,29|2018-01-11T06:43:40Z|Sunny|+24.3|843.4|59
Adelaide|-34.93,138.58,29|2018-01-12T10:58:51Z|Sunny|+17.0|960.5|38
Adelaide|-34.93,138.58,29|2018-01-13T06:59:57Z|Sunny|+19.4|804.2|57
Adelaide|-34.93,138.58,29|2018-01-14T08:19:42Z|Sunny|+25.5|943.9|13
Adelaide|-34.93,138.58,29|2018-01-15T04:17:00Z|Sunny|+25.7|1077.2|94
Adelaide|-34.93,138.58,29|2018-01-16T11:16:58Z|Sunny|+27.6|863.4|52
Adelaide|-34.93,138.58,29|2018-01-17T01:47:34Z|Sunny|+17.3|970.1|27
Adelaide|-34.93,138.58,29|2018-01-18T06:23:27Z|Rain|+19.7|946.1|96
Adelaide|-34.93,138.58,29|2018-01-19T06:57:06Z|Sunny|+28.1|828.4|45
Adelaide|-34.93,138.58,29|2018-01-20T11:55:27Z|Sunny|+26.0|833.5|11
Adelaide|-34.93,138.58,29|2018-01-21T10:01:10Z|Sunny|+28.1|823.4|37
Adelaide|-34.93,138.58,29|2018-01-22T03:11:45Z|Rain|+28.4|957.6|38
Adelaide|-34.93,138.58,29|2018-01-23T11:13:04Z|Sunny|+26.5|1026.8|58
Adelaide|-34.93,138.58,29|2018-01-24T00:53:07Z|Sunny|+26.6|865.6|59
Adelaide|-34.93,138.58,29|2018-01-25T04:46:44Z|Sunny|+17.9|954.2|85
Adelaide|-34.93,138.58,29|2018-01-26T09:12:20Z|Sunny|+22.0|1032.9|74
Adelaide|-34.93,138.58,29|2018-01-27T08:57:19Z|Sunny|+22.9|894.6|4
Adelaide|-34.93,138.58,29|2018-01-28T08:37:26Z|Sunny|+25.4|995.2|73
Adelaide|-34.93,138.58,29|2018-01-29T08:28:27Z|Sunny|+22.3|1024.6|73
Adelaide|-34.93,138.58,29|2018-01-30T07:48:51Z|Sunny|+18.0|1028.7|72
Adelaide|-34.93,138.58,29|2018-01-31T04:17:30Z|Sunny|+20.5|944.2|47
Adelaide|-34.93,138.58,29|2018-02-01T09:23:55Z|Sunny|+20.2|1029.0|62
Adelaide|-34.93,138.58,29|2018-02-02T10:58:52Z|Sunny|+26.4|1094.3|15
Adelaide|-34.93,138.58,29|2018-02-03T03:32:59Z|Sunny|+23.3|933.2|76
Adelaide|-34.93,138.58,29|2018-02-04T12:22:17Z|Sunny|+23.6|873.9|1
Adelaide|-34.93,138.58,29|2018-02-05T06:06:15Z|Sunny|+28.1|1052.8|12
Adelaide|-34.93,138.58,29|2018-02-06T01:34:19Z|Sunny|+22.9|985.7|42
Adelaide|-34.93,138.58,29|2018-02-07T01:12:54Z|Sunny|+20.5|1071.4|32
Adelaide|-34.93,138.58,29|2018-02-08T02:36:20Z|Rain|+20.5|961.3|44
Adelaide|-34.93,138.58,29|2018-02-09T01:05:55Z|Sunny|+17.3|1076.8|34
Adelaide|-34.93,138.58,29|2018-02-10T05:48:47Z|Sunny|+28.7|990.9|26
Adelaide|-34.93,138.58,29|2018-02-11T09:50:53Z|Sunny|+18.4|975.4|58
Adelaide|-34.93,138.58,29|2018-02-12T00:33:38Z|Sunny|+17.5|920.8|10
Adelaide|-34.93,138.58,29|2018-02-13T09:58:46Z|Sunny|+20.8|933.5|96
Adelaide|-34.93,138.58,29|2018-02-14T01:55:44Z|Sunny|+20.8|968.0|93
Adelaide|-34.93,138.58,29|2018-02-15T10:14:16Z|Sunny|+17.3|811.7|3
Adelaide|-34.93,138.58,29|2018-02-16T07:49:59Z|Sunny|+21.8|804.2|79
Adelaide|-34.93,138.58,29|2018-02-17T01:23:28Z|Sunny|+25.3|1015.2|61
Adelaide|-34.93,138.58,29|2018-02-18T02:26:31Z|Sunny|+19.7|1024.5|25
Adelaide|-34.93,138.58,29|2018-02-19T02:24:30Z|Sunny|+27.9|881.4|23
Adelaide|-34.93,138.58,29|2018-02-20T04:12:25Z|Sunny|+25.7|943.6|73
Adelaide|-34.93,138.58,29|2018-02-21T00:40:05Z|Sunny|+17.5|976.2|53
Adelaide|-34.93,138.58,29|2018-02-22T05:44:15Z|Sunny|+26.6|1012.8|88
Adelaide|-34.93,138.58,29|2018-02-23T08:31:26Z|Sunny|+17.0|843.6|78
Adelaide|-34.93,138.58,29|2018-02-24T01:12:11Z|Sunny|+19.2|804.1|39
Adelaide|-34.93,138.58,29|2018-02-25T01:27:07Z|Rain|+25.0|1080.9|41
Adelaide|-34.93,138.58,29|2018-02-26T11:23:36Z|Sunny|+18.8|1064.5|89
Adelaide|-34.93,138.58,29|2018-02-27T07:03:51Z|Sunny|+16.9|1014.8|66
Adelaide|-34.93,138.58,29|2018-02-28T07:54:28Z|Sunny|+21.0|801.2|6
Adelaide|-34.93,138.58,29|2018-03-01T11:27:19Z|Sunny|+26.1|1025.2|34
Adelaide|-34.93,138.58,29|2018-03-02T08:57:30Z|Sunny|+16.6|1087.8|29
Adelaide|-34.93,138.58,29|2018-03-03T10:30:33Z|Sunny|+17.9|996.4|23
Adelaide|-34.93,138.58,29|2018-03-04T03:09:34Z|Rain|+21.2|1072.1|46
Adelaide|-34.93,138.58,29|2018-03-05T03:30:17Z|Sunny|+19.9|1049.5|88
Adelaide|-34.93,138.58,29|2018-03-06T02:52:09Z|Sunny|+17.9|1074.9|46
Adelaide|-34.93,138.58,29|2018-03-07T00:39:38Z|Sunny|+21.8|1055.8|19
Adelaide|-34.93,138.58,29|2018-03-08T11:42:42Z|Sunny|+20.3|957.5|39
Adelaide|-34.93,138.58,29|2018-03-09T07:09:12Z|Sunny|+17.7|1008.6|16
Adelaide|-34.93,138.58,29|2018-03-10T08:33:53Z|Sunny|+16.9|1030.9|88
Adelaide|-34.93,138.58,29|2018-03-11T02:45:25Z|Rain|+20.4|843.2|68
Adelaide|-34.93,138.58,29|2018-03-12T01:31:28Z|Sunny|+23.5|1012.5|47
Adelaide|-34.93,138.58,29|2018-03-13T09:12:28Z|Rain|+15.4|1003.3|40
Adelaide|-34.93,138.58,29|2018-03-14T02:27:46Z|Sunny|+19.9|1056.7|92
Adelaide|-34.93,138.58,29|2018-03-15T10:06:40Z|Sunny|+23.1|891.6|61
Adelaide|-34.93,138.58,29|2018-03-16T07:45:54Z|Sunny|+18.6|961.1|30
Adelaide|-34.93,138.58,29|2018-03-17T07:08:45Z|Sunny|+20.9|878.8|81
Adelaide|-34.93,138.58,29|2018-03-18T02:08:02Z|Sunny|+15.8|929.4|61
Adelaide|-34.93,138.58,29|2018-03-19T01:31:24Z|Sunny|+25.1|815.5|95
Adelaide|-34.93,138.58,29|2018-03-20T06:50:19Z|Sunny|+23.2|869.8|40
Adelaide|-34.93,138.58,29|2018-03-21T11:19:22Z|Sunny|+21.5|963.3|39
Adelaide|-34.93,138.58,29|2018-03-22T08:06:46Z|Sunny|+15.6|981.3|78
Adelaide|-34.93,138.58,29|2018-03-23T06:17:47Z|Sunny|+18.8|1022.3|71
Adelaide|-34.93,138.58,29|2018-03-24T12:08:49Z|Sunny|+23.8|848.2|86
Adelaide|-34.93,138.58,29|2018-03-25T03:06:06Z|Sunny|+22.8|819.7|15
Adelaide|-34.93,138.58,29|2018-03-26T06:10:58Z|Sunny|+21.6|1012.9|81
Adelaide|-34.93,138.58,29|2018-03-27T07:41:03Z|Sunny|+17.9|862.8|88
Adelaide|-34.93,138.58,29|2018-03-28T02:47:38Z|Sunny|+17.2|1041.7|3
Adelaide|-34.93,138.58,29|2018-03-29T09:23:37Z|Rain|+23.3|905.5|18
Adelaide|-34.93,138.58,29|2018-03-30T04:06:05Z|Sunny|+17.1|1063.9|32
Adelaide|-34.93,138.58,29|2018-03-31T04:05:14Z|Sunny|+22.8|1099.1|80
Adelaide|-34.93,138.58,29|2018-04-01T05:36:41Z|Rain|+18.5|840.5|85
Adelaide|-34.93,138.58,29|2018-04-02T09:49:31Z|Sunny|+15.2|932.8|47
Adelaide|-34.93,138.58,29|2018-04-03T05:21:44Z|Sunny|+15.7|955.8|45
Adelaide|-34.93,138.58,29|2018-04-04T03:15:53Z|Rain|+14.5|965.9|81
Adelaide|-34.93,138.58,29|2018-04-05T09:48:42Z|Sunny|+18.6|1020.8|7
Adelaide|-34.93,138.58,29|2018-04-06T04:52:15Z|Sunny|+20.8|938.6|93
Adelaide|-34.93,138.58,29|2018-04-07T05:37:52Z|Sunny|+16.9|1019.6|10
Adelaide|-34.93,138.58,29|2018-04-08T10:03:25Z|Sunny|+22.9|1097.8|92
Adelaide|-34.93,138.58,29|2018-04-09T05:57:01Z|Rain|+22.3|840.8|43
Adelaide|-34.93,138.58,29|2018-04-10T05:46:41Z|Sunny|+16.4|1090.2|67
Adelaide|-34.93,138.58,29|2018-04-11T05:47:37Z|Sunny|+22.5|820.1|77
Adelaide|-34.93,138.58,29|2018-04-12T05:40:15Z|Sunny|+21.5|847.3|61
Adelaide|-34.93,138.58,29|2018-04-13T06:56:54Z|Sunny|+20.5|1069.2|36
Adelaide|-34.93,138.58,29|2018-04-14T01:36:54Z|Rain|+18.8|880.2|17
Adelaide|-34.93,138.58,29|2018-04-15T08:32:40Z|Sunny|+15.2|861.0|16
Adelaide|-34.93,138.58,29|2018-04-16T05:04:06Z|Sunny|+14.8|820.3|24
Adelaide|-34.93,138.58,29|2018-04-17T11:32:02Z|Sunny|+21.1|1047.0|70
Adelaide|-34.93,138.58,29|2018-04-18T08:31:46Z|Sunny|+20.8|1060.2|3
Adelaide|-34.93,138.58,29|2018-04-19T06:29:44Z|Sunny|+16.8|895.2|52
Adelaide|-34.93,138.58,29|2018-04-20T11:50:13Z|Sunny|+21.2|840.7|62
Adelaide|-34.93,138.58,29|2018-04-21T06:16:10Z|Sunny|+19.3|864.8|29
Adelaide|-34.93,138.58,29|2018-04-22T01:02:56Z|Sunny|+20.2|851.4|56
Adelaide|-34.93,138.58,29|2018-04-23T04:38:28Z|Sunny|+15.3|984.0|39
Adelaide|-34.93,138.58,29|2018-04-24T11:49:27Z|Sunny|+19.5|1034.2|75
Adelaide|-34.93,138.58,29|2018-04-25T08:45:06Z|Sunny|+17.0|1023.3|10
Adelaide|-34.93,138.58,29|2018-04-26T00:43:44Z|Sunny|+18.5|863.1|9
Adelaide|-34.93,138.58,29|2018-04-27T03:58:59Z|Sunny|+17.3|1035.9|80
Adelaide|-34.93,138.58,29|2018-04-28T02:02:10Z|Rain|+15.5|907.2|3
Adelaide|-34.93,138.58,29|2018-04-29T08:16:38Z|Sunny|+20.0|876.3|36
Adelaide|-34.93,138.58,29|2018-04-30T09:48:31Z|Sunny|+18.1|1001.1|20
Adelaide|-34.93,138.58,29|2018-05-01T06:28:32Z|Sunny|+18.9|865.6|4
Adelaide|-34.93,138.58,29|2018-05-02T08:46:58Z|Sunny|+12.7|891.6|90
Adelaide|-34.93,138.58,29|2018-05-03T09:02:53Z|Sunny|+16.7|937.0|7
Adelaide|-34.93,138.58,29|2018-05-04T09:11:24Z|Rain|+16.0|1071.3|58
Adelaide|-34.93,138.58,29|2018-05-05T09:49:31Z|Sunny|+18.7|821.4|95
Adelaide|-34.93,138.58,29|2018-05-06T03:05:28Z|Sunny|+13.7|970.3|58
Adelaide|-34.93,138.58,29|2018-05-07T10:02:15Z|Rain|+19.7|841.7|12
Adelaide|-34.93,138.58,29|2018-05-08T08:54:51Z|Sunny|+13.5|959.9|56
Adelaide|-34.93,138.58,29|2018-05-09T00:47:45Z|Sunny|+14.5|1057.7|58
Adelaide|-34.93,138.58,29|2018-05-10T06:17:23Z|Sunny|+17.1|926.5|25
Adelaide|-34.93,138.58,29|2018-05-11T01:29:47Z|Sunny|+11.3|1016.5|38
Adelaide|-34.93,138.58,29|2018-05-12T08:08:23Z|Rain|+18.0|850.5|91
Adelaide|-34.93,138.58,29|2018-05-13T08:50:39Z|Sunny|+13.1|1001.3|9
Adelaide|-34.93,138.58,29|2018-05-14T11:18:28Z|Rain|+15.5|948.9|92
Adelaide|-34.93,138.58,29|2018-05-15T06:58:04Z|Sunny|+16.4|912.1|87
Adelaide|-34.93,138.58,29|2018-05-16T00:53:16Z|Rain|+11.2|1058.7|70
Adelaide|-34.93,138.58,29|2018-05-17T03:24:40Z|Sunny|+12.9|855.9|77
Adelaide|-34.93,138.58,29|2018-05-18T03:48:23Z|Sunny|+13.2|889.9|24
Adelaide|-34.93,138.58,29|2018-05-19T01:16:32Z|Sunny|+14.9|1055.1|92
Adelaide|-34.93,138.58,29|2018-05-20T11:46:52Z|Sunny|+14.2|1050.7|84
Adelaide|-34.93,138.58,29|2018-05-21T10:35:40Z|Sunny|+17.7|992.7|34
Adelaide|-34.93,138.58,29|2018-05-22T05:09:54Z|Sunny|+15.1|851.7|74
Adelaide|-34.93,138.58,29|2018-05-23T08:05:20Z|Sunny|+11.4|1009.5|93
Adelaide|-34.93,138.58,29|2018-05-24T06:50:16Z|Sunny|+16.3|822.5|60
Adelaide|-34.93,138.58,29|2018-05-25T03:29:16Z|Sunny|+11.4|1074.2|49
Adelaide|-34.93,138.58,29|2018-05-26T04:32:25Z|Sunny|+12.1|881.4|75
Adelaide|-34.93,138.58,29|2018-05-27T01:01:32Z|Sunny|+12.3|927.1|88
Adelaide|-34.93,138.58,29|2018-05-28T05:35:55Z|Sunny|+12.1|1085.5|55
Adelaide|-34.93,138.58,29|2018-05-29T07:54:32Z|Sunny|+13.9|993.9|58
Adelaide|-34.93,138.58,29|2018-05-30T04:03:56Z|Rain|+15.6|904.3|39
Adelaide|-34.93,138.58,29|2018-05-31T05:42:49Z|Sunny|+11.0|976.2|11
Adelaide|-34.93,138.58,29|2018-06-01T01:08:59Z|Sunny|+15.9|914.0|85
Adelaide|-34.93,138.58,29|2018-06-02T08:44:52Z|Sunny|+9.4|963.2|40
Adelaide|-34.93,138.58,29|2018-06-03T06:52:26Z|Sunny|+16.0|935.1|16
Adelaide|-34.93,138.58,29|2018-06-04T04:15:24Z|Sunny|+13.0|1086.9|92
Adelaide|-34.93,138.58,29|2018-06-05T00:54:12Z|Sunny|+12.5|811.5|61
Adelaide|-34.93,138.58,29|2018-06-06T12:09:31Z|Rain|+15.0|928.0|37
Adelaide|-34.93,138.58,29|2018-06-07T09:11:18Z|Sunny|+14.4|947.1|34
Adelaide|-34.93,138.58,29|2018-06-08T02:19:29Z|Sunny|+15.7|1062.4|56
Adelaide|-34.93,138.58,29|2018-06-09T11:21:32Z|Sunny|+13.0|840.7|30
Adelaide|-34.93,138.58,29|2018-06-10T06:51:52Z|Sunny|+14.8|802.4|13
Adelaide|-34.93,138.58,29|2018-06-11T07:47:42Z|Sunny|+13.6|857.0|13
Adelaide|-34.93,138.58,29|2018-06-12T01:31:56Z|Rain|+15.7|1070.8|8
Adelaide|-34.93,138.58,29|2018-06-13T06:00:41Z|Sunny|+13.1|954.5|25
Adelaide|-34.93,138.58,29|2018-06-14T07:16:18Z|Rain|+13.4|859.4|71
Adelaide|-34.93,138.58,29|2018-06-15T11:26:31Z|Sunny|+14.5|919.6|35
Adelaide|-34.93,138.58,29|2018-06-16T09:09:20Z|Rain|+11.7|1001.9|70
Adelaide|-34.93,138.58,29|2018-06-17T11:53:02Z|Rain|+14.0|1089.6|86
Adelaide|-34.93,138.58,29|2018-06-18T03:43:39Z|Sunny|+13.7|934.2|30
Adelaide|-34.93,138.58,29|2018-06-19T01:02:56Z|Sunny|+12.0|937.0|71
Adelaide|-34.93,138.58,29|2018-06-20T02:58:35Z|Sunny|+13.8|1072.5|27
Adelaide|-34.93,138.58,29|2018-06-21T11:23:44Z|Sunny|+12.2|1017.9|77
Adelaide|-34.93,138.58,29|2018-06-22T05:29:32Z|Sunny|+12.4|1054.5|6
Adelaide|-34.93,138.58,29|2018-06-23T03:10:04Z|Sunny|+10.1|852.1|21
Adelaide|-34.93,138.58,29|2018-06-24T07:26:49Z|Sunny|+12.8|904.1|43
Adelaide|-34.93,138.58,29|2018-06-25T10:09:17Z|Sunny|+10.9|954.8|29
Adelaide|-34.93,138.58,29|2018-06-26T09:39:33Z|Sunny|+8.8|890.8|6
Adelaide|-34.93,138.58,29|2018-06-27T07:30:53Z|Rain|+10.5|1001.2|89
Adelaide|-34.93,138.58,29|2018-06-28T04:54:51Z|Sunny|+13.5|883.8|88
Adelaide|-34.93,138.58,29|2018-06-29T12:09:19Z|Sunny|+9.2|898.8|50
Adelaide|-34.93,138.58,29|2018-06-30T07:17:49Z|Sunny|+9.1|825.1|19
Adelaide|-34.93,138.58,29|2018-07-01T11:46:05Z|Sunny|+12.8|1026.4|33
Adelaide|-34.93,138.58,29|2018-07-02T06:57:44Z|Sunny|+14.9|1045.9|57
Adelaide|-34.93,138.58,29|2018-07-03T02:51:50Z|Sunny|+8.2|968.5|41
Adelaide|-34.93,138.58,29|2018-07-04T01:58:03Z|Sunny|+12.3|970.7|34
Adelaide|-34.93,138.58,29|2018-07-05T04:37:40Z|Sunny|+8.8|951.5|84
Adelaide|-34.93,138.58,29|2018-07-06T07:25:06Z|Sunny|+12.8|976.5|33
Adelaide|-34.93,138.58,29|2018-07-07T05:09:45Z|Sunny|+8.1|804.9|57
Adelaide|-34.93,138.58,29|2018-07-08T05:02:35Z|Sunny|+13.7|834.3|73
Adelaide|-34.93,138.58,29|2018-07-09T10:22:14Z|Sunny|+8.2|905.3|73
Adelaide|-34.93,138.58,29|2018-07-10T10:55:14Z|Sunny|+10.2|947.8|88
Adelaide|-34.93,138.58,29|2018-07-11T09:59:13Z|Sunny|+9.7|914.9|2
Adelaide|-34.93,138.58,29|2018-07-12T11:47:11Z|Sunny|+8.8|1078.1|38
Adelaide|-34.93,138.58,29|2018-07-13T12:26:21Z|Sunny|+8.0|837.3|21
Adelaide|-34.93,138.58,29|2018-07-14T06:33:40Z|Sunny|+11.8|968.4|93
Adelaide|-34.93,138.58,29|2018-07-15T04:11:33Z|Sunny|+10.7|848.5|18
Adelaide|-34.93,138.58,29|2018-07-16T01:04:50Z|Sunny|+11.4|862.8|26
Adelaide|-34.93,138.58,29|2018-07-17T03:08:32Z|Sunny|+14.3|1037.2|70
Adelaide|-34.93,138.58,29|2018-07-18T00:39:26Z|Sunny|+11.8|860.4|3
Adelaide|-34.93,138.58,29|2018-07-19T07:06:37Z|Sunny|+12.3|938.3|15
Adelaide|-34.93,138.58,29|2018-07-20T11:38:22Z|Sunny|+12.3|941.9|98
Adelaide|-34.93,138.58,29|2018-07-21T12:24:59Z|Rain|+12.3|841.1|33
Adelaide|-34.93,138.58,29|2018-07-22T04:01:48Z|Sunny|+13.5|836.9|100
Adelaide|-34.93,138.58,29|2018-07-23T05:12:43Z|Sunny|+14.6|962.2|29
Adelaide|-34.93,138.58,29|2018-07-24T02:16:11Z|Sunny|+10.8|836.6|42
Adelaide|-34.93,138.58,29|2018-07-25T09:07:59Z|Sunny|+9.0|906.6|76
Adelaide|-34.93,138.58,29|2018-07-26T03:07:35Z|Sunny|+15.1|1078.3|81
Adelaide|-34.93,138.58,29|2018-07-27T02:27:29Z|Sunny|+14.6|1066.4|44
Adelaide|-34.93,138.58,29|2018-07-28T06:21:52Z|Sunny|+8.7|1034.3|16
Adelaide|-34.93,138.58,29|2018-07-29T04:16:21Z|Sunny|+14.9|992.4|93
Adelaide|-34.93,138.58,29|2018-07-30T07:38:43Z|Sunny|+10.3|1085.5|11
Adelaide|-34.93,138.58,29|2018-07-31T01:52:45Z|Sunny|+9.3|1020.6|9
Adelaide|-34.93,138.58,29|2018-08-01T05:57:23Z|Sunny|+9.2|806.1|22
Adelaide|-34.93,138.58,29|2018-08-02T04:34:51Z|Sunny|+13.9|858.2|15
Adelaide|-34.93,138.58,29|2018-08-03T03:26:30Z|Sunny|+7.9|966.1|45
Adelaide|-34.93,138.58,29|2018-08-04T09:06:15Z|Sunny|+14.2|857.1|55
Adelaide|-34.93,138.58,29|2018-08-05T06:28:58Z|Sunny|+8.6|848.0|20
Adelaide|-34.93,138.58,29|2018-08-06T03:53:08Z|Sunny|+15.1|1052.4|76
Adelaide|-34.93,138.58,29|2018-08-07T01:25:27Z|Sunny|+8.1|983.5|65
Adelaide|-34.93,138.58,29|2018-08-08T11:28:10Z|Sunny|+9.4|887.7|61
Adelaide|-34.93,138.58,29|2018-08-09T08:00:00Z|Sunny|+10.4|818.8|68
Adelaide|-34.93,138.58,29|2018-08-10T08:55:35Z|Sunny|+10.7|909.8|17
Adelaide|-34.93,138.58,29|2018-08-11T10:40:15Z|Sunny|+11.3|954.5|10
Adelaide|-34.93,138.58,29|2018-08-12T05:08:35Z|Sunny|+11.3|1065.4|78
Adelaide|-34.93,138.58,29|2018-08-13T00:39:53Z|Sunny|+12.4|872.9|19
Adelaide|-34.93,138.58,29|2018-08-14T05:13:24Z|Sunny|+15.8|1063.4|100
Adelaide|-34.93,138.58,29|2018-08-15T03:12:23Z|Sunny|+14.6|881.9|2
Adelaide|-34.93,138.58,29|2018-08-16T02:14:51Z|Sunny|+11.2|894.8|25
Adelaide|-34.93,138.58,29|2018-08-17T08:03:38Z|Sunny|+13.9|1055.5|56
Adelaide|-34.93,138.58,29|2018-08-18T09:51:51Z|Rain|+13.5|904.6|96
Adelaide|-34.93,138.58,29|2018-08-19T09:10:14Z|Sunny|+9.8|934.3|7
Adelaide|-34.93,138.58,29|2018-08-20T08:39:13Z|Sunny|+10.7|1026.0|56
Adelaide|-34.93,138.58,29|2018-08-21T07:26:36Z|Sunny|+13.1|828.6|84
Adelaide|-34.93,138.58,29|2018-08-22T03:09:19Z|Sunny|+11.2|939.5|60
Adelaide|-34.93,138.58,29|2018-08-23T06:10:06Z|Sunny|+9.9|904.0|43
Adelaide|-34.93,138.58,29|2018-08-24T07:54:39Z|Sunny|+14.2|989.4|1
Adelaide|-34.93,138.58,29|2018-08-25T03:32:47Z|Sunny|+14.8|1090.4|34
Adelaide|-34.93,138.58,29|2018-08-26T04:45:02Z|Sunny|+11.1|1063.6|83
Adelaide|-34.93,138.58,29|2018-08-27T11:03:30Z|Sunny|+10.2|823.1|16
Adelaide|-34.93,138.58,29|2018-08-28T06:54:19Z|Sunny|+12.4|996.9|5
Adelaide|-34.93,138.58,29|2018-08-29T00:44:38Z|Sunny|+8.8|942.4|59
Adelaide|-34.93,138.58,29|2018-08-30T10:20:27Z|Sunny|+13.6|931.3|18
Adelaide|-34.93,138.58,29|2018-08-31T07:39:38Z|Sunny|+10.8|1002.7|89
Adelaide|-34.93,138.58,29|2018-09-01T06:29:09Z|Sunny|+16.0|1019.3|28
Adelaide|-34.93,138.58,29|2018-09-02T09:37:20Z|Sunny|+10.0|983.8|10
Adelaide|-34.93,138.58,29|2018-09-03T04:44:31Z|Sunny|+14.7|802.2|64
Adelaide|-34.93,138.58,29|2018-09-04T05:15:57Z|Sunny|+12.3|825.0|30
Adelaide|-34.93,138.58,29|2018-09-05T12:09:44Z|Sunny|+16.8|1002.9|41
Adelaide|-34.93,138.58,29|2018-09-06T08:02:14Z|Sunny|+16.9|936.3|37
Adelaide|-34.93,138.58,29|2018-09-07T03:02:04Z|Sunny|+14.5|916.1|4
Adelaide|-34.93,138.58,29|2018-09-08T08:51:05Z|Sunny|+16.2|967.2|60
Adelaide|-34.93,138.58,29|2018-09-09T01:10:54Z|Sunny|+10.9|1063.3|40
Adelaide|-34.93,138.58,29|2018-09-10T06:51:46Z|Sunny|+15.7|885.7|74
Adelaide|-34.93,138.58,29|2018-09-11T06:44:09Z|Sunny|+11.0|971.2|65
Adelaide|-34.93,138.58,29|2018-09-12T02:51:34Z|Sunny|+12.1|879.5|36
Adelaide|-34.93,138.58,29|2018-09-13T05:16:03Z|Sunny|+13.4|999.6|77
Adelaide|-34.93,138.58,29|2018-09-14T09:20:21Z|Sunny|+10.0|1054.7|25
Adelaide|-34.93,138.58,29|2018-09-15T08:39:02Z|Sunny|+11.0|1043.7|41
Adelaide|-34.93,138.58,29|2018-09-16T09:59:05Z|Sunny|+11.0|870.0|91
Adelaide|-34.93,138.58,29|2018-09-17T10:01:34Z|Rain|+17.3|955.9|83
Adelaide|-34.93,138.58,29|2018-09-18T12:00:48Z|Sunny|+16.6|1047.7|47
Adelaide|-34.93,138.58,29|2018-09-19T07:15:17Z|Sunny|+17.3|1034.5|19
Adelaide|-34.93,138.58,29|2018-09-20T10:55:27Z|Sunny|+12.5|1005.9|4
Adelaide|-34.93,138.58,29|2018-09-21T04:09:28Z|Rain|+14.9|1087.2|61
Adelaide|-34.93,138.58,29|2018-09-22T03:15:25Z|Sunny|+15.8|928.0|12
Adelaide|-34.93,138.58,29|2018-09-23T10:20:43Z|Sunny|+17.0|906.9|2
Adelaide|-34.93,138.58,29|2018-09-24T01:50:02Z|Sunny|+14.1|1097.9|43
Adelaide|-34.93,138.58,29|2018-09-25T03:52:23Z|Sunny|+14.9|959.4|22
Adelaide|-34.93,138.58,29|2018-09-26T06:03:28Z|Sunny|+11.9|1026.8|50
Adelaide|-34.93,138.58,29|2018-09-27T10:23:34Z|Sunny|+14.9|895.9|26
Adelaide|-34.93,138.58,29|2018-09-28T10:18:25Z|Sunny|+11.2|1033.6|73
Adelaide|-34.93,138.58,29|2018-09-29T04:01:20Z|Sunny|+17.6|1059.9|43
Adelaide|-34.93,138.58,29|2018-09-30T00:56:30Z|Sunny|+18.1|851.5|16
Adelaide|-34.93,138.58,29|2018-10-01T05:13:39Z|Rain|+10.9|845.9|87
Adelaide|-34.93,138.58,29|2018-10-02T09:51:48Z|Sunny|+12.1|971.0|42
Adelaide|-34.93,138.58,29|2018-10-03T11:10:11Z|Sunny|+13.6|903.9|29
Adelaide|-34.93,138.58,29|2018-10-04T09:13:29Z|Sunny|+17.4|1060.4|96
Adelaide|-34.93,138.58,29|2018-10-05T09:48:18Z|Rain|+13.5|825.5|78
Adelaide|-34.93,138.58,29|2018-10-06T11:06:52Z|Sunny|+17.1|1024.7|74
Adelaide|-34.93,138.58,29|2018-10-07T05:59:46Z|Sunny|+17.8|953.5|36
Adelaide|-34.93,138.58,29|2018-10-08T05:57:37Z|Sunny|+19.7|1018.5|65
Adelaide|-34.93,138.58,29|2018-10-09T10:07:26Z|Sunny|+15.9|1029.1|18
Adelaide|-34.93,138.58,29|2018-10-10T06:13:13Z|Sunny|+19.6|838.9|6
Adelaide|-34.93,138.58,29|2018-10-11T08:03:23Z|Sunny|+16.5|823.1|39
Adelaide|-34.93,138.58,29|2018-10-12T07:05:02Z|Sunny|+18.4|928.5|58
Adelaide|-34.93,138.58,29|2018-10-13T05:28:13Z|Sunny|+20.0|1087.2|35
Adelaide|-34.93,138.58,29|2018-10-14T10:59:02Z|Rain|+17.8|1012.6|90
Adelaide|-34.93,138.58,29|2018-10-15T01:59:21Z|Sunny|+17.8|932.2|78
Adelaide|-34.93,138.58,29|2018-10-16T10:09:54Z|Sunny|+18.9|1098.7|25
Adelaide|-34.93,138.58,29|2018-10-17T09:54:57Z|Sunny|+17.5|1078.8|18
Adelaide|-34.93,138.58,29|2018-10-18T05:27:51Z|Rain|+13.5|1086.8|82
Adelaide|-34.93,138.58,29|2018-10-19T02:22:30Z|Sunny|+14.7|982.3|58
Adelaide|-34.93,138.58,29|2018-10-20T08:24:31Z|Rain|+16.4|946.1|61
Adelaide|-34.93,138.58,29|2018-10-21T08:18:23Z|Sunny|+12.1|972.0|54
Adelaide|-34.93,138.58,29|2018-10-22T09:03:36Z|Sunny|+11.7|881.6|55
Adelaide|-34.93,138.58,29|2018-10-23T00:31:25Z|Sunny|+20.8|870.5|79
Adelaide|-34.93,138.58,29|2018-10-24T07:28:19Z|Sunny|+12.3|1042.7|72
Adelaide|-34.93,138.58,29|2018-10-25T10:33:13Z|Sunny|+14.7|814.2|78
Adelaide|-34.93,138.58,29|2018-10-26T07:47:00Z|Sunny|+21.6|823.7|22
Adelaide|-34.93,138.58,29|2018-10-27T01:00:03Z|Sunny|+21.0|863.4|35
Adelaide|-34.93,138.58,29|2018-10-28T10:50:07Z|Sunny|+14.2|858.2|88
Adelaide|-34.93,138.58,29|2018-10-29T07:13:12Z|Sunny|+16.4|867.6|40
Adelaide|-34.93,138.58,29|2018-10-30T11:36:20Z|Sunny|+21.0|1071.9|95
Adelaide|-34.93,138.58,29|2018-10-31T10:49:36Z|Sunny|+19.6|979.0|85
Adelaide|-34.93,138.58,29|2018-11-01T02:40:43Z|Sunny|+18.4|842.0|34
Adelaide|-34.93,138.58,29|2018-11-02T02:47:29Z|Sunny|+16.9|921.7|63
Adelaide|-34.93,138.58,29|2018-11-03T11:41:19Z|Sunny|+14.6|939.0|7
Adelaide|-34.93,138.58,29|2018-11-04T04:02:40Z|Sunny|+19.9|1065.1|69
Adelaide|-34.93,138.58,29|2018-11-05T04:40:37Z|Sunny|+17.1|806.9|92
Adelaide|-34.93,138.58,29|2018-11-06T10:15:03Z|Sunny|+19.3|928.7|27
Adelaide|-34.93,138.58,29|2018-11-07T11:40:21Z|Sunny|+14.4|844.6|59
Adelaide|-34.93,138.58,29|2018-11-08T11:37:01Z|Sunny|+20.3|958.0|2
Adelaide|-34.93,138.58,29|2018-11-09T04:52:39Z|Sunny|+19.0|828.7|21
Adelaide|-34.93,138.58,29|2018-11-10T08:35:55Z|Rain|+15.4|835.5|10
Adelaide|-34.93,138.58,29|2018-11-11T10:57:49Z|Sunny|+22.6|1050.5|64
Adelaide|-34.93,138.58,29|2018-11-12T02:45:02Z|Sunny|+23.4|833.7|90
Adelaide|-34.93,138.58,29|2018-11-13T03:09:21Z|Sunny|+15.6|868.0|63
Adelaide|-34.93,138.58,29|2018-11-14T09:06:09Z|Sunny|+15.4|1053.9|28
Adelaide|-34.93,138.58,29|2018-11-15T05:34:37Z|Sunny|+13.8|813.7|99
Adelaide|-34.93,138.58,29|2018-11-16T07:14:04Z|Sunny|+18.6|989.0|53
Adelaide|-34.93,138.58,29|2018-11-17T09:23:21Z|Sunny|+23.4|1035.4|1
Adelaide|-34.93,138.58,29|2018-11-18T08:34:26Z|Sunny|+19.2|923.0|46
Adelaide|-34.93,138.58,29|2018-11-19T12:16:37Z|Sunny|+14.9|985.2|87
Adelaide|-34.93,138.58,29|2018-11-20T07:36:46Z|Rain|+21.8|857.3|8
Adelaide|-34.93,138.58,29|2018-11-21T11:50:59Z|Sunny|+24.4|1010.7|51
Adelaide|-34.93,138.58,29|2018-11-22T12:21:02Z|Sunny|+18.4|1011.3|78
Adelaide|-34.93,138.58,29|2018-11-23T05:34:12Z|Sunny|+24.4|1091.3|12
Adelaide|-34.93,138.58,29|2018-11-24T01:31:52Z|Sunny|+24.6|1028.1|67
Adelaide|-34.93,138.58,29|2018-11-25T11:09:57Z|Sunny|+18.4|1090.7|42
Adelaide|-34.93,138.58,29|2018-11-26T03:02:19Z|Sunny|+19.1|919.8|48
Adelaide|-34.93,138.58,29|2018-11-27T03:32:54Z|Sunny|+15.9|972.6|22
Adelaide|-34.93,138.58,29|2018-11-28T03:02:07Z|Sunny|+15.4|1007.9|84
Adelaide|-34.93,138.58,29|2018-11-29T09:05:48Z|Sunny|+22.1|907.2|76
Adelaide|-34.93,138.58,29|2018-11-30T02:13:21Z|Sunny|+19.4|863.6|19
Adelaide|-34.93,138.58,29|2018-12-01T10:02:23Z|Sunny|+17.0|1027.6|6
Adelaide|-34.93,138.58,29|2018-12-02T01:42:19Z|Sunny|+19.5|987.0|94
Adelaide|-34.93,138.58,29|2018-12-03T04:01:49Z|Sunny|+21.6|883.7|32
Adelaide|-34.93,138.58,29|2018-12-04T01:04:35Z|Sunny|+16.3|1007.4|63
Adelaide|-34.93,138.58,29|2018-12-05T07:28:06Z|Sunny|+15.3|1051.9|10
Adelaide|-34.93,138.58,29|2018-12-06T10:05:54Z|Sunny|+18.6|947.4|38
Adelaide|-34.93,138.58,29|2018-12-07T06:03:52Z|Sunny|+23.1|1007.3|34
Adelaide|-34.93,138.58,29|2018-12-08T06:19:42Z|Sunny|+26.4|1003.7|39
Adelaide|-34.93,138.58,29|2018-12-09T06:41:07Z|Sunny|+16.4|811.0|81
Adelaide|-34.93,138.58,29|2018-12-10T09:40:00Z|Sunny|+23.2|929.2|44
Adelaide|-34.93,138.58,29|2018-12-11T11:57:56Z|Sunny|+15.9|974.8|33
Adelaide|-34.93,138.58,29|2018-12-12T08:00:13Z|Sunny|+16.6|941.1|83
Adelaide|-34.93,138.58,29|2018-12-13T01:50:22Z|Sunny|+25.1|937.7|12
Adelaide|-34.93,138.58,29|2018-12-14T12:24:17Z|Sunny|+17.4|1004.8|9
Adelaide|-34.93,138.58,29|2018-12-15T02:53:15Z|Sunny|+19.0|966.6|19
Adelaide|-34.93,138.58,29|2018-12-16T01:25:50Z|Sunny|+20.1|896.1|58
Adelaide|-34.93,138.58,29|2018-12-17T09:24:37Z|Sunny|+22.0|1093.9|73
Adelaide|-34.93,138.58,29|2018-12-18T02:19:01Z|Sunny|+24.8|899.1|68
Adelaide|-34.93,138.58,29|2018-12-19T06:53:06Z|Sunny|+24.5|879.6|64
Adelaide|-34.93,138.58,29|2018-12-20T05:38:19Z|Sunny|+18.2|1031.7|38
Adelaide|-34.93,138.58,29|2018-12-21T10:29:59Z|Rain|+21.7|806.0|36
Adelaide|-34.93,138.58,29|2018-12-22T08:14:55Z|Sunny|+18.0|1017.4|25
Adelaide|-34.93,138.58,29|2018-12-23T10:11:23Z|Sunny|+18.0|810.3|6
Adelaide|-34.93,138.58,29|2018-12-24T01:04:00Z|Sunny|+16.9|1025.2|40
Adelaide|-34.93,138.58,29|2018-12-25T11:14:32Z|Sunny|+16.8|920.1|66
Adelaide|-34.93,138.58,29|2018-12-26T06:52:56Z|Sunny|+16.5|864.6|74
Adelaide|-34.93,138.58,29|2018-12-27T01:29:48Z|Rain|+21.6|971.8|74
Adelaide|-34.93,138.58,29|2018-12-28T04:43:27Z|Sunny|+16.1|1006.8|11
Adelaide|-34.93,138.58,29|2018-12-29T04:09:21Z|Rain|+20.2|914.1|62
Adelaide|-34.93,138.58,29|2018-12-30T02:30:50Z|Sunny|+19.5|890.3|51
Adelaide|-34.93,138.58,29|2018-12-31T05:57:45Z|Sunny|+27.7|1066.6|27
Sydney|-33.86,151.2,39|2018-01-01T01:09:51Z|Sunny|+23.8|963.2|75
Sydney|-33.86,151.2,39|2018-01-02T10:37:30Z|Sunny|+24.8|899.5|30
Sydney|-33.86,151.2,39|2018-01-03T12:42:36Z|Sunny|+25.4|864.6|4
Sydney|-33.86,151.2,39|2018-01-04T12:39:04Z|Sunny|+23.6|1036.3|68
Sydney|-33.86,151.2,39|2018-01-05T06:46:52Z|Sunny|+25.2|901.1|84
Sydney|-33.86,151.2,39|2018-01-06T08:14:01Z|Sunny|+25.6|1044.8|49
Sydney|-33.86,151.2,39|2018-01-07T02:29:20Z|Sunny|+23.5|891.3|24
Sydney|-33.86,151.2,39|2018-01-08T09:45:51Z|Sunny|+22.2|962.5|40
Sydney|-33.86,151.2,39|2018-01-09T02:50:57Z|Sunny|+21.7|944.1|84
Sydney|-33.86,151.2,39|2018-01-10T02:46:14Z|Sunny|+23.3|907.9|51
Sydney|-33.86,151.2,39|2018-01-11T08:46:43Z|Rain|+23.9|994.5|45
Sydney|-33.86,151.2,39|2018-01-12T11:27:40Z|Sunny|+24.6|891.1|11
Sydney|-33.86,151.2,39|2018-01-13T02:25:43Z|Sunny|+23.2|851.6|10
Sydney|-33.86,151.2,39|2018-01-14T07:41:30Z|Sunny|+21.6|819.1|84
Sydney|-33.86,151.2,39|2018-01-15T01:23:52Z|Rain|+21.7|978.6|32
Sydney|-33.86,151.2,39|2018-01-16T06:48:49Z|Rain|+20.2|1092.2|87
Sydney|-33.86,151.2,39|2018-01-17T03:29:26Z|Sunny|+23.4|1048.7|60
Sydney|-33.86,151.2,39|2018-01-18T11:25:18Z|Sunny|+22.0|817.7|83
Sydney|-33.86,151.2,39|2018-01-19T11:12:11Z|Rain|+22.9|868.5|6
Sydney|-33.86,151.2,39|2018-01-20T11:58:27Z|Sunny|+25.1|1076.9|45
Sydney|-33.86,151.2,39|2018-01-21T06:04:23Z|Sunny|+20.7|947.0|39
Sydney|-33.86,151.2,39|2018-01-22T04:45:51Z|Sunny|+20.6|952.6|83
Sydney|-33.86,151.2,39|2018-01-23T10:48:16Z|Sunny|+19.5|954.9|48
Sydney|-33.86,151.2,39|2018-01-24T03:17:06Z|Sunny|+24.0|903.5|39
Sydney|-33.86,151.2,39|2018-01-25T11:26:23Z|Sunny|+24.8|847.7|42
Sydney|-33.86,151.2,39|2018-01-26T11:42:55Z|Sunny|+19.0|861.8|95
Sydney|-33.86,151.2,39|2018-01-27T03:59:35Z|Sunny|+26.1|1096.8|11
Sydney|-33.86,151.2,39|2018-01-28T08:52:32Z|Sunny|+24.5|981.6|55
Sydney|-33.86,151.2,39|2018-01-29T03:51:54Z|Sunny|+20.2|828.4|98
Sydney|-33.86,151.2,39|2018-01-30T12:28:47Z|Sunny|+22.4|1013.2|79
Sydney|-33.86,151.2,39|2018-01-31T06:12:55Z|Sunny|+21.4|940.4|97
Sydney|-33.86,151.2,39|2018-02-01T03:12:55Z|Sunny|+19.3|910.1|35
Sydney|-33.86,151.2,39|2018-02-02T07:07:34Z|Sunny|+21.2|854.0|98
Sydney|-33.86,151.2,39|2018-02-03T07:11:51Z|Sunny|+22.9|947.7|62
Sydney|-33.86,151.2,39|2018-02-04T04:12:30Z|Sunny|+19.1|972.6|45
Sydney|-33.86,151.2,39|2018-02-05T05:18:34Z|Sunny|+21.8|965.2|6
Sydney|-33.86,151.2,39|2018-02-06T11:40:58Z|Sunny|+20.7|824.3|7
Sydney|-33.86,151.2,39|2018-02-07T01:24:05Z|Sunny|+22.9|870.4|71
Sydney|-33.86,151.2,39|2018-02-08T05:38:13Z|Sunny|+22.2|846.9|70
Sydney|-33.86,151.2,39|2018-02-09T11:20:37Z|Sunny|+20.5|950.3|4
Sydney|-33.86,151.2,39|2018-02-10T06:30:01Z|Sunny|+25.5|826.4|9
Sydney|-33.86,151.2,39|2018-02-11T02:36:13Z|Sunny|+23.0|1050.1|94
Sydney|-33.86,151.2,39|2018-02-12T11:44:05Z|Sunny|+24.2|977.2|1
Sydney|-33.86,151.2,39|2018-02-13T08:54:17Z|Sunny|+23.7|924.6|67
Sydney|-33.86,151.2,39|2018-02-14T11:07:01Z|Rain|+20.1|1058.3|14
Sydney|-33.86,151.2,39|2018-02-15T12:43:47Z|Sunny|+20.4|815.6|58
Sydney|-33.86,151.2,39|2018-02-16T04:25:18Z|Sunny|+22.8|933.6|81
Sydney|-33.86,151.2,39|2018-02-17T02:18:17Z|Sunny|+20.2|994.0|94
Sydney|-33.86,151.2,39|2018-02-18T01:21:06Z|Sunny|+22.1|1053.1|95
Sydney|-33.86,151.2,39|2018-02-19T02:00:54Z|Sunny|+21.5|1060.1|18
Sydney|-33.86,151.2,39|2018-02-20T03:25:18Z|Sunny|+21.8|979.8|28
Sydney|-33.86,151.2,39|2018-02-21T05:20:52Z|Sunny|+22.0|869.5|52
Sydney|-33.86,151.2,39|2018-02-22T12:42:29Z|Sunny|+24.5|909.0|1
Sydney|-33.86,151.2,39|2018-02-23T07:52:43Z|Sunny|+20.5|1019.8|11
Sydney|-33.86,151.2,39|2018-02-24T02:46:47Z|Sunny|+24.9|938.8|11
Sydney|-33.86,151.2,39|2018-02-25T11:56:16Z|Sunny|+22.3|1008.6|43
Sydney|-33.86,151.2,39|2018-02-26T11:27:37Z|Sunny|+18.7|801.9|24
Sydney|-33.86,151.2,39|2018-02-27T03:33:47Z|Sunny|+18.8|1099.9|3
Sydney|-33.86,151.2,39|2018-02-28T09:48:32Z|Sunny|+24.3|847.9|99
Sydney|-33.86,151.2,39|2018-03-01T07:47:26Z|Sunny|+24.4|924.2|77
Sydney|-33.86,151.2,39|2018-03-02T09:47:15Z|Sunny|+20.5|1078.7|6
Sydney|-33.86,151.2,39|2018-03-03T12:49:58Z|Sunny|+21.6|892.2|9
Sydney|-33.86,151.2,39|2018-03-04T06:55:57Z|Sunny|+21.7|937.7|12
Sydney|-33.86,151.2,39|2018-03-05T01:13:40Z|Rain|+24.4|1015.6|8
Sydney|-33.86,151.2,39|2018-03-06T04:30:55Z|Sunny|+23.9|1053.7|66
Sydney|-33.86,151.2,39|2018-03-07T06:40:03Z|Sunny|+24.3|971.8|20
Sydney|-33.86,151.2,39|2018-03-08T02:09:15Z|Sunny|+21.8|834.2|96
Sydney|-33.86,151.2,39|2018-03-09T04:05:31Z|Sunny|+18.1|943.4|27
Sydney|-33.86,151.2,39|2018-03-10T02:18:51Z|Sunny|+21.9|1057.5|52
Sydney|-33.86,151.2,39|2018-03-11T03:33:51Z|Sunny|+18.2|861.7|54
Sydney|-33.86,151.2,39|2018-03-12T01:01:24Z|Sunny|+21.0|1002.0|31
Sydney|-33.86,151.2,39|2018-03-13T08:11:57Z|Rain|+18.0|1099.4|58
Sydney|-33.86,151.2,39|2018-03-14T08:09:16Z|Sunny|+22.8|863.6|4
Sydney|-33.86,151.2,39|2018-03-15T12:20:32Z|Sunny|+21.6|801.0|60
Sydney|-33.86,151.2,39|2018-03-16T09:39:49Z|Sunny|+20.6|885.7|42
Sydney|-33.86,151.2,39|2018-03-17T04:03:18Z|Sunny|+17.6|1015.2|66
Sydney|-33.86,151.2,39|2018-03-18T01:43:59Z|Sunny|+18.1|865.9|24
Sydney|-33.86,151.2,39|2018-03-19T01:42:08Z|Sunny|+22.8|997.7|20
Sydney|-33.86,151.2,39|2018-03-20T12:23:09Z|Sunny|+23.3|968.0|92
Sydney|-33.86,151.2,39|2018-03-21T11:45:58Z|Sunny|+19.3|830.3|13
Sydney|-33.86,151.2,39|2018-03-22T03:55:02Z|Rain|+22.0|811.7|70
Sydney|-33.86,151.2,39|2018-03-23T10:37:31Z|Sunny|+21.7|905.3|49
Sydney|-33.86,151.2,39|2018-03-24T07:16:56Z|Sunny|+18.7|897.2|98
Sydney|-33.86,151.2,39|2018-03-25T09:50:09Z|Sunny|+20.8|824.3|31
Sydney|-33.86,151.2,39|2018-03-26T04:42:19Z|Sunny|+18.2|802.5|43
Sydney|-33.86,151.2,39|2018-03-27T11:20:46Z|Sunny|+23.6|832.1|35
Sydney|-33.86,151.2,39|2018-03-28T11:49:24Z|Sunny|+20.2|921.2|11
Sydney|-33.86,151.2,39|2018-03-29T12:03:39Z|Sunny|+17.1|1041.0|89
Sydney|-33.86,151.2,39|2018-03-30T05:03:53Z|Sunny|+23.1|1055.5|100
Sydney|-33.86,151.2,39|2018-03-31T12:30:19Z|Rain|+17.8|977.6|47
Sydney|-33.86,151.2,39|2018-04-01T06:52:35Z|Sunny|+23.0|893.0|14
Sydney|-33.86,151.2,39|2018-04-02T04:43:52Z|Sunny|+18.0|989.5|79
Sydney|-33.86,151.2,39|2018-04-03T08:54:21Z|Sunny|+17.8|856.4|83
Sydney|-33.86,151.2,39|2018-04-04T07:08:52Z|Sunny|+16.4|841.8|43
Sydney|-33.86,151.2,39|2018-04-05T12:35:12Z|Sunny|+22.4|975.3|30
Sydney|-33.86,151.2,39|2018-04-06T08:52:34Z|Rain|+19.6|937.4|61
Sydney|-33.86,151.2,39|2018-04-07T03:14:24Z|Sunny|+21.8|1031.3|92
Sydney|-33.86,151.2,39|2018-04-08T05:55:20Z|Sunny|+21.1|832.3|6
Sydney|-33.86,151.2,39|2018-04-09T07:12:36Z|Rain|+16.6|1036.4|44
Sydney|-33.86,151.2,39|2018-04-10T12:43:20Z|Sunny|+21.0|990.5|40
Sydney|-33.86,151.2,39|2018-04-11T05:31:36Z|Sunny|+21.3|945.6|98
Sydney|-33.86,151.2,39|2018-04-12T05:09:20Z|Sunny|+22.6|979.6|27
Sydney|-33.86,151.2,39|2018-04-13T09:02:53Z|Rain|+17.5|874.0|28
Sydney|-33.86,151.2,39|2018-04-14T04:47:18Z|Sunny|+21.5|1094.5|86
Sydney|-33.86,151.2,39|2018-04-15T12:53:57Z|Sunny|+22.3|836.6|98
Sydney|-33.86,151.2,39|2018-04-16T03:38:46Z|Sunny|+20.0|954.2|66
Sydney|-33.86,151.2,39|2018-04-17T02:11:51Z|Sunny|+17.2|854.4|36
Sydney|-33.86,151.2,39|2018-04-18T04:43:10Z|Sunny|+20.4|875.9|73
Sydney|-33.86,151.2,39|2018-04-19T04:52:08Z|Sunny|+15.5|1038.5|81
Sydney|-33.86,151.2,39|2018-04-20T08:35:06Z|Sunny|+17.4|840.3|15
Sydney|-33.86,151.2,39|2018-04-21T08:15:37Z|Sunny|+16.1|938.5|99
Sydney|-33.86,151.2,39|2018-04-22T09:36:05Z|Sunny|+19.8|1041.5|42
Sydney|-33.86,151.2,39|2018-04-23T04:14:05Z|Sunny|+15.4|1095.8|54
Sydney|-33.86,151.2,39|2018-04-24T09:21:19Z|Sunny|+20.9|902.3|47
Sydney|-33.86,151.2,39|2018-04-25T08:54:13Z|Sunny|+20.8|1087.4|31
Sydney|-33.86,151.2,39|2018-04-26T02:03:15Z|Sunny|+16.0|930.4|78
Sydney|-33.86,151.2,39|2018-04-27T11:27:43Z|Sunny|+21.0|843.5|20
Sydney|-33.86,151.2,39|2018-04-28T10:44:10Z|Sunny|+14.0|952.0|65
Sydney|-33.86,151.2,39|2018-04-29T01:56:28Z|Sunny|+20.9|893.5|74
Sydney|-33.86,151.2,39|2018-04-30T10:26:08Z|Rain|+15.5|869.3|12
Sydney|-33.86,151.2,39|2018-05-01T09:12:45Z|Sunny|+13.7|889.6|1
Sydney|-33.86,151.2,39|2018-05-02T06:02:06Z|Sunny|+14.4|958.6|4
Sydney|-33.86,151.2,39|2018-05-03T09:53:02Z|Sunny|+16.1|1070.7|26
Sydney|-33.86,151.2,39|2018-05-04T11:36:16Z|Sunny|+18.7|835.9|18
Sydney|-33.86,151.2,39|2018-05-05T01:29:03Z|Rain|+15.6|1052.4|97
Sydney|-33.86,151.2,39|2018-05-06T01:22:24Z|Sunny|+12.7|1097.1|66
Sydney|-33.86,151.2,39|2018-05-07T03:25:35Z|Sunny|+13.5|967.1|10
Sydney|-33.86,151.2,39|2018-05-08T09:17:57Z|Sunny|+17.8|879.6|2
Sydney|-33.86,151.2,39|2018-05-09T07:40:08Z|Sunny|+18.4|1007.6|27
Sydney|-33.86,151.2,39|2018-05-10T01:13:43Z|Sunny|+18.8|888.2|46
Sydney|-33.86,151.2,39|2018-05-11T09:01:39Z|Sunny|+16.8|915.9|72
Sydney|-33.86,151.2,39|2018-05-12T07:16:34Z|Sunny|+20.0|873.3|89
Sydney|-33.86,151.2,39|2018-05-13T12:54:49Z|Sunny|+12.7|814.9|12
Sydney|-33.86,151.2,39|2018-05-14T06:27:41Z|Sunny|+15.6|877.6|30
Sydney|-33.86,151.2,39|2018-05-15T01:06:52Z|Rain|+15.6|858.9|53
Sydney|-33.86,151.2,39|2018-05-16T04:46:29Z|Sunny|+12.3|872.9|42
Sydney|-33.86,151.2,39|2018-05-17T01:10:28Z|Sunny|+12.3|830.7|83
Sydney|-33.86,151.2,39|2018-05-18T01:49:44Z|Rain|+18.8|1051.9|78
Sydney|-33.86,151.2,39|2018-05-19T11:45:00Z|Rain|+14.2|883.5|44
Sydney|-33.86,151.2,39|2018-05-20T05:05:02Z|Sunny|+11.6|1087.4|62
Sydney|-33.86,151.2,39|2018-05-21T03:46:58Z|Sunny|+15.6|909.5|20
Sydney|-33.86,151.2,39|2018-05-22T08:31:41Z|Sunny|+16.0|838.4|95
Sydney|-33.86,151.2,39|2018-05-23T02:18:45Z|Sunny|+18.0|978.3|53
Sydney|-33.86,151.2,39|2018-05-24T11:26:20Z|Sunny|+17.4|857.4|49
Sydney|-33.86,151.2,39|2018-05-25T04:08:01Z|Sunny|+15.4|960.4|15
Sydney|-33.86,151.2,39|2018-05-26T04:04:44Z|Sunny|+16.4|825.4|52
Sydney|-33.86,151.2,39|2018-05-27T06:16:54Z|Sunny|+16.8|964.3|10
Sydney|-33.86,151.2,39|2018-05-28T06:09:42Z|Sunny|+15.1|802.6|88
Sydney|-33.86,151.2,39|2018-05-29T12:12:16Z|Sunny|+16.3|1010.6|87
Sydney|-33.86,151.2,39|2018-05-30T08:49:37Z|Sunny|+15.4|1040.3|86
Sydney|-33.86,151.2,39|2018-05-31T05:05:46Z|Sunny|+10.4|824.3|18
Sydney|-33.86,151.2,39|2018-06-01T11:41:21Z|Sunny|+12.4|845.3|36
Sydney|-33.86,151.2,39|2018-06-02T09:03:22Z|Sunny|+10.6|940.1|61
Sydney|-33.86,151.2,39|2018-06-03T11:55:26Z|Sunny|+10.5|965.2|78
Sydney|-33.86,151.2,39|2018-06-04T09:31:36Z|Sunny|+11.2|883.8|20
Sydney|-33.86,151.2,39|2018-06-05T07:35:54Z|Rain|+12.2|1026.8|71
Sydney|-33.86,151.2,39|2018-06-06T04:30:37Z|Sunny|+16.9|1050.4|53
Sydney|-33.86,151.2,39|2018-06-07T10:53:31Z|Rain|+10.7|963.8|43
Sydney|-33.86,151.2,39|2018-06-08T11:40:19Z|Sunny|+10.5|1008.5|84
Sydney|-33.86,151.2,39|2018-06-09T01:45:32Z|Sunny|+14.7|844.8|39
Sydney|-33.86,151.2,39|2018-06-10T12:59:48Z|Sunny|+14.4|1017.0|12
Sydney|-33.86,151.2,39|2018-06-11T11:11:49Z|Sunny|+10.8|1020.1|79
Sydney|-33.86,151.2,39|2018-06-12T08:26:30Z|Sunny|+13.9|1044.9|9
Sydney|-33.86,151.2,39|2018-06-13T12:15:51Z|Sunny|+14.0|810.5|92
Sydney|-33.86,151.2,39|2018-06-14T10:02:24Z|Sunny|+10.0|1040.9|74
Sydney|-33.86,151.2,39|2018-06-15T12:11:33Z|Sunny|+16.6|1000.7|43
Sydney|-33.86,151.2,39|2018-06-16T10:03:30Z|Sunny|+16.5|953.7|9
Sydney|-33.86,151.2,39|2018-06-17T03:04:14Z|Sunny|+12.6|974.0|93
Sydney|-33.86,151.2,39|2018-06-18T04:53:53Z|Sunny|+14.3|1047.8|43
Sydney|-33.86,151.2,39|2018-06-19T11:04:21Z|Sunny|+15.1|870.9|86
Sydney|-33.86,151.2,39|2018-06-20T06:29:09Z|Sunny|+9.8|1043.8|90
Sydney|-33.86,151.2,39|2018-06-21T09:54:04Z|Sunny|+15.3|851.5|40
Sydney|-33.86,151.2,39|2018-06-22T05:40:41Z|Sunny|+16.1|953.8|38
Sydney|-33.86,151.2,39|2018-06-23T09:46:01Z|Sunny|+13.0|959.0|46
Sydney|-33.86,151.2,39|2018-06-24T06:46:55Z|Rain|+9.4|950.4|21
Sydney|-33.86,151.2,39|2018-06-25T07:01:58Z|Rain|+12.4|1021.9|37
Sydney|-33.86,151.2,39|2018-06-26T10:05:59Z|Sunny|+13.7|1009.1|72
Sydney|-33.86,151.2,39|2018-06-27T01:39:54Z|Sunny|+13.4|1034.5|3
Sydney|-33.86,151.2,39|2018-06-28T02:20:55Z|Sunny|+8.7|977.7|22
Sydney|-33.86,151.2,39|2018-06-29T02:52:20Z|Sunny|+9.6|1076.9|84
Sydney|-33.86,151.2,39|2018-06-30T08:03:34Z|Rain|+10.4|1071.2|76
Sydney|-33.86,151.2,39|2018-07-01T09:55:04Z|Sunny|+15.9|1063.9|65
Sydney|-33.86,151.2,39|2018-07-02T04:21:26Z|Sunny|+10.0|857.9|50
Sydney|-33.86,151.2,39|2018-07-03T06:09:05Z|Sunny|+10.6|818.3|68
Sydney|-33.86,151.2,39|2018-07-04T12:30:11Z|Sunny|+11.1|998.6|2
Sydney|-33.86,151.2,39|2018-07-05T12:26:19Z|Sunny|+8.6|1076.7|84
Sydney|-33.86,151.2,39|2018-07-06T12:46:29Z|Sunny|+11.7|875.2|92
Sydney|-33.86,151.2,39|2018-07-07T06:32:52Z|Sunny|+13.8|1021.2|1
Sydney|-33.86,151.2,39|2018-07-08T05:30:53Z|Sunny|+11.1|903.3|70
Sydney|-33.86,151.2,39|2018-07-09T10:42:38Z|Sunny|+11.0|889.2|7
Sydney|-33.86,151.2,39|2018-07-10T07:50:17Z|Sunny|+9.8|1077.6|57
Sydney|-33.86,151.2,39|2018-07-11T04:57:14Z|Rain|+8.8|943.3|42
Sydney|-33.86,151.2,39|2018-07-12T04:30:33Z|Sunny|+9.6|824.9|100
Sydney|-33.86,151.2,39|2018-07-13T12:12:01Z|Sunny|+8.1|894.1|25
Sydney|-33.86,151.2,39|2018-07-14T06:06:31Z|Rain|+9.4|1038.0|6
Sydney|-33.86,151.2,39|2018-07-15T02:23:27Z|Sunny|+9.0|910.3|10
Sydney|-33.86,151.2,39|2018-07-16T10:32:48Z|Sunny|+12.8|938.2|49
Sydney|-33.86,151.2,39|2018-07-17T04:08:02Z|Sunny|+16.0|953.0|96
Sydney|-33.86,151.2,39|2018-07-18T11:31:17Z|Sunny|+14.8|966.9|61
Sydney|-33.86,151.2,39|2018-07-19T03:29:27Z|Sunny|+15.2|998.6|96
Sydney|-33.86,151.2,39|2018-07-20T05:52:05Z|Sunny|+8.9|1020.6|46
Sydney|-33.86,151.2,39|2018-07-21T04:54:51Z|Sunny|+12.6|1025.4|96
Sydney|-33.86,151.2,39|2018-07-22T04:06:38Z|Sunny|+10.0|895.4|31
Sydney|-33.86,151.2,39|2018-07-23T03:21:06Z|Sunny|+12.7|955.9|95
Sydney|-33.86,151.2,39|2018-07-24T04:43:34Z|Sunny|+14.1|1083.4|57
Sydney|-33.86,151.2,39|2018-07-25T07:15:34Z|Sunny|+10.1|925.0|16
Sydney|-33.86,151.2,39|2018-07-26T03:12:09Z|Sunny|+13.7|923.6|1
Sydney|-33.86,151.2,39|2018-07-27T03:37:52Z|Sunny|+11.0|947.3|8
Sydney|-33.86,151.2,39|2018-07-28T09:50:51Z|Sunny|+16.7|1050.3|69
Sydney|-33.86,151.2,39|2018-07-29T05:57:02Z|Sunny|+10.6|1092.2|99
Sydney|-33.86,151.2,39|2018-07-30T08:18:14Z|Sunny|+13.6|1000.1|77
Sydney|-33.86,151.2,39|2018-07-31T09:18:46Z|Sunny|+9.2|878.5|55
Sydney|-33.86,151.2,39|2018-08-01T09:49:59Z|Sunny|+8.5|883.7|42
Sydney|-33.86,151.2,39|2018-08-02T11:33:46Z|Sunny|+14.5|1043.6|70
Sydney|-33.86,151.2,39|2018-08-03T10:32:46Z|Sunny|+10.3|935.0|2
Sydney|-33.86,151.2,39|2018-08-04T01:21:27Z|Sunny|+16.4|817.7|28
Sydney|-33.86,151.2,39|2018-08-05T03:30:14Z|Sunny|+15.8|958.5|17
Sydney|-33.86,151.2,39|2018-08-06T07:25:22Z|Sunny|+12.4|944.5|19
Sydney|-33.86,151.2,39|2018-08-07T08:38:56Z|Rain|+12.4|1047.0|92
Sydney|-33.86,151.2,39|2018-08-08T06:26:03Z|Rain|+17.0|850.6|21
Sydney|-33.86,151.2,39|2018-08-09T03:23:49Z|Sunny|+12.1|1080.0|17
Sydney|-33.86,151.2,39|2018-08-10T07:22:04Z|Sunny|+11.6|1051.6|74
Sydney|-33.86,151.2,39|2018-08-11T07:39:35Z|Sunny|+9.5|925.9|57
Sydney|-33.86,151.2,39|2018-08-12T10:22:57Z|Sunny|+15.3|1080.8|68
Sydney|-33.86,151.2,39|2018-08-13T09:27:23Z|Sunny|+15.5|1094.1|77
Sydney|-33.86,151.2,39|2018-08-14T10:06:53Z|Sunny|+17.7|1079.9|65
Sydney|-33.86,151.2,39|2018-08-15T06:35:39Z|Rain|+13.3|1045.0|18
Sydney|-33.86,151.2,39|2018-08-16T04:12:46Z|Sunny|+13.3|943.6|28
Sydney|-33.86,151.2,39|2018-08-17T08:03:57Z|Rain|+10.7|920.7|57
Sydney|-33.86,151.2,39|2018-08-18T05:50:27Z|Rain|+17.7|1012.9|87
Sydney|-33.86,151.2,39|2018-08-19T02:09:34Z|Sunny|+13.9|904.6|14
Sydney|-33.86,151.2,39|2018-08-20T04:27:55Z|Sunny|+17.7|954.9|70
Sydney|-33.86,151.2,39|2018-08-21T09:56:36Z|Sunny|+13.9|951.9|12
Sydney|-33.86,151.2,39|2018-08-22T05:09:36Z|Sunny|+17.1|1060.4|42
Sydney|-33.86,151.2,39|2018-08-23T12:37:18Z|Sunny|+10.4|992.5|73
Sydney|-33.86,151.2,39|2018-08-24T08:34:14Z|Sunny|+15.6|1011.5|3
Sydney|-33.86,151.2,39|2018-08-25T05:15:26Z|Sunny|+12.5|993.3|84
Sydney|-33.86,151.2,39|2018-08-26T05:56:50Z|Sunny|+13.0|898.9|41
Sydney|-33.86,151.2,39|2018-08-27T01:20:53Z|Sunny|+15.2|1087.1|70
Sydney|-33.86,151.2,39|2018-08-28T06:00:39Z|Sunny|+10.9|865.0|39
Sydney|-33.86,151.2,39|2018-08-29T11:06:16Z|Rain|+14.6|914.5|10
Sydney|-33.86,151.2,39|2018-08-30T12:10:08Z|Rain|+13.3|868.6|93
Sydney|-33.86,151.2,39|2018-08-31T06:31:18Z|Sunny|+10.3|961.9|71
Sydney|-33.86,151.2,39|2018-09-01T09:26:03Z|Sunny|+11.3|927.1|47
Sydney|-33.86,151.2,39|2018-09-02T06:51:47Z|Sunny|+16.3|850.8|69
Sydney|-33.86,151.2,39|2018-09-03T10:04:05Z|Sunny|+18.9|1051.7|44
Sydney|-33.86,151.2,39|2018-09-04T08:41:50Z|Sunny|+12.4|882.4|33
Sydney|-33.86,151.2,39|2018-09-05T06:49:18Z|Rain|+17.3|940.8|42
Sydney|-33.86,151.2,39|2018-09-06T09:13:41Z|Sunny|+10.5|1029.4|5
Sydney|-33.86,151.2,39|2018-09-07T03:13:02Z|Rain|+15.1|1062.7|8
Sydney|-33.86,151.2,39|2018-09-08T03:47:21Z|Sunny|+14.9|888.1|86
Sydney|-33.86,151.2,39|2018-09-09T09:59:59Z|Sunny|+10.6|834.5|4
Sydney|-33.86,151.2,39|2018-09-10T09:20:28Z|Sunny|+12.2|1040.6|59
Sydney|-33.86,151.2,39|2018-09-11T06:11:41Z|Sunny|+15.7|1036.2|98
Sydney|-33.86,151.2,39|2018-09-12T02:45:17Z|Sunny|+15.6|883.3|99
Sydney|-33.86,151.2,39|2018-09-13T08:08:51Z|Sunny|+12.7|851.5|89
Sydney|-33.86,151.2,39|2018-09-14T05:29:45Z|Sunny|+17.9|1061.0|93
Sydney|-33.86,151.2,39|2018-09-15T08:49:51Z|Sunny|+14.2|912.3|1
Sydney|-33.86,151.2,39|2018-09-16T05:48:34Z|Sunny|+15.4|867.1|11
Sydney|-33.86,151.2,39|2018-09-17T01:24:59Z|Sunny|+17.5|811.4|13
Sydney|-33.86,151.2,39|2018-09-18T07:08:30Z|Sunny|+19.6|802.3|8
Sydney|-33.86,151.2,39|2018-09-19T09:15:20Z|Sunny|+14.2|817.9|6
Sydney|-33.86,151.2,39|2018-09-20T07:48:40Z|Sunny|+15.0|889.0|30
Sydney|-33.86,151.2,39|2018-09-21T07:34:44Z|Rain|+17.6|1040.4|79
Sydney|-33.86,151.2,39|2018-09-22T05:16:32Z|Rain|+13.6|838.3|73
Sydney|-33.86,151.2,39|2018-09-23T07:49:32Z|Sunny|+18.7|1010.3|97
Sydney|-33.86,151.2,39|2018-09-24T06:28:31Z|Sunny|+16.5|836.6|63
Sydney|-33.86,151.2,39|2018-09-25T11:50:37Z|Sunny|+17.0|835.6|44
Sydney|-33.86,151.2,39|2018-09-26T06:08:30Z|Sunny|+16.3|1016.1|11
Sydney|-33.86,151.2,39|2018-09-27T05:12:15Z|Rain|+15.4|845.2|46
Sydney|-33.86,151.2,39|2018-09-28T03:35:51Z|Sunny|+15.0|946.4|99
Sydney|-33.86,151.2,39|2018-09-29T08:48:27Z|Sunny|+19.4|844.9|41
Sydney|-33.86,151.2,39|2018-09-30T01:01:05Z|Sunny|+18.1|862.5|77
Sydney|-33.86,151.2,39|2018-10-01T06:09:28Z|Sunny|+14.3|1073.3|39
Sydney|-33.86,151.2,39|2018-10-02T09:30:53Z|Sunny|+18.8|809.0|7
Sydney|-33.86,151.2,39|2018-10-03T03:12:54Z|Sunny|+18.5|1056.4|78
Sydney|-33.86,151.2,39|2018-10-04T06:31:23Z|Sunny|+15.2|872.4|53
Sydney|-33.86,151.2,39|2018-10-05T02:45:46Z|Sunny|+16.8|1048.8|43
Sydney|-33.86,151.2,39|2018-10-06T01:51:10Z|Sunny|+13.1|824.1|12
Sydney|-33.86,151.2,39|2018-10-07T10:01:53Z|Sunny|+14.2|978.3|64
Sydney|-33.86,151.2,39|2018-10-08T06:00:24Z|Rain|+15.4|948.3|38
Sydney|-33.86,151.2,39|2018-10-09T01:26:16Z|Sunny|+13.3|1060.9|37
Sydney|-33.86,151.2,39|2018-10-10T09:01:44Z|Sunny|+14.6|1007.4|29
Sydney|-33.86,151.2,39|2018-10-11T07:08:51Z|Sunny|+16.5|947.6|12
Sydney|-33.86,151.2,39|2018-10-12T08:27:47Z|Sunny|+20.8|863.1|7
Sydney|-33.86,151.2,39|2018-10-13T02:27:48Z|Sunny|+13.4|937.2|85
Sydney|-33.86,151.2,39|2018-10-14T02:19:32Z|Sunny|+16.9|879.4|34
Sydney|-33.86,151.2,39|2018-10-15T05:23:48Z|Sunny|+14.6|873.0|26
Sydney|-33.86,151.2,39|2018-10-16T04:24:08Z|Sunny|+17.2|1036.7|35
Sydney|-33.86,151.2,39|2018-10-17T08:13:40Z|Sunny|+21.7|999.8|53
Sydney|-33.86,151.2,39|2018-10-18T04:22:46Z|Sunny|+19.2|832.0|84
Sydney|-33.86,151.2,39|2018-10-19T02:36:08Z|Sunny|+17.8|912.2|14
Sydney|-33.86,151.2,39|2018-10-20T09:00:13Z|Rain|+20.4|1096.3|31
Sydney|-33.86,151.2,39|2018-10-21T03:29:50Z|Sunny|+19.8|1061.8|22
Sydney|-33.86,151.2,39|2018-10-22T11:49:58Z|Sunny|+16.4|823.6|64
Sydney|-33.86,151.2,39|2018-10-23T03:18:06Z|Sunny|+19.2|891.2|90
Sydney|-33.86,151.2,39|2018-10-24T06:33:25Z|Sunny|+20.6|841.0|69
Sydney|-33.86,151.2,39|2018-10-25T11:19:24Z|Sunny|+21.4|1029.4|36
Sydney|-33.86,151.2,39|2018-10-26T02:25:09Z|Sunny|+19.0|941.3|46
Sydney|-33.86,151.2,39|2018-10-27T10:07:41Z|Rain|+19.7|910.0|13
Sydney|-33.86,151.2,39|2018-10-28T08:20:38Z|Sunny|+15.8|982.0|80
Sydney|-33.86,151.2,39|2018-10-29T06:56:39Z|Sunny|+15.9|866.1|61
Sydney|-33.86,151.2,39|2018-10-30T07:31:49Z|Rain|+15.0|850.8|91
Sydney|-33.86,151.2,39|2018-10-31T10:08:32Z|Sunny|+15.4|802.5|60
Sydney|-33.86,151.2,39|2018-11-01T08:44:36Z|Sunny|+17.4|968.6|67
Sydney|-33.86,151.2,39|2018-11-02T12:02:59Z|Sunny|+19.3|997.1|5
Sydney|-33.86,151.2,39|2018-11-03T02:34:40Z|Sunny|+17.0|950.4|72
Sydney|-33.86,151.2,39|2018-11-04T06:40:14Z|Sunny|+20.9|993.1|9
Sydney|-33.86,151.2,39|2018-11-05T07:18:47Z|Sunny|+18.0|885.4|37
Sydney|-33.86,151.2,39|2018-11-06T03:56:40Z|Sunny|+21.3|829.7|75
Sydney|-33.86,151.2,39|2018-11-07T12:23:27Z|Sunny|+17.9|947.6|36
Sydney|-33.86,151.2,39|2018-11-08T01:13:20Z|Sunny|+22.8|1094.3|95
Sydney|-33.86,151.2,39|2018-11-09T06:42:56Z|Sunny|+17.8|971.6|89
Sydney|-33.86,151.2,39|2018-11-10T07:06:03Z|Sunny|+16.2|1078.3|29
Sydney|-33.86,151.2,39|2018-11-11T01:42:08Z|Sunny|+19.5|1054.5|49
Sydney|-33.86,151.2,39|2018-11-12T08:11:34Z|Sunny|+16.2|866.9|62
Sydney|-33.86,151.2,39|2018-11-13T04:31:35Z|Sunny|+19.8|1090.5|74
Sydney|-33.86,151.2,39|2018-11-14T09:04:23Z|Sunny|+20.2|815.0|94
Sydney|-33.86,151.2,39|2018-11-15T08:36:01Z|Sunny|+21.3|949.2|12
Sydney|-33.86,151.2,39|2018-11-16T10:07:59Z|Sunny|+23.1|997.4|59
Sydney|-33.86,151.2,39|2018-11-17T05:55:38Z|Sunny|+22.1|841.7|90
Sydney|-33.86,151.2,39|2018-11-18T03:49:36Z|Sunny|+23.3|1030.2|51
Sydney|-33.86,151.2,39|2018-11-19T03:20:20Z|Sunny|+22.7|814.2|84
Sydney|-33.86,151.2,39|2018-11-20T02:29:25Z|Sunny|+16.5|828.1|26
Sydney|-33.86,151.2,39|2018-11-21T07:08:00Z|Rain|+22.1|841.4|28
Sydney|-33.86,151.2,39|2018-11-22T01:37:26Z|Rain|+17.7|968.8|56
Sydney|-33.86,151.2,39|2018-11-23T03:01:24Z|Sunny|+17.4|880.2|98
Sydney|-33.86,151.2,39|2018-11-24T01:15:38Z|Sunny|+21.3|1020.6|84
Sydney|-33.86,151.2,39|2018-11-25T05:16:26Z|Sunny|+23.9|837.8|36
Sydney|-33.86,151.2,39|2018-11-26T02:19:25Z|Rain|+22.1|909.1|30
Sydney|-33.86,151.2,39|2018-11-27T06:24:26Z|Sunny|+17.0|802.4|30
Sydney|-33.86,151.2,39|2018-11-28T10:07:19Z|Sunny|+18.6|1074.8|87
Sydney|-33.86,151.2,39|2018-11-29T07:56:41Z|Sunny|+20.9|919.2|84
Sydney|-33.86,151.2,39|2018-11-30T09:56:27Z|Rain|+18.2|1036.2|7
Sydney|-33.86,151.2,39|2018-12-01T12:51:28Z|Sunny|+23.9|986.1|8
Sydney|-33.86,151.2,39|2018-12-02T01:27:32Z|Sunny|+20.6|1060.0|68
Sydney|-33.86,151.2,39|2018-12-03T11:47:18Z|Sunny|+19.3|957.0|33
Sydney|-33.86,151.2,39|2018-12-04T01:02:31Z|Sunny|+23.8|1072.7|3
Sydney|-33.86,151.2,39|2018-12-05T02:06:32Z|Sunny|+24.5|922.2|86
Sydney|-33.86,151.2,39|2018-12-06T10:05:08Z|Sunny|+18.2|904.6|10
Sydney|-33.86,151.2,39|2018-12-07T05:31:21Z|Sunny|+24.5|1055.7|38
Sydney|-33.86,151.2,39|2018-12-08T01:40:56Z|Rain|+19.5|860.6|56
Sydney|-33.86,151.2,39|2018-12-09T03:39:21Z|Sunny|+17.4|823.6|28
Sydney|-33.86,151.2,39|2018-12-10T10:02:44Z|Sunny|+21.0|810.0|88
Sydney|-33.86,151.2,39|2018-12-11T06:44:07Z|Sunny|+20.2|923.9|36
Sydney|-33.86,151.2,39|2018-12-12T06:55:56Z|Sunny|+23.6|825.4|14
Sydney|-33.86,151.2,39|2018-12-13T03:53:26Z|Sunny|+22.7|1011.3|32
Sydney|-33.86,151.2,39|2018-12-14T04:49:10Z|Sunny|+24.7|969.5|58
Sydney|-33.86,151.2,39|2018-12-15T09:20:18Z|Sunny|+20.3|876.9|35
Sydney|-33.86,151.2,39|2018-12-16T02:28:30Z|Sunny|+25.2|1084.5|5
Sydney|-33.86,151.2,39|2018-12-17T11:06:35Z|Sunny|+25.4|1042.4|49
Sydney|-33.86,151.2,39|2018-12-18T09:45:46Z|Sunny|+20.9|850.1|22
Sydney|-33.86,151.2,39|2018-12-19T04:42:32Z|Rain|+18.3|818.1|100
Sydney|-33.86,151.2,39|2018-12-20T05:44:54Z|Sunny|+25.1|1080.6|90
Sydney|-33.86,151.2,39|2018-12-21T10:45:26Z|Sunny|+25.4|817.0|68
Sydney|-33.86,151.2,39|2018-12-22T12:52:45Z|Sunny|+20.0|842.5|5
Sydney|-33.86,151.2,39|2018-12-23T04:29:01Z|Sunny|+24.5|1016.9|54
Sydney|-33.86,151.2,39|2018-12-24T02:03:20Z|Sunny|+20.6|935.1|13
Sydney|-33.86,151.2,39|2018-12-25T05:40:16Z|Sunny|+23.1|991.7|55
Sydney|-33.86,151.2,39|2018-12-26T07:33:15Z|Sunny|+20.2|882.7|52
Sydney|-33.86,151.2,39|2018-12-27T12:14:59Z|Sunny|+22.2|994.7|66
Sydney|-33.86,151.2,39|2018-12-28T05:29:08Z|Rain|+23.3|812.4|33
Sydney|-33.86,151.2,39|2018-12-29T02:17:46Z|Sunny|+25.0|803.1|45
Sydney|-33.86,151.2,39|2018-12-30T02:03:15Z|Sunny|+18.8|957.2|8
Sydney|-33.86,151.2,39|2018-12-31T03:35:03Z|Sunny|+19.1|1011.8|37
