Melbourne|-37.73,144.91,78|2018-01-01T09:50:01Z|Rain|+20.5|845.3|59
Melbourne|-37.73,144.91,78|2018-01-02T05:28:47Z|Sunny|+19.5|810.7|9
Melbourne|-37.73,144.91,78|2018-01-03T02:23:06Z|Rain|+14.5|992.0|4
Melbourne|-37.73,144.91,78|2018-01-04T09:38:07Z|Sunny|+23.9|819.0|33
Melbourne|-37.73,144.91,78|2018-01-05T11:22:54Z|Sunny|+20.1|916.5|29
Melbourne|-37.73,144.91,78|2018-01-06T02:13:03Z|Sunny|+16.2|985.6|10
Melbourne|-37.73,144.91,78|2018-01-07T09:33:20Z|Sunny|+15.2|952.0|26
Melbourne|-37.73,144.91,78|2018-01-08T06:51:49Z|Sunny|+13.8|864.6|36
Melbourne|-37.73,144.91,78|2018-01-09T06:16:08Z|Sunny|+16.4|997.1|26
Melbourne|-37.73,144.91,78|2018-01-10T02:12:22Z|Sunny|+14.8|1021.6|100
Melbourne|-37.73,144.91,78|2018-01-11T07:42:40Z|Sunny|+23.0|803.4|39
Melbourne|-37.73,144.91,78|2018-01-12T07:14:00Z|Sunny|+15.9|880.8|4
Melbourne|-37.73,144.91,78|2018-01-13T12:09:08Z|Sunny|+19.3|1072.1|57
Melbourne|-37.73,144.91,78|2018-01-14T08:55:48Z|Sunny|+14.8|888.0|49
Melbourne|-37.73,144.91,78|2018-01-15T03:17:06Z|Sunny|+17.9|979.8|22
Melbourne|-37.73,144.91,78|2018-01-16T02:45:22Z|Sunny|+20.9|1057.8|46
Melbourne|-37.73,144.91,78|2018-01-17T07:06:38Z|Sunny|+17.7|924.6|24
Melbourne|-37.73,144.91,78|2018-01-18T01:11:59Z|Sunny|+15.4|810.8|19
Melbourne|-37.73,144.91,78|2018-01-19T03:54:48Z|Sunny|+23.3|1065.2|82
Melbourne|-37.73,144.91,78|2018-01-20T03:53:20Z|Sunny|+24.1|851.1|87
Melbourne|-37.73,144.91,78|2018-01-21T10:57:02Z|Sunny|+25.5|813.1|8
Melbourne|-37.73,144.91,78|2018-01-22T01:15:12Z|Sunny|+16.3|867.8|54
Melbourne|-37.73,144.91,78|2018-01-23T10:34:18Z|Rain|+20.2|1016.9|85
Melbourne|-37.73,144.91,78|2018-01-24T06:57:43Z|Sunny|+25.4|995.2|39
Melbourne|-37.73,144.91,78|2018-01-25T06:24:31Z|Sunny|+14.5|1017.7|61
Melbourne|-37.73,144.91,78|2018-01-26T05:15:16Z|Sunny|+23.1|915.5|25
Melbourne|-37.73,144.91,78|2018-01-27T11:58:34Z|Sunny|+26.0|929.5|47
Melbourne|-37.73,144.91,78|2018-01-28T10:09:44Z|Sunny|+25.0|1033.0|52
Melbourne|-37.73,144.91,78|2018-01-29T07:30:04Z|Rain|+24.3|1032.6|4
Melbourne|-37.73,144.91,78|2018-01-30T08:02:28Z|Sunny|+14.6|924.7|50
Melbourne|-37.73,144.91,78|2018-01-31T03:27:10Z|Sunny|+23.7|939.1|82
Melbourne|-37.73,144.91,78|2018-02-01T05:32:55Z|Sunny|+21.1|1087.6|63
Melbourne|-37.73,144.91,78|2018-02-02T12:27:20Z|Sunny|+19.4|929.3|59
Melbourne|-37.73,144.91,78|2018-02-03T03:55:07Z|Sunny|+23.8|1003.4|67
Melbourne|-37.73,144.91,78|2018-02-04T05:48:29Z|Sunny|+24.8|968.6|24
Melbourne|-37.73,144.91,78|2018-02-05T01:44:40Z|Sunny|+19.1|965.5|29
Melbourne|-37.73,144.91,78|2018-02-06T08:48:36Z|Sunny|+19.5|926.8|61
Melbourne|-37.73,144.91,78|2018-02-07T06:31:19Z|Sunny|+19.2|867.3|62
Melbourne|-37.73,144.91,78|2018-02-08T07:23:19Z|Sunny|+19.2|939.4|81
Melbourne|-37.73,144.91,78|2018-02-09T09:42:05Z|Sunny|+24.6|1010.8|49
Melbourne|-37.73,144.91,78|2018-02-10T07:51:31Z|Sunny|+22.2|878.4|12
Melbourne|-37.73,144.91,78|2018-02-11T01:17:44Z|Sunny|+23.3|825.9|48
Melbourne|-37.73,144.91,78|2018-02-12T02:32:09Z|Sunny|+18.3|943.9|63
Melbourne|-37.73,144.91,78|2018-02-13T03:09:34Z|Sunny|+20.0|964.1|57
Melbourne|-37.73,144.91,78|2018-02-14T03:21:19Z|Sunny|+24.2|816.3|40
Melbourne|-37.73,144.91,78|2018-02-15T04:07:36Z|Sunny|+21.1|1017.5|95
Melbourne|-37.73,144.91,78|2018-02-16T02:46:10Z|Rain|+25.5|889.9|72
Melbourne|-37.73,144.91,78|2018-02-17T09:44:42Z|Rain|+15.2|949.9|45
Melbourne|-37.73,144.91,78|2018-02-18T07:04:14Z|Rain|+21.4|1010.3|25
Melbourne|-37.73,144.91,78|2018-02-19T07:27:25Z|Sunny|+17.0|1086.5|9
Melbourne|-37.73,144.91,78|2018-02-20T12:31:05Z|Sunny|+19.9|1044.8|97
Melbourne|-37.73,144.91,78|2018-02-21T10:32:11Z|Sunny|+17.0|899.1|16
Melbourne|-37.73,144.91,78|2018-02-22T11:11:56Z|Sunny|+15.4|943.1|9
Melbourne|-37.73,144.91,78|2018-02-23T02:24:33Z|Sunny|+19.1|837.9|16
Melbourne|-37.73,144.91,78|2018-02-24T07:48:48Z|Sunny|+25.2|1013.5|99
Melbourne|-37.73,144.91,78|2018-02-25T02:26:53Z|Sunny|+23.6|1082.0|75
Melbourne|-37.73,144.91,78|2018-02-26T05:06:06Z|Sunny|+21.6|998.9|59
Melbourne|-37.73,144.91,78|2018-02-27T10:26:29Z|Sunny|+19.8|934.1|50
Melbourne|-37.73,144.91,78|2018-02-28T03:49:03Z|Sunny|+17.0|969.6|47
Melbourne|-37.73,144.91,78|2018-03-01T08:54:16Z|Rain|+23.9|897.5|60
Melbourne|-37.73,144.91,78|2018-03-02T03:25:45Z|Sunny|+23.3|886.9|83
Melbourne|-37.73,144.91,78|2018-03-03T12:20:33Z|Sunny|+18.7|959.7|55
Melbourne|-37.73,144.91,78|2018-03-04T01:27:33Z|Sunny|+14.7|942.7|10
Melbourne|-37.73,144.91,78|2018-03-05T12:25:09Z|Rain|+22.2|905.8|47
Melbourne|-37.73,144.91,78|2018-03-06T02:37:15Z|Sunny|+14.0|957.6|13
Melbourne|-37.73,144.91,78|2018-03-07T10:24:36Z|Sunny|+14.6|990.8|39
Melbourne|-37.73,144.91,78|2018-03-08T02:52:09Z|Sunny|+21.5|936.6|66
Melbourne|-37.73,144.91,78|2018-03-09T08:26:29Z|Sunny|+24.2|1070.3|72
Melbourne|-37.73,144.91,78|2018-03-10T10:29:49Z|Rain|+14.8|1083.0|46
Melbourne|-37.73,144.91,78|2018-03-11T06:50:30Z|Sunny|+15.0|1037.9|63
Melbourne|-37.73,144.91,78|2018-03-12T12:22:11Z|Rain|+23.7|862.6|79
Melbourne|-37.73,144.91,78|2018-03-13T12:43:21Z|Rain|+19.5|1070.6|75
Melbourne|-37.73,144.91,78|2018-03-14T12:47:23Z|Sunny|+16.7|858.4|12
Melbourne|-37.73,144.91,78|2018-03-15T06:32:45Z|Sunny|+21.5|966.1|47
Melbourne|-37.73,144.91,78|2018-03-16T02:26:44Z|Sunny|+23.0|825.2|13
Melbourne|-37.73,144.91,78|2018-03-17T02:20:58Z|Sunny|+18.9|866.4|10
Melbourne|-37.73,144.91,78|2018-03-18T11:26:12Z|Sunny|+16.5|802.3|57
Melbourne|-37.73,144.91,78|2018-03-19T09:39:45Z|Sunny|+18.1|967.5|97
Melbourne|-37.73,144.91,78|2018-03-20T11:16:21Z|Sunny|+14.8|916.8|24
Melbourne|-37.73,144.91,78|2018-03-21T11:02:40Z|Sunny|+21.9|1099.7|64
Melbourne|-37.73,144.91,78|2018-03-22T11:25:08Z|Sunny|+18.6|841.6|93
Melbourne|-37.73,144.91,78|2018-03-23T08:11:28Z|Sunny|+20.5|1072.5|78
Melbourne|-37.73,144.91,78|2018-03-24T12:26:28Z|Sunny|+14.5|1010.1|91
Melbourne|-37.73,144.91,78|2018-03-25T05:09:09Z|Sunny|+15.4|968.7|28
Melbourne|-37.73,144.91,78|2018-03-26T07:02:20Z|Sunny|+22.2|1095.3|50
Melbourne|-37.73,144.91,78|2018-03-27T10:49:13Z|Rain|+22.5|966.7|86
Melbourne|-37.73,144.91,78|2018-03-28T01:04:13Z|Sunny|+20.5|926.9|68
Melbourne|-37.73,144.91,78|2018-03-29T02:37:51Z|Sunny|+19.1|927.3|10
Melbourne|-37.73,144.91,78|2018-03-30T11:14:33Z|Sunny|+16.5|889.9|72
Melbourne|-37.73,144.91,78|2018-03-31T09:19:09Z|Sunny|+15.8|834.4|19
Melbourne|-37.73,144.91,78|2018-04-01T06:42:55Z|Sunny|+18.5|860.5|61
Melbourne|-37.73,144.91,78|2018-04-02T07:56:29Z|Rain|+13.5|1012.7|30
Melbourne|-37.73,144.91,78|2018-04-03T11:29:51Z|Sunny|+17.2|916.9|53
Melbourne|-37.73,144.91,78|2018-04-04T04:28:32Z|Sunny|+12.9|899.3|67
Melbourne|-37.73,144.91,78|2018-04-05T07:54:32Z|Sunny|+16.7|1040.3|15
Melbourne|-37.73,144.91,78|2018-04-06T09:30:27Z|Sunny|+20.0|1080.3|12
Melbourne|-37.73,144.91,78|2018-04-07T04:50:24Z|Sunny|+13.5|969.8|55
Melbourne|-37.73,144.91,78|2018-04-08T06:24:05Z|Sunny|+19.0|1014.7|77
Melbourne|-37.73,144.91,78|2018-04-09T09:16:33Z|Sunny|+16.2|945.8|48
Melbourne|-37.73,144.91,78|2018-04-10T05:52:25Z|Sunny|+13.9|1017.3|61
Melbourne|-37.73,144.91,78|2018-04-11T12:25:43Z|Sunny|+18.5|916.1|14
Melbourne|-37.73,144.91,78|2018-04-12T07:26:37Z|Sunny|+15.8|1045.9|66
Melbourne|-37.73,144.91,78|2018-04-13T02:10:46Z|Sunny|+15.8|988.4|8
Melbourne|-37.73,144.91,78|2018-04-14T02:13:25Z|Rain|+13.1|814.7|81
Melbourne|-37.73,144.91,78|2018-04-15T04:44:03Z|Sunny|+11.0|1070.5|93
Melbourne|-37.73,144.91,78|2018-04-16T04:49:50Z|Rain|+18.1|916.6|69
Melbourne|-37.73,144.91,78|2018-04-17T09:02:20Z|Sunny|+16.2|1080.7|34
Melbourne|-37.73,144.91,78|2018-04-18T11:34:15Z|Sunny|+13.7|841.3|47
Melbourne|-37.73,144.91,78|2018-04-19T09:01:05Z|Sunny|+10.6|1006.0|82
Melbourne|-37.73,144.91,78|2018-04-20T08:07:08Z|Sunny|+11.4|1086.5|88
Melbourne|-37.73,144.91,78|2018-04-21T10:39:12Z|Sunny|+18.6|811.7|70
Melbourne|-37.73,144.91,78|2018-04-22T09:41:12Z|Sunny|+12.9|921.0|34
Melbourne|-37.73,144.91,78|2018-04-23T11:08:44Z|Sunny|+10.4|827.6|43
Melbourne|-37.73,144.91,78|2018-04-24T03:16:51Z|Sunny|+16.8|898.2|30
Melbourne|-37.73,144.91,78|2018-04-25T12:52:38Z|Rain|+15.2|1014.4|58
Melbourne|-37.73,144.91,78|2018-04-26T06:42:55Z|Sunny|+10.5|860.8|27
Melbourne|-37.73,144.91,78|2018-04-27T10:38:17Z|Sunny|+13.3|992.4|99
Melbourne|-37.73,144.91,78|2018-04-28T03:21:23Z|Sunny|+14.4|924.0|5
Melbourne|-37.73,144.91,78|2018-04-29T08:56:01Z|Sunny|+9.0|974.4|5
Melbourne|-37.73,144.91,78|2018-04-30T04:46:21Z|Sunny|+14.0|836.2|21
Melbourne|-37.73,144.91,78|2018-05-01T06:53:03Z|Sunny|+15.0|1033.2|57
Melbourne|-37.73,144.91,78|2018-05-02T12:19:08Z|Sunny|+16.7|1018.4|83
Melbourne|-37.73,144.91,78|2018-05-03T04:31:33Z|Sunny|+15.7|980.5|46
Melbourne|-37.73,144.91,78|2018-05-04T07:43:48Z|Sunny|+13.3|1020.5|57
Melbourne|-37.73,144.91,78|2018-05-05T03:14:52Z|Sunny|+15.0|926.0|94
Melbourne|-37.73,144.91,78|2018-05-06T11:30:30Z|Rain|+14.5|953.7|90
Melbourne|-37.73,144.91,78|2018-05-07T07:20:13Z|Sunny|+10.9|1072.9|9
Melbourne|-37.73,144.91,78|2018-05-08T03:33:52Z|Sunny|+8.7|1066.6|13
Melbourne|-37.73,144.91,78|2018-05-09T06:37:36Z|Sunny|+13.0|1028.1|39
Melbourne|-37.73,144.91,78|2018-05-10T10:50:17Z|Sunny|+14.4|1058.8|70
Melbourne|-37.73,144.91,78|2018-05-11T11:29:39Z|Sunny|+14.3|972.7|35
Melbourne|-37.73,144.91,78|2018-05-12T01:33:32Z|Sunny|+10.0|1093.9|69
Melbourne|-37.73,144.91,78|2018-05-13T10:11:13Z|Sunny|+14.4|1056.1|87
Melbourne|-37.73,144.91,78|2018-05-14T10:26:07Z|Rain|+12.8|969.1|83
Melbourne|-37.73,144.91,78|2018-05-15T01:04:58Z|Sunny|+12.0|876.3|23
Melbourne|-37.73,144.91,78|2018-05-16T05:09:27Z|Sunny|+11.3|842.6|96
Melbourne|-37.73,144.91,78|2018-05-17T08:36:30Z|Sunny|+8.1|838.9|29
Melbourne|-37.73,144.91,78|2018-05-18T06:32:16Z|Sunny|+13.8|1099.0|34
Melbourne|-37.73,144.91,78|2018-05-19T08:20:43Z|Rain|+13.8|928.9|58
Melbourne|-37.73,144.91,78|2018-05-20T03:57:22Z|Rain|+8.3|991.3|44
Melbourne|-37.73,144.91,78|2018-05-21T05:29:39Z|Sunny|+10.4|824.9|78
Melbourne|-37.73,144.91,78|2018-05-22T04:53:51Z|Sunny|+9.3|880.7|91
Melbourne|-37.73,144.91,78|2018-05-23T02:30:42Z|Rain|+12.6|954.8|50
Melbourne|-37.73,144.91,78|2018-05-24T11:46:56Z|Sunny|+13.6|1096.0|14
Melbourne|-37.73,144.91,78|2018-05-25T09:30:18Z|Sunny|+11.2|1062.8|23
Melbourne|-37.73,144.91,78|2018-05-26T11:53:26Z|Sunny|+8.6|1031.9|83
Melbourne|-37.73,144.91,78|2018-05-27T05:38:38Z|Rain|+9.5|1052.5|91
Melbourne|-37.73,144.91,78|2018-05-28T05:05:16Z|Sunny|+10.0|1022.5|61
Melbourne|-37.73,144.91,78|2018-05-29T02:07:45Z|Sunny|+9.2|893.0|76
Melbourne|-37.73,144.91,78|2018-05-30T09:19:56Z|Sunny|+13.7|917.2|92
Melbourne|-37.73,144.91,78|2018-05-31T12:27:12Z|Sunny|+9.1|1053.3|7
Melbourne|-37.73,144.91,78|2018-06-01T10:52:44Z|Sunny|+8.2|992.6|3
Melbourne|-37.73,144.91,78|2018-06-02T04:23:55Z|Sunny|+8.4|953.1|92
Melbourne|-37.73,144.91,78|2018-06-03T01:16:06Z|Sunny|+13.8|1079.2|43
Melbourne|-37.73,144.91,78|2018-06-04T07:34:19Z|Sunny|+10.9|997.4|76
Melbourne|-37.73,144.91,78|2018-06-05T12:24:07Z|Sunny|+11.1|835.7|31
Melbourne|-37.73,144.91,78|2018-06-06T07:37:16Z|Sunny|+9.6|1018.4|12
Melbourne|-37.73,144.91,78|2018-06-07T03:25:19Z|Sunny|+14.0|999.1|9
Melbourne|-37.73,144.91,78|2018-06-08T11:21:42Z|Sunny|+6.6|889.1|42
Melbourne|-37.73,144.91,78|2018-06-09T03:45:51Z|Sunny|+11.5|815.1|15
Melbourne|-37.73,144.91,78|2018-06-10T07:44:57Z|Rain|+12.1|1052.8|23
Melbourne|-37.73,144.91,78|2018-06-11T09:26:35Z|Sunny|+10.4|1084.9|6
Melbourne|-37.73,144.91,78|2018-06-12T02:35:29Z|Sunny|+8.8|879.7|57
Melbourne|-37.73,144.91,78|2018-06-13T05:16:36Z|Sunny|+8.8|935.2|16
Melbourne|-37.73,144.91,78|2018-06-14T07:41:17Z|Rain|+8.4|800.2|71
Melbourne|-37.73,144.91,78|2018-06-15T06:58:18Z|Sunny|+13.1|909.0|69
Melbourne|-37.73,144.91,78|2018-06-16T10:30:01Z|Sunny|+12.4|996.5|4
Melbourne|-37.73,144.91,78|2018-06-17T06:46:28Z|Sunny|+6.1|917.0|2
Melbourne|-37.73,144.91,78|2018-06-18T03:02:39Z|Sunny|+9.8|991.0|39
Melbourne|-37.73,144.91,78|2018-06-19T05:17:27Z|Sunny|+7.7|949.5|28
Melbourne|-37.73,144.91,78|2018-06-20T08:57:08Z|Sunny|+12.8|887.3|85
Melbourne|-37.73,144.91,78|2018-06-21T12:35:31Z|Sunny|+7.0|890.8|34
Melbourne|-37.73,144.91,78|2018-06-22T06:25:34Z|Sunny|+12.4|815.7|93
Melbourne|-37.73,144.91,78|2018-06-23T08:32:53Z|Sunny|+10.6|1024.2|59
Melbourne|-37.73,144.91,78|2018-06-24T07:23:15Z|Sunny|+12.0|990.6|68
Melbourne|-37.73,144.91,78|2018-06-25T11:36:16Z|Sunny|+8.6|827.4|2
Melbourne|-37.73,144.91,78|2018-06-26T11:42:40Z|Sunny|+7.9|875.7|58
Melbourne|-37.73,144.91,78|2018-06-27T07:11:15Z|Rain|+6.4|1000.8|11
Melbourne|-37.73,144.91,78|2018-06-28T09:29:50Z|Sunny|+7.5|916.4|65
Melbourne|-37.73,144.91,78|2018-06-29T07:48:35Z|Rain|+10.0|1096.6|95
Melbourne|-37.73,144.91,78|2018-06-30T06:02:31Z|Sunny|+8.2|909.4|25
Melbourne|-37.73,144.91,78|2018-07-01T08:39:17Z|Sunny|+6.4|857.1|50
Melbourne|-37.73,144.91,78|2018-07-02T11:13:36Z|Sunny|+12.7|807.6|59
Melbourne|-37.73,144.91,78|2018-07-03T06:11:41Z|Rain|+11.6|963.0|4
Melbourne|-37.73,144.91,78|2018-07-04T04:46:19Z|Rain|+13.0|1044.9|70
Melbourne|-37.73,144.91,78|2018-07-05T03:43:29Z|Sunny|+6.9|922.1|63
Melbourne|-37.73,144.91,78|2018-07-06T10:56:38Z|Sunny|+7.5|891.7|93
Melbourne|-37.73,144.91,78|2018-07-07T09:02:12Z|Sunny|+5.4|956.5|49
Melbourne|-37.73,144.91,78|2018-07-08T08:49:45Z|Sunny|+11.3|1050.6|51
Melbourne|-37.73,144.91,78|2018-07-09T06:01:52Z|Sunny|+6.0|930.2|13
Melbourne|-37.73,144.91,78|2018-07-10T03:46:36Z|Sunny|+11.6|1022.2|16
Melbourne|-37.73,144.91,78|2018-07-11T02:54:53Z|Sunny|+10.7|807.0|87
Melbourne|-37.73,144.91,78|2018-07-12T03:59:15Z|Sunny|+8.9|911.5|57
Melbourne|-37.73,144.91,78|2018-07-13T07:44:57Z|Sunny|+8.2|895.8|27
Melbourne|-37.73,144.91,78|2018-07-14T01:24:21Z|Sunny|+7.4|1051.3|18
Melbourne|-37.73,144.91,78|2018-07-15T11:45:35Z|Sunny|+6.6|1048.2|56
Melbourne|-37.73,144.91,78|2018-07-16T10:05:29Z|Rain|+7.6|961.4|26
Melbourne|-37.73,144.91,78|2018-07-17T06:49:34Z|Sunny|+6.1|981.3|9
Melbourne|-37.73,144.91,78|2018-07-18T12:41:31Z|Sunny|+6.4|863.3|34
Melbourne|-37.73,144.91,78|2018-07-19T01:50:11Z|Sunny|+10.4|862.9|76
Melbourne|-37.73,144.91,78|2018-07-20T05:51:55Z|Rain|+12.7|1094.7|21
Melbourne|-37.73,144.91,78|2018-07-21T11:29:47Z|Snow|+12.8|936.0|58
Melbourne|-37.73,144.91,78|2018-07-22T03:22:02Z|Sunny|+7.5|973.5|65
Melbourne|-37.73,144.91,78|2018-07-23T04:25:39Z|Sunny|+10.8|865.8|9
Melbourne|-37.73,144.91,78|2018-07-24T05:51:32Z|Sunny|+12.8|1080.0|17
Melbourne|-37.73,144.91,78|2018-07-25T06:32:34Z|Sunny|+13.4|916.5|91
Melbourne|-37.73,144.91,78|2018-07-26T01:33:28Z|Sunny|+11.0|985.1|100
Melbourne|-37.73,144.91,78|2018-07-27T12:51:26Z|Sunny|+8.5|1093.9|97
Melbourne|-37.73,144.91,78|2018-07-28T09:22:28Z|Sunny|+9.4|804.9|32
Melbourne|-37.73,144.91,78|2018-07-29T04:26:18Z|Snow|+10.3|1085.9|43
Melbourne|-37.73,144.91,78|2018-07-30T12:45:57Z|Sunny|+9.1|840.0|100
Melbourne|-37.73,144.91,78|2018-07-31T01:30:19Z|Sunny|+7.6|981.2|66
Melbourne|-37.73,144.91,78|2018-08-01T07:11:35Z|Sunny|+12.8|873.2|89
Melbourne|-37.73,144.91,78|2018-08-02T04:56:18Z|Sunny|+8.8|909.0|6
Melbourne|-37.73,144.91,78|2018-08-03T09:54:57Z|Sunny|+6.6|859.3|77
Melbourne|-37.73,144.91,78|2018-08-04T11:20:53Z|Sunny|+5.5|1065.1|14
Melbourne|-37.73,144.91,78|2018-08-05T12:03:13Z|Sunny|+13.2|899.4|63
Melbourne|-37.73,144.91,78|2018-08-06T12:48:50Z|Sunny|+13.2|936.9|3
Melbourne|-37.73,144.91,78|2018-08-07T06:53:12Z|Sunny|+13.5|978.1|1
Melbourne|-37.73,144.91,78|2018-08-08T12:23:45Z|Sunny|+12.5|859.7|68
Melbourne|-37.73,144.91,78|2018-08-09T01:07:34Z|Sunny|+10.8|898.7|59
Melbourne|-37.73,144.91,78|2018-08-10T12:15:33Z|Sunny|+13.5|1073.9|64
Melbourne|-37.73,144.91,78|2018-08-11T09:45:21Z|Sunny|+10.7|1084.5|97
Melbourne|-37.73,144.91,78|2018-08-12T11:20:49Z|Sunny|+8.4|927.7|74
Melbourne|-37.73,144.91,78|2018-08-13T07:04:45Z|Sunny|+8.2|1039.0|91
Melbourne|-37.73,144.91,78|2018-08-14T08:46:56Z|Sunny|+13.5|976.3|37
Melbourne|-37.73,144.91,78|2018-08-15T01:26:14Z|Sunny|+10.8|867.6|12
Melbourne|-37.73,144.91,78|2018-08-16T04:12:08Z|Sunny|+7.8|971.9|20
Melbourne|-37.73,144.91,78|2018-08-17T12:31:34Z|Sunny|+5.9|882.7|42
Melbourne|-37.73,144.91,78|2018-08-18T02:33:09Z|Sunny|+10.2|869.7|95
Melbourne|-37.73,144.91,78|2018-08-19T01:48:49Z|Sunny|+14.5|886.5|31
Melbourne|-37.73,144.91,78|2018-08-20T11:29:13Z|Sunny|+11.5|977.9|40
Melbourne|-37.73,144.91,78|2018-08-21T03:25:35Z|Sunny|+14.3|1065.9|54
Melbourne|-37.73,144.91,78|2018-08-22T09:02:19Z|Sunny|+14.3|941.5|79
Melbourne|-37.73,144.91,78|2018-08-23T05:48:12Z|Sunny|+13.0|850.7|45
Melbourne|-37.73,144.91,78|2018-08-24T01:58:45Z|Sunny|+14.4|1090.1|23
Melbourne|-37.73,144.91,78|2018-08-25T06:21:05Z|Sunny|+11.1|1074.1|64
Melbourne|-37.73,144.91,78|2018-08-26T01:59:03Z|Sunny|+11.6|942.5|68
Melbourne|-37.73,144.91,78|2018-08-27T07:54:25Z|Sunny|+12.3|933.2|6
Melbourne|-37.73,144.91,78|2018-08-28T09:07:11Z|Sunny|+11.1|996.4|90
Melbourne|-37.73,144.91,78|2018-08-29T12:05:27Z|Sunny|+15.3|1050.4|15
Melbourne|-37.73,144.91,78|2018-08-30T07:52:50Z|Sunny|+10.7|848.3|8
Melbourne|-37.73,144.91,78|2018-08-31T04:31:59Z|Sunny|+11.9|801.5|43
Melbourne|-37.73,144.91,78|2018-09-01T08:22:08Z|Sunny|+10.5|1067.5|90
Melbourne|-37.73,144.91,78|2018-09-02T05:05:24Z|Sunny|+15.2|821.2|82
Melbourne|-37.73,144.91,78|2018-09-03T03:34:48Z|Sunny|+15.0|1085.2|6
Melbourne|-37.73,144.91,78|2018-09-04T07:26:42Z|Sunny|+6.5|1020.8|18
Melbourne|-37.73,144.91,78|2018-09-05T04:36:12Z|Snow|+13.0|918.7|94
Melbourne|-37.73,144.91,78|2018-09-06T02:00:31Z|Sunny|+6.3|838.5|45
Melbourne|-37.73,144.91,78|2018-09-07T04:03:51Z|Sunny|+10.0|863.1|96
Melbourne|-37.73,144.91,78|2018-09-08T12:48:31Z|Sunny|+12.3|1029.0|47
Melbourne|-37.73,144.91,78|2018-09-09T03:31:15Z|Rain|+7.9|1029.6|52
Melbourne|-37.73,144.91,78|2018-09-10T12:51:55Z|Sunny|+14.9|1069.4|91
Melbourne|-37.73,144.91,78|2018-09-11T05:39:01Z|Sunny|+11.6|934.9|54
Melbourne|-37.73,144.91,78|2018-09-12T05:19:32Z|Sunny|+15.3|1048.8|23
Melbourne|-37.73,144.91,78|2018-09-13T07:52:14Z|Sunny|+15.5|1084.7|92
Melbourne|-37.73,144.91,78|2018-09-14T01:01:22Z|Rain|+11.7|985.4|56
Melbourne|-37.73,144.91,78|2018-09-15T04:13:25Z|Sunny|+14.6|917.7|47
Melbourne|-37.73,144.91,78|2018-09-16T10:58:20Z|Sunny|+11.6|867.7|6
Melbourne|-37.73,144.91,78|2018-09-17T03:59:28Z|Sunny|+10.7|1005.8|76
Melbourne|-37.73,144.91,78|2018-09-18T04:01:13Z|Sunny|+8.5|868.4|45
Melbourne|-37.73,144.91,78|2018-09-19T01:19:52Z|Sunny|+14.6|914.6|23
Melbourne|-37.73,144.91,78|2018-09-20T03:42:29Z|Sunny|+9.6|847.3|4
Melbourne|-37.73,144.91,78|2018-09-21T07:43:05Z|Sunny|+16.0|976.3|76
Melbourne|-37.73,144.91,78|2018-09-22T04:22:39Z|Rain|+10.6|1045.9|63
Melbourne|-37.73,144.91,78|2018-09-23T09:47:42Z|Sunny|+14.8|994.6|24
Melbourne|-37.73,144.91,78|2018-09-24T06:39:36Z|Sunny|+9.7|1029.7|87
Melbourne|-37.73,144.91,78|2018-09-25T12:56:01Z|Rain|+13.7|942.5|56
Melbourne|-37.73,144.91,78|2018-09-26T06:33:36Z|Sunny|+11.3|1083.3|19
Melbourne|-37.73,144.91,78|2018-09-27T12:44:13Z|Sunny|+7.7|886.7|18
Melbourne|-37.73,144.91,78|2018-09-28T02:06:15Z|Sunny|+13.0|871.8|41
Melbourne|-37.73,144.91,78|2018-09-29T12:54:52Z|Sunny|+13.6|866.3|12
Melbourne|-37.73,144.91,78|2018-09-30T08:27:37Z|Sunny|+11.6|997.6|81
Melbourne|-37.73,144.91,78|2018-10-01T12:52:30Z|Sunny|+11.1|1077.6|68
Melbourne|-37.73,144.91,78|2018-10-02T01:29:31Z|Sunny|+9.4|1069.1|44
Melbourne|-37.73,144.91,78|2018-10-03T03:29:08Z|Sunny|+18.0|816.9|91
Melbourne|-37.73,144.91,78|2018-10-04T12:38:42Z|Sunny|+14.8|928.7|3
Melbourne|-37.73,144.91,78|2018-10-05T04:03:09Z|Sunny|+8.0|882.7|66
Melbourne|-37.73,144.91,78|2018-10-06T07:18:33Z|Sunny|+10.7|1044.6|35
Melbourne|-37.73,144.91,78|2018-10-07T04:04:21Z|Sunny|+10.5|1061.4|85
Melbourne|-37.73,144.91,78|2018-10-08T03:29:24Z|Sunny|+11.6|992.6|94
Melbourne|-37.73,144.91,78|2018-10-09T07:51:12Z|Sunny|+18.4|873.1|15
Melbourne|-37.73,144.91,78|2018-10-10T08:28:48Z|Sunny|+14.6|967.1|90
Melbourne|-37.73,144.91,78|2018-10-11T08:17:51Z|Sunny|+9.8|984.3|26
Melbourne|-37.73,144.91,78|2018-10-12T11:02:02Z|Rain|+16.2|926.5|85
Melbourne|-37.73,144.91,78|2018-10-13T04:19:14Z|Sunny|+16.7|1068.4|28
Melbourne|-37.73,144.91,78|2018-10-14T11:20:34Z|Sunny|+10.0|816.7|100
Melbourne|-37.73,144.91,78|2018-10-15T08:48:18Z|Sunny|+8.6|918.9|48
Melbourne|-37.73,144.91,78|2018-10-16T11:08:58Z|Sunny|+15.6|885.8|15
Melbourne|-37.73,144.91,78|2018-10-17T01:44:52Z|Sunny|+15.6|995.7|44
Melbourne|-37.73,144.91,78|2018-10-18T10:11:32Z|Rain|+18.5|992.1|28
Melbourne|-37.73,144.91,78|2018-10-19T05:17:22Z|Sunny|+9.7|928.3|32
Melbourne|-37.73,144.91,78|2018-10-20T05:04:28Z|Sunny|+11.1|849.0|82
Melbourne|-37.73,144.91,78|2018-10-21T07:52:15Z|Sunny|+15.3|830.2|44
Melbourne|-37.73,144.91,78|2018-10-22T08:02:14Z|Sunny|+9.7|835.0|52
Melbourne|-37.73,144.91,78|2018-10-23T05:26:34Z|Sunny|+16.6|1035.1|68
Melbourne|-37.73,144.91,78|2018-10-24T04:37:59Z|Sunny|+9.3|895.8|45
Melbourne|-37.73,144.91,78|2018-10-25T04:57:07Z|Sunny|+18.6|975.0|46
Melbourne|-37.73,144.91,78|2018-10-26T04:16:20Z|Sunny|+15.1|819.0|97
Melbourne|-37.73,144.91,78|2018-10-27T05:35:58Z|Sunny|+18.0|1082.2|37
Melbourne|-37.73,144.91,78|2018-10-28T07:54:16Z|Sunny|+11.0|1006.0|44
Melbourne|-37.73,144.91,78|2018-10-29T02:53:14Z|Sunny|+19.3|1092.0|52
Melbourne|-37.73,144.91,78|2018-10-30T01:38:18Z|Sunny|+17.2|1046.1|39
Melbourne|-37.73,144.91,78|2018-10-31T09:17:39Z|Sunny|+14.1|1008.9|77
Melbourne|-37.73,144.91,78|2018-11-01T04:13:25Z|Sunny|+15.4|1099.6|100
Melbourne|-37.73,144.91,78|2018-11-02T04:08:29Z|Sunny|+10.7|1042.6|21
Melbourne|-37.73,144.91,78|2018-11-03T09:23:34Z|Sunny|+18.8|1087.7|44
Melbourne|-37.73,144.91,78|2018-11-04T08:07:43Z|Rain|+10.6|1029.8|12
Melbourne|-37.73,144.91,78|2018-11-05T10:22:05Z|Sunny|+17.6|838.6|45
Melbourne|-37.73,144.91,78|2018-11-06T02:32:05Z|Sunny|+14.7|879.6|59
Melbourne|-37.73,144.91,78|2018-11-07T02:32:07Z|Sunny|+13.0|837.1|3
Melbourne|-37.73,144.91,78|2018-11-08T12:57:57Z|Rain|+14.3|840.1|12
Melbourne|-37.73,144.91,78|2018-11-09T02:45:09Z|Sunny|+12.2|813.4|92
Melbourne|-37.73,144.91,78|2018-11-10T05:45:38Z|Rain|+17.1|866.1|88
Melbourne|-37.73,144.91,78|2018-11-11T12:32:23Z|Sunny|+15.8|869.7|59
Melbourne|-37.73,144.91,78|2018-11-12T07:01:41Z|Sunny|+19.8|881.2|24
Melbourne|-37.73,144.91,78|2018-11-13T02:58:38Z|Sunny|+12.3|1004.7|48
Melbourne|-37.73,144.91,78|2018-11-14T09:10:44Z|Sunny|+11.6|1042.9|22
Melbourne|-37.73,144.91,78|2018-11-15T09:12:06Z|Sunny|+16.5|1007.8|93
Melbourne|-37.73,144.91,78|2018-11-16T06:33:29Z|Rain|+21.8|994.2|35
Melbourne|-37.73,144.91,78|2018-11-17T03:52:59Z|Sunny|+14.7|876.3|85
Melbourne|-37.73,144.91,78|2018-11-18T04:40:00Z|Sunny|+15.4|943.3|9
Melbourne|-37.73,144.91,78|2018-11-19T09:07:04Z|Sunny|+13.2|818.3|84
Melbourne|-37.73,144.91,78|2018-11-20T12:08:00Z|Sunny|+12.7|1058.7|98
Melbourne|-37.73,144.91,78|2018-11-21T09:35:53Z|Sunny|+16.5|1027.9|19
Melbourne|-37.73,144.91,78|2018-11-22T09:10:13Z|Rain|+19.5|969.3|94
Melbourne|-37.73,144.91,78|2018-11-23T07:41:26Z|Sunny|+15.6|1096.7|86
Melbourne|-37.73,144.91,78|2018-11-24T02:25:36Z|Sunny|+20.3|948.4|8
Melbourne|-37.73,144.91,78|2018-11-25T12:24:54Z|Sunny|+13.7|1052.1|99
Melbourne|-37.73,144.91,78|2018-11-26T11:42:37Z|Sunny|+18.7|984.5|24
Melbourne|-37.73,144.91,78|2018-11-27T07:39:50Z|Sunny|+16.5|1057.2|64
Melbourne|-37.73,144.91,78|2018-11-28T11:31:54Z|Sunny|+12.3|929.4|29
Melbourne|-37.73,144.91,78|2018-11-29T09:51:02Z|Rain|+13.4|1047.0|20
Melbourne|-37.73,144.91,78|2018-11-30T04:44:07Z|Sunny|+23.1|1078.2|74
Melbourne|-37.73,144.91,78|2018-12-01T09:34:44Z|Sunny|+19.7|1022.5|21
Melbourne|-37.73,144.91,78|2018-12-02T09:59:02Z|Sunny|+18.1|1055.2|53
Melbourne|-37.73,144.91,78|2018-12-03T07:39:43Z|Sunny|+12.0|1091.4|97
Melbourne|-37.73,144.91,78|2018-12-04T12:05:36Z|Sunny|+15.8|1021.8|99
Melbourne|-37.73,144.91,78|2018-12-05T12:13:07Z|Rain|+20.9|906.1|42
Melbourne|-37.73,144.91,78|2018-12-06T02:34:59Z|Sunny|+22.8|913.3|45
Melbourne|-37.73,144.91,78|2018-12-07T01:46:07Z|Rain|+21.1|900.0|95
Melbourne|-37.73,144.91,78|2018-12-08T08:31:45Z|Sunny|+19.7|906.2|30
Melbourne|-37.73,144.91,78|2018-12-09T10:09:18Z|Sunny|+21.3|972.4|32
Melbourne|-37.73,144.91,78|2018-12-10T07:23:44Z|Sunny|+17.3|818.4|48
Melbourne|-37.73,144.91,78|2018-12-11T07:13:25Z|Sunny|+17.8|825.7|54
Melbourne|-37.73,144.91,78|2018-12-12T06:53:10Z|Sunny|+19.3|976.2|64
Melbourne|-37.73,144.91,78|2018-12-13T09:34:56Z|Rain|+16.9|929.9|77
Melbourne|-37.73,144.91,78|2018-12-14T01:29:42Z|Sunny|+20.9|1074.2|19
Melbourne|-37.73,144.91,78|2018-12-15T10:58:22Z|Sunny|+23.2|834.9|49
Melbourne|-37.73,144.91,78|2018-12-16T09:34:36Z|Sunny|+21.9|1093.0|23
Melbourne|-37.73,144.91,78|2018-12-17T05:25:09Z|Sunny|+22.3|907.3|82
Melbourne|-37.73,144.91,78|2018-12-18T10:07:18Z|Sunny|+14.2|989.3|11
Melbourne|-37.73,144.91,78|2018-12-19T11:25:33Z|Sunny|+22.7|873.1|65
Melbourne|-37.73,144.91,78|2018-12-20T08:19:19Z|Sunny|+15.0|949.7|100
Melbourne|-37.73,144.91,78|2018-12-21T01:50:39Z|Rain|+19.8|985.0|97
Melbourne|-37.73,144.91,78|2018-12-22T12:08:03Z|Sunny|+20.0|951.1|13
Melbourne|-37.73,144.91,78|2018-12-23T02:19:47Z|Sunny|+18.2|1055.3|3
Melbourne|-37.73,144.91,78|2018-12-24T06:59:59Z|Sunny|+24.9|822.9|79
Melbourne|-37.73,144.91,78|2018-12-25T01:54:43Z|Sunny|+16.2|959.6|56
Melbourne|-37.73,144.91,78|2018-12-26T01:33:02Z|Sunny|+18.3|948.8|54
Melbourne|-37.73,144.91,78|2018-12-27T11:18:24Z|Sunny|+13.3|913.6|66
Melbourne|-37.73,144.91,78|2018-12-28T05:54:36Z|Sunny|+15.1|814.6|56
Melbourne|-37.73,144.91,78|2018-12-29T04:02:01Z|Sunny|+17.8|947.6|93
Melbourne|-37.73,144.91,78|2018-12-30T02:16:48Z|Sunny|+24.3|1009.7|69
Melbourne|-37.73,144.91,78|2018-12-31T12:22:22Z|Sunny|+16.9|1061.2|12
Adelaide|-34.93,138.58,29|2018-01-01T09:24:41Z|Rain|+18.4|907.3|63
Adelaide|-34.93,138.58,29|2018-01-02T05:59:50Z|Sunny|+23.9|902.0|55
Adelaide|-34.93,138.58,29|2018-01-03T01:43:37Z|Sunny|+19.1|897.5|47
Adelaide|-34.93,138.58,29|2018-01-04T08:17:32Z|Sunny|+22.3|815.5|14
Adelaide|-34.93,138.58,29|2018-01-05T07:14:38Z|Sunny|+25.4|833.5|32
Adelaide|-34.93,138.58,29|2018-01-06T10:56:48Z|Rain|+18.0|1006.7|57
Adelaide|-34.93,138.58,29|2018-01-07T04:54:11Z|Sunny|+18.8|1045.3|24
Adelaide|-34.93,138.58,29|2018-01-08T09:19:38Z|Sunny|+28.5|904.0|14
Adelaide|-34.93,138.58,29|2018-01-09T09:03:17Z|Sunny|+28.3|1051.3|77
Adelaide|-34.93,138.58,29|2018-01-10T08:04:38Z|Rain|+24.9|967.7|32
Adelaide|-34.93,138.58,29|2018-01-11T01:27:05Z|Sunny|+18.3|888.4|71
Adelaide|-34.93,138.58,29|2018-01-12T08:48:27Z|Sunny|+25.6|838.9|64
Adelaide|-34.93,138.58,29|2018-01-13T11:29:42Z|Sunny|+21.1|896.7|9
Adelaide|-34.93,138.58,29|2018-01-14T04:38:40Z|Sunny|+19.1|974.7|46
Adelaide|-34.93,138.58,29|2018-01-15T03:54:02Z|Sunny|+19.8|1096.4|21
Adelaide|-34.93,138.58,29|2018-01-16T05:12:30Z|Sunny|+23.5|1097.8|26
Adelaide|-34.93,138.58,29|2018-01-17T04:23:56Z|Sunny|+21.7|1044.8|19
Adelaide|-34.93,138.58,29|2018-01-18T04:56:02Z|Rain|+25.1|948.3|98
Adelaide|-34.93,138.58,29|2018-01-19T11:08:36Z|Sunny|+23.8|974.6|47
Adelaide|-34.93,138.58,29|2018-01-20T07:35:45Z|Sunny|+23.8|828.7|28
Adelaide|-34.93,138.58,29|2018-01-21T02:49:59Z|Sunny|+17.2|860.0|40
Adelaide|-34.93,138.58,29|2018-01-22T07:59:04Z|Sunny|+25.6|1071.9|65
Adelaide|-34.93,138.58,29|2018-01-23T06:56:03Z|Sunny|+18.5|975.4|10
Adelaide|-34.93,138.58,29|2018-01-24T11:07:24Z|Sunny|+25.5|1037.7|52
Adelaide|-34.93,138.58,29|2018-01-25T11:32:17Z|Rain|+17.0|966.4|51
Adelaide|-34.93,138.58,29|2018-01-26T00:47:19Z|Sunny|+21.0|871.3|40
Adelaide|-34.93,138.58,29|2018-01-27T11:59:58Z|Sunny|+23.2|924.5|61
Adelaide|-34.93,138.58,29|2018-01-28T03:05:49Z|Sunny|+25.8|1066.6|34
Adelaide|-34.93,138.58,29|2018-01-29T02:06:35Z|Sunny|+28.0|834.1|16
Adelaide|-34.93,138.58,29|2018-01-30T04:25:16Z|Rain|+27.1|908.0|35
Adelaide|-34.93,138.58,29|2018-01-31T12:15:49Z|Sunny|+22.8|862.9|55
Adelaide|-34.93,138.58,29|2018-02-01T01:39:40Z|Rain|+24.3|986.9|21
Adelaide|-34.93,138.58,29|2018-02-02T00:58:29Z|Sunny|+27.1|853.0|54
Adelaide|-34.93,138.58,29|2018-02-03T12:12:10Z|Sunny|+20.0|852.2|86
Adelaide|-34.93,138.58,29|2018-02-04T05:35:44Z|Sunny|+22.1|884.8|91
Adelaide|-34.93,138.58,29|2018-02-05T11:35:55Z|Sunny|+26.9|1036.6|77
Adelaide|-34.93,138.58,29|2018-02-06T08:28:49Z|Rain|+19.3|978.9|66
Adelaide|-34.93,138.58,29|2018-02-07T01:39:14Z|Sunny|+26.8|890.0|72
Adelaide|-34.93,138.58,29|2018-02-08T07:20:12Z|Sunny|+18.5|972.6|16
Adelaide|-34.93,138.58,29|2018-02-09T06:44:24Z|Sunny|+22.8|1058.0|2
Adelaide|-34.93,138.58,29|2018-02-10T03:02:53Z|Sunny|+26.6|831.1|40
Adelaide|-34.93,138.58,29|2018-02-11T06:38:07Z|Sunny|+22.2|1080.9|11
Adelaide|-34.93,138.58,29|2018-02-12T00:52:55Z|Sunny|+18.3|1007.6|36
Adelaide|-34.93,138.58,29|2018-02-13T07:26:48Z|Sunny|+18.0|991.6|52
Adelaide|-34.93,138.58,29|2018-02-14T10:11:35Z|Sunny|+24.6|1064.6|58
Adelaide|-34.93,138.58,29|2018-02-15T04:17:12Z|Sunny|+19.2|1039.4|56
Adelaide|-34.93,138.58,29|2018-02-16T07:11:50Z|Rain|+23.8|1029.5|79
Adelaide|-34.93,138.58,29|2018-02-17T10:33:06Z|Sunny|+18.2|1008.3|24
Adelaide|-34.93,138.58,29|2018-02-18T09:39:35Z|Sunny|+25.6|1085.9|30
Adelaide|-34.93,138.58,29|2018-02-19T07:37:08Z|Sunny|+23.6|933.9|47
Adelaide|-34.93,138.58,29|2018-02-20T03:20:06Z|Rain|+17.4|855.6|67
Adelaide|-34.93,138.58,29|2018-02-21T12:15:33Z|Rain|+19.5|836.7|29
Adelaide|-34.93,138.58,29|2018-02-22T05:59:56Z|Sunny|+21.9|1038.6|39
Adelaide|-34.93,138.58,29|2018-02-23T06:04:47Z|Sunny|+18.1|887.5|98
Adelaide|-34.93,138.58,29|2018-02-24T10:04:24Z|Sunny|+19.5|930.6|95
Adelaide|-34.93,138.58,29|2018-02-25T09:06:13Z|Sunny|+17.1|888.9|53
Adelaide|-34.93,138.58,29|2018-02-26T03:13:47Z|Rain|+25.8|832.9|61
Adelaide|-34.93,138.58,29|2018-02-27T03:29:24Z|Rain|+22.7|896.0|42
Adelaide|-34.93,138.58,29|2018-02-28T06:58:35Z|Sunny|+18.4|928.0|52
Adelaide|-34.93,138.58,29|2018-03-01T01:30:37Z|Sunny|+20.4|1089.5|88
Adelaide|-34.93,138.58,29|2018-03-02T04:42:20Z|Sunny|+25.0|848.0|37
Adelaide|-34.93,138.58,29|2018-03-03T06:15:40Z|Sunny|+21.7|880.7|51
Adelaide|-34.93,138.58,29|2018-03-04T05:27:18Z|Sunny|+24.8|1017.3|26
Adelaide|-34.93,138.58,29|2018-03-05T11:27:30Z|Rain|+21.3|1072.4|100
Adelaide|-34.93,138.58,29|2018-03-06T01:34:30Z|Sunny|+26.0|842.8|66
Adelaide|-34.93,138.58,29|2018-03-07T10:33:04Z|Sunny|+20.5|946.6|86
Adelaide|-34.93,138.58,29|2018-03-08T11:03:21Z|Sunny|+17.2|841.4|80
Adelaide|-34.93,138.58,29|2018-03-09T03:37:17Z|Sunny|+17.8|842.5|66
Adelaide|-34.93,138.58,29|2018-03-10T07:53:39Z|Sunny|+16.9|1043.3|13
Adelaide|-34.93,138.58,29|2018-03-11T07:04:13Z|Sunny|+17.5|1035.6|98
Adelaide|-34.93,138.58,29|2018-03-12T02:49:40Z|Sunny|+21.4|1065.3|78
Adelaide|-34.93,138.58,29|2018-03-13T01:16:53Z|Sunny|+18.7|1082.4|40
Adelaide|-34.93,138.58,29|2018-03-14T09:56:15Z|Sunny|+20.2|889.7|89
Adelaide|-34.93,138.58,29|2018-03-15T08:45:42Z|Sunny|+18.0|826.7|2
Adelaide|-34.93,138.58,29|2018-03-16T07:47:49Z|Sunny|+25.5|979.2|11
Adelaide|-34.93,138.58,29|2018-03-17T01:35:25Z|Sunny|+18.9|974.8|36
Adelaide|-34.93,138.58,29|2018-03-18T02:22:37Z|Sunny|+17.4|910.3|18
Adelaide|-34.93,138.58,29|2018-03-19T02:22:24Z|Sunny|+19.0|1093.6|1
Adelaide|-34.93,138.58,29|2018-03-20T01:24:46Z|Sunny|+18.7|976.8|34
Adelaide|-34.93,138.58,29|2018-03-21T11:30:49Z|Sunny|+25.1|1016.0|25
Adelaide|-34.93,138.58,29|2018-03-22T12:21:43Z|Rain|+20.0|974.8|82
Adelaide|-34.93,138.58,29|2018-03-23T05:22:50Z|Rain|+17.8|1077.6|36
Adelaide|-34.93,138.58,29|2018-03-24T08:38:08Z|Sunny|+22.6|992.8|7
Adelaide|-34.93,138.58,29|2018-03-25T01:29:47Z|Sunny|+22.2|804.2|69
Adelaide|-34.93,138.58,29|2018-03-26T09:48:04Z|Sunny|+22.4|826.2|22
Adelaide|-34.93,138.58,29|2018-03-27T02:58:50Z|Sunny|+23.1|992.0|85
Adelaide|-34.93,138.58,29|2018-03-28T02:36:49Z|Sunny|+22.2|1045.5|68
Adelaide|-34.93,138.58,29|2018-03-29T05:11:47Z|Sunny|+21.5|1027.4|59
Adelaide|-34.93,138.58,29|2018-03-30T01:50:25Z|Sunny|+20.5|994.9|41
Adelaide|-34.93,138.58,29|2018-03-31T06:10:19Z|Sunny|+22.1|871.1|57
Adelaide|-34.93,138.58,29|2018-04-01T02:24:51Z|Sunny|+20.4|955.8|8
Adelaide|-34.93,138.58,29|2018-04-02T12:13:40Z|Sunny|+17.7|1084.6|97
Adelaide|-34.93,138.58,29|2018-04-03T06:25:58Z|Sunny|+23.6|861.2|53
Adelaide|-34.93,138.58,29|2018-04-04T07:05:21Z|Sunny|+14.1|829.6|75
Adelaide|-34.93,138.58,29|2018-04-05T02:08:30Z|Sunny|+14.4|960.1|21
Adelaide|-34.93,138.58,29|2018-04-06T11:26:10Z|Rain|+14.8|872.3|75
Adelaide|-34.93,138.58,29|2018-04-07T01:28:16Z|Sunny|+20.1|1030.3|25
Adelaide|-34.93,138.58,29|2018-04-08T03:10:38Z|Sunny|+19.9|885.6|29
Adelaide|-34.93,138.58,29|2018-04-09T11:08:11Z|Sunny|+19.0|1060.6|65
Adelaide|-34.93,138.58,29|2018-04-10T03:03:25Z|Rain|+17.7|1010.3|68
Adelaide|-34.93,138.58,29|2018-04-11T07:47:05Z|Sunny|+19.6|1005.6|56
Adelaide|-34.93,138.58,29|2018-04-12T00:38:26Z|Sunny|+21.5|910.2|31
Adelaide|-34.93,138.58,29|2018-04-13T01:48:21Z|Sunny|+16.2|910.4|47
Adelaide|-34.93,138.58,29|2018-04-14T06:17:45Z|Sunny|+21.0|839.3|44
Adelaide|-34.93,138.58,29|2018-04-15T00:44:42Z|Sunny|+14.0|951.0|79
Adelaide|-34.93,138.58,29|2018-04-16T07:23:07Z|Sunny|+22.1|1079.1|15
Adelaide|-34.93,138.58,29|2018-04-17T04:42:55Z|Sunny|+13.7|839.6|55
Adelaide|-34.93,138.58,29|2018-04-18T05:22:38Z|Sunny|+18.4|869.8|75
Adelaide|-34.93,138.58,29|2018-04-19T06:44:58Z|Sunny|+19.6|1041.9|48
Adelaide|-34.93,138.58,29|2018-04-20T00:55:42Z|Sunny|+18.7|927.6|28
Adelaide|-34.93,138.58,29|2018-04-21T07:03:07Z|Sunny|+19.6|853.8|41
Adelaide|-34.93,138.58,29|2018-04-22T06:26:53Z|Sunny|+17.6|1094.2|35
Adelaide|-34.93,138.58,29|2018-04-23T03:29:03Z|Sunny|+19.7|804.9|8
Adelaide|-34.93,138.58,29|2018-04-24T02:10:32Z|Sunny|+13.7|929.6|98
Adelaide|-34.93,138.58,29|2018-04-25T09:24:43Z|Sunny|+13.3|1002.7|81
Adelaide|-34.93,138.58,29|2018-04-26T07:02:13Z|Sunny|+12.7|989.9|39
Adelaide|-34.93,138.58,29|2018-04-27T09:13:43Z|Sunny|+12.5|1064.4|86
Adelaide|-34.93,138.58,29|2018-04-28T09:46:14Z|Sunny|+17.8|977.4|80
Adelaide|-34.93,138.58,29|2018-04-29T05:41:44Z|Sunny|+13.0|897.0|86
Adelaide|-34.93,138.58,29|2018-04-30T01:55:01Z|Sunny|+16.1|1007.7|70
Adelaide|-34.93,138.58,29|2018-05-01T05:27:13Z|Sunny|+17.2|995.1|73
Adelaide|-34.93,138.58,29|2018-05-02T06:20:35Z|Rain|+16.3|859.7|73
Adelaide|-34.93,138.58,29|2018-05-03T06:15:55Z|Rain|+20.1|986.1|58
Adelaide|-34.93,138.58,29|2018-05-04T11:12:30Z|Sunny|+15.7|824.7|63
Adelaide|-34.93,138.58,29|2018-05-05T00:38:58Z|Sunny|+18.5|885.5|65
Adelaide|-34.93,138.58,29|2018-05-06T08:59:08Z|Sunny|+13.0|861.7|32
Adelaide|-34.93,138.58,29|2018-05-07T07:17:31Z|Sunny|+17.7|1068.9|6
Adelaide|-34.93,138.58,29|2018-05-08T12:04:58Z|Sunny|+16.4|801.8|45
Adelaide|-34.93,138.58,29|2018-05-09T08:37:52Z|Sunny|+16.8|981.2|92
Adelaide|-34.93,138.58,29|2018-05-10T03:10:22Z|Sunny|+17.8|1016.0|25
Adelaide|-34.93,138.58,29|2018-05-11T04:29:40Z|Sunny|+14.3|927.6|48
Adelaide|-34.93,138.58,29|2018-05-12T04:19:05Z|Sunny|+11.0|903.5|96
Adelaide|-34.93,138.58,29|2018-05-13T04:44:07Z|Sunny|+18.0|910.2|3
Adelaide|-34.93,138.58,29|2018-05-14T08:00:02Z|Sunny|+17.6|1012.9|10
Adelaide|-34.93,138.58,29|2018-05-15T12:08:54Z|Sunny|+17.3|867.7|100
Adelaide|-34.93,138.58,29|2018-05-16T03:51:09Z|Sunny|+11.7|869.8|88
Adelaide|-34.93,138.58,29|2018-05-17T01:08:00Z|Sunny|+14.6|928.0|96
Adelaide|-34.93,138.58,29|2018-05-18T06:47:41Z|Sunny|+11.0|1025.2|95
Adelaide|-34.93,138.58,29|2018-05-19T09:51:51Z|Sunny|+15.6|970.1|1
Adelaide|-34.93,138.58,29|2018-05-20T01:28:15Z|Rain|+10.9|870.7|4
Adelaide|-34.93,138.58,29|2018-05-21T10:10:46Z|Sunny|+10.1|1002.4|37
Adelaide|-34.93,138.58,29|2018-05-22T09:32:12Z|Rain|+17.1|960.6|60
Adelaide|-34.93,138.58,29|2018-05-23T08:39:25Z|Sunny|+13.4|921.0|32
Adelaide|-34.93,138.58,29|2018-05-24T01:26:49Z|Sunny|+16.6|985.0|76
Adelaide|-34.93,138.58,29|2018-05-25T06:03:29Z|Sunny|+12.7|928.6|67
Adelaide|-34.93,138.58,29|2018-05-26T12:07:30Z|Sunny|+13.8|1088.3|44
Adelaide|-34.93,138.58,29|2018-05-27T12:19:41Z|Sunny|+10.4|1040.1|51
Adelaide|-34.93,138.58,29|2018-05-28T03:36:58Z|Sunny|+13.9|937.3|57
Adelaide|-34.93,138.58,29|2018-05-29T05:59:47Z|Sunny|+12.7|1081.5|72
Adelaide|-34.93,138.58,29|2018-05-30T01:53:46Z|Sunny|+9.6|1058.6|71
Adelaide|-34.93,138.58,29|2018-05-31T11:27:10Z|Sunny|+11.1|982.2|37
Adelaide|-34.93,138.58,29|2018-06-01T09:04:40Z|Sunny|+14.6|863.7|34
Adelaide|-34.93,138.58,29|2018-06-02T01:42:19Z|Sunny|+12.4|934.3|4
Adelaide|-34.93,138.58,29|2018-06-03T00:41:09Z|Sunny|+15.2|1079.6|33
Adelaide|-34.93,138.58,29|2018-06-04T10:23:37Z|Sunny|+10.5|925.6|33
Adelaide|-34.93,138.58,29|2018-06-05T05:18:10Z|Sunny|+12.6|1077.9|7
Adelaide|-34.93,138.58,29|2018-06-06T10:41:37Z|Rain|+13.8|921.6|26
Adelaide|-34.93,138.58,29|2018-06-07T09:12:01Z|Rain|+9.1|1028.9|74
Adelaide|-34.93,138.58,29|2018-06-08T09:59:46Z|Sunny|+15.8|1010.3|45
Adelaide|-34.93,138.58,29|2018-06-09T09:04:14Z|Sunny|+13.9|1096.3|14
Adelaide|-34.93,138.58,29|2018-06-10T07:24:00Z|Sunny|+11.1|839.6|1
Adelaide|-34.93,138.58,29|2018-06-11T11:18:45Z|Sunny|+10.1|1002.9|38
Adelaide|-34.93,138.58,29|2018-06-12T02:39:48Z|Sunny|+13.7|822.1|92
Adelaide|-34.93,138.58,29|2018-06-13T11:31:26Z|Rain|+8.8|983.6|10
Adelaide|-34.93,138.58,29|2018-06-14T02:26:42Z|Sunny|+13.5|919.7|96
Adelaide|-34.93,138.58,29|2018-06-15T05:27:23Z|Sunny|+14.5|921.4|37
Adelaide|-34.93,138.58,29|2018-06-16T11:49:18Z|Sunny|+13.4|975.5|64
Adelaide|-34.93,138.58,29|2018-06-17T03:01:10Z|Sunny|+9.4|877.1|19
Adelaide|-34.93,138.58,29|2018-06-18T06:34:23Z|Sunny|+11.7|995.4|94
Adelaide|-34.93,138.58,29|2018-06-19T02:01:08Z|Sunny|+13.5|931.3|51
Adelaide|-34.93,138.58,29|2018-06-20T10:46:38Z|Sunny|+13.0|895.1|52
Adelaide|-34.93,138.58,29|2018-06-21T02:13:13Z|Rain|+14.1|823.2|4
Adelaide|-34.93,138.58,29|2018-06-22T10:09:35Z|Sunny|+14.7|1007.7|96
Adelaide|-34.93,138.58,29|2018-06-23T03:43:51Z|Sunny|+14.9|987.5|36
Adelaide|-34.93,138.58,29|2018-06-24T04:18:29Z|Sunny|+13.1|998.2|51
Adelaide|-34.93,138.58,29|2018-06-25T08:31:23Z|Sunny|+12.0|958.7|77
Adelaide|-34.93,138.58,29|2018-06-26T03:36:03Z|Sunny|+7.9|835.0|15
Adelaide|-34.93,138.58,29|2018-06-27T07:46:09Z|Sunny|+11.5|925.9|8
Adelaide|-34.93,138.58,29|2018-06-28T06:45:32Z|Sunny|+12.9|1068.8|100
Adelaide|-34.93,138.58,29|2018-06-29T07:40:38Z|Sunny|+12.8|995.4|33
Adelaide|-34.93,138.58,29|2018-06-30T10:52:52Z|Sunny|+10.6|921.3|61
Adelaide|-34.93,138.58,29|2018-07-01T04:58:55Z|Sunny|+12.4|988.4|71
Adelaide|-34.93,138.58,29|2018-07-02T05:24:17Z|Sunny|+11.4|965.3|84
Adelaide|-34.93,138.58,29|2018-07-03T03:05:33Z|Sunny|+11.1|956.1|79
Adelaide|-34.93,138.58,29|2018-07-04T07:41:55Z|Sunny|+8.3|941.7|3
Adelaide|-34.93,138.58,29|2018-07-05T12:01:33Z|Sunny|+10.6|917.3|18
Adelaide|-34.93,138.58,29|2018-07-06T08:32:10Z|Sunny|+9.9|937.0|85
Adelaide|-34.93,138.58,29|2018-07-07T00:31:07Z|Rain|+13.9|912.6|72
Adelaide|-34.93,138.58,29|2018-07-08T08:36:20Z|Sunny|+14.2|808.0|33
Adelaide|-34.93,138.58,29|2018-07-09T05:31:30Z|Sunny|+9.5|841.9|61
Adelaide|-34.93,138.58,29|2018-07-10T10:59:17Z|Sunny|+10.7|1026.1|46
Adelaide|-34.93,138.58,29|2018-07-11T03:21:33Z|Snow|+7.6|876.3|71
Adelaide|-34.93,138.58,29|2018-07-12T09:07:02Z|Sunny|+8.0|1086.1|6
Adelaide|-34.93,138.58,29|2018-07-13T05:31:24Z|Sunny|+10.0|823.9|32
Adelaide|-34.93,138.58,29|2018-07-14T07:00:48Z|Sunny|+14.4|943.2|84
Adelaide|-34.93,138.58,29|2018-07-15T04:42:34Z|Sunny|+11.7|907.0|18
Adelaide|-34.93,138.58,29|2018-07-16T05:52:40Z|Sunny|+9.8|986.8|68
Adelaide|-34.93,138.58,29|2018-07-17T04:44:07Z|Sunny|+14.0|866.7|77
Adelaide|-34.93,138.58,29|2018-07-18T09:43:29Z|Sunny|+8.6|938.3|90
Adelaide|-34.93,138.58,29|2018-07-19T01:02:51Z|Sunny|+13.5|942.1|5
Adelaide|-34.93,138.58,29|2018-07-20T08:51:45Z|Sunny|+10.8|1064.4|15
Adelaide|-34.93,138.58,29|2018-07-21T00:41:46Z|Sunny|+13.4|988.7|51
Adelaide|-34.93,138.58,29|2018-07-22T08:50:24Z|Sunny|+10.0|869.6|66
Adelaide|-34.93,138.58,29|2018-07-23T10:31:27Z|Sunny|+14.2|1049.7|15
Adelaide|-34.93,138.58,29|2018-07-24T04:48:59Z|Rain|+9.1|940.7|18
Adelaide|-34.93,138.58,29|2018-07-25T07:47:42Z|Sunny|+14.4|892.5|40
Adelaide|-34.93,138.58,29|2018-07-26T01:27:13Z|Sunny|+10.5|1090.4|28
Adelaide|-34.93,138.58,29|2018-07-27T08:48:54Z|Sunny|+12.8|877.1|20
Adelaide|-34.93,138.58,29|2018-07-28T08:55:35Z|Sunny|+15.1|813.0|44
Adelaide|-34.93,138.58,29|2018-07-29T10:50:17Z|Sunny|+9.0|1009.5|47
Adelaide|-34.93,138.58,29|2018-07-30T09:23:43Z|Sunny|+10.5|1052.6|90
Adelaide|-34.93,138.58,29|2018-07-31T05:07:09Z|Sunny|+14.8|892.7|92
Adelaide|-34.93,138.58,29|2018-08-01T07:44:30Z|Sunny|+12.2|1077.7|57
Adelaide|-34.93,138.58,29|2018-08-02T03:12:54Z|Sunny|+9.3|1062.3|58
Adelaide|-34.93,138.58,29|2018-08-03T05:05:46Z|Sunny|+12.0|972.6|99
Adelaide|-34.93,138.58,29|2018-08-04T06:45:24Z|Sunny|+9.4|953.2|5
Adelaide|-34.93,138.58,29|2018-08-05T05:33:11Z|Sunny|+12.6|1025.0|50
Adelaide|-34.93,138.58,29|2018-08-06T01:51:09Z|Sunny|+12.5|839.6|8
Adelaide|-34.93,138.58,29|2018-08-07T09:57:08Z|Sunny|+13.1|895.0|14
Adelaide|-34.93,138.58,29|2018-08-08T03:15:48Z|Sunny|+15.0|825.6|27
Adelaide|-34.93,138.58,29|2018-08-09T06:09:03Z|Sunny|+9.2|830.0|26
Adelaide|-34.93,138.58,29|2018-08-10T10:15:50Z|Sunny|+13.8|861.1|89
Adelaide|-34.93,138.58,29|2018-08-11T07:32:23Z|Sunny|+14.2|926.9|23
Adelaide|-34.93,138.58,29|2018-08-12T07:36:42Z|Sunny|+14.7|955.6|53
Adelaide|-34.93,138.58,29|2018-08-13T01:48:56Z|Sunny|+8.8|1004.2|4
Adelaide|-34.93,138.58,29|2018-08-14T00:52:50Z|Sunny|+11.8|931.3|22
Adelaide|-34.93,138.58,29|2018-08-15T10:51:15Z|Sunny|+14.4|900.2|61
Adelaide|-34.93,138.58,29|2018-08-16T09:02:08Z|Sunny|+12.9|1058.4|1
Adelaide|-34.93,138.58,29|2018-08-17T08:20:58Z|Sunny|+12.4|898.2|22
Adelaide|-34.93,138.58,29|2018-08-18T09:33:52Z|Sunny|+11.9|848.1|10
Adelaide|-34.93,138.58,29|2018-08-19T11:45:15Z|Sunny|+15.8|1076.8|50
Adelaide|-34.93,138.58,29|2018-08-20T10:40:11Z|Sunny|+10.3|853.0|83
Adelaide|-34.93,138.58,29|2018-08-21T02:05:38Z|Sunny|+9.6|1094.3|36
Adelaide|-34.93,138.58,29|2018-08-22T11:06:06Z|Sunny|+15.0|1052.5|37
Adelaide|-34.93,138.58,29|2018-08-23T02:29:30Z|Sunny|+11.5|1017.5|23
Adelaide|-34.93,138.58,29|2018-08-24T07:43:22Z|Sunny|+9.6|1014.3|38
Adelaide|-34.93,138.58,29|2018-08-25T12:20:57Z|Sunny|+15.2|969.8|12
Adelaide|-34.93,138.58,29|2018-08-26T11:33:10Z|Sunny|+9.2|919.5|66
Adelaide|-34.93,138.58,29|2018-08-27T11:38:05Z|Sunny|+9.2|966.3|86
Adelaide|-34.93,138.58,29|2018-08-28T02:02:54Z|Sunny|+11.6|820.7|59
Adelaide|-34.93,138.58,29|2018-08-29T06:27:44Z|Sunny|+15.7|854.3|77
Adelaide|-34.93,138.58,29|2018-08-30T07:19:49Z|Sunny|+12.4|963.9|1
Adelaide|-34.93,138.58,29|2018-08-31T01:51:18Z|Sunny|+14.5|1052.0|100
Adelaide|-34.93,138.58,29|2018-09-01T08:23:21Z|Sunny|+17.0|1060.3|94
Adelaide|-34.93,138.58,29|2018-09-02T01:58:25Z|Sunny|+12.0|808.2|3
Adelaide|-34.93,138.58,29|2018-09-03T12:13:25Z|Sunny|+12.4|1042.2|82
Adelaide|-34.93,138.58,29|2018-09-04T10:20:23Z|Sunny|+10.2|908.7|20
Adelaide|-34.93,138.58,29|2018-09-05T03:38:36Z|Sunny|+10.6|1092.1|29
Adelaide|-34.93,138.58,29|2018-09-06T01:15:44Z|Sunny|+13.3|832.0|67
Adelaide|-34.93,138.58,29|2018-09-07T04:46:00Z|Sunny|+12.6|879.9|61
Adelaide|-34.93,138.58,29|2018-09-08T07:28:29Z|Sunny|+15.9|904.2|72
Adelaide|-34.93,138.58,29|2018-09-09T09:28:30Z|Sunny|+13.5|981.9|97
Adelaide|-34.93,138.58,29|2018-09-10T11:35:29Z|Sunny|+15.0|935.7|74
Adelaide|-34.93,138.58,29|2018-09-11T07:37:49Z|Sunny|+15.2|921.6|48
Adelaide|-34.93,138.58,29|2018-09-12T03:18:58Z|Sunny|+15.4|1008.8|68
Adelaide|-34.93,138.58,29|2018-09-13T02:24:36Z|Sunny|+13.8|1021.5|77
Adelaide|-34.93,138.58,29|2018-09-14T07:26:21Z|Sunny|+14.1|1021.4|68
Adelaide|-34.93,138.58,29|2018-09-15T06:28:30Z|Sunny|+13.8|866.0|38
Adelaide|-34.93,138.58,29|2018-09-16T07:08:17Z|Sunny|+9.5|896.7|77
Adelaide|-34.93,138.58,29|2018-09-17T10:45:32Z|Sunny|+14.6|1040.9|14
Adelaide|-34.93,138.58,29|2018-09-18T06:18:12Z|Sunny|+14.8|1089.4|71
Adelaide|-34.93,138.58,29|2018-09-19T02:22:53Z|Rain|+12.9|958.0|8
Adelaide|-34.93,138.58,29|2018-09-20T01:23:57Z|Rain|+11.9|885.8|73
Adelaide|-34.93,138.58,29|2018-09-21T06:25:42Z|Sunny|+15.7|850.6|38
Adelaide|-34.93,138.58,29|2018-09-22T06:46:35Z|Sunny|+10.9|1031.7|90
Adelaide|-34.93,138.58,29|2018-09-23T11:48:20Z|Sunny|+17.6|856.0|27
Adelaide|-34.93,138.58,29|2018-09-24T08:25:52Z|Sunny|+18.1|856.7|17
Adelaide|-34.93,138.58,29|2018-09-25T07:10:58Z|Rain|+10.7|1027.2|26
Adelaide|-34.93,138.58,29|2018-09-26T10:56:18Z|Sunny|+15.1|821.7|39
Adelaide|-34.93,138.58,29|2018-09-27T10:04:01Z|Rain|+16.4|824.7|22
Adelaide|-34.93,138.58,29|2018-09-28T04:28:21Z|Sunny|+12.1|910.6|65
Adelaide|-34.93,138.58,29|2018-09-29T08:36:02Z|Sunny|+10.7|875.4|29
Adelaide|-34.93,138.58,29|2018-09-30T07:58:51Z|Sunny|+13.5|880.9|45
Adelaide|-34.93,138.58,29|2018-10-01T03:39:10Z|Sunny|+18.7|992.5|95
Adelaide|-34.93,138.58,29|2018-10-02T10:19:05Z|Sunny|+11.8|879.5|44
Adelaide|-34.93,138.58,29|2018-10-03T09:40:43Z|Sunny|+10.9|813.8|64
Adelaide|-34.93,138.58,29|2018-10-04T10:47:29Z|Sunny|+14.2|1086.2|66
Adelaide|-34.93,138.58,29|2018-10-05T08:47:04Z|Sunny|+11.6|936.9|31
Adelaide|-34.93,138.58,29|2018-10-06T02:31:27Z|Sunny|+12.1|989.4|95
Adelaide|-34.93,138.58,29|2018-10-07T04:26:49Z|Sunny|+14.2|975.2|42
Adelaide|-34.93,138.58,29|2018-10-08T10:16:33Z|Sunny|+12.7|845.6|80
Adelaide|-34.93,138.58,29|2018-10-09T04:46:42Z|Sunny|+11.8|991.7|88
Adelaide|-34.93,138.58,29|2018-10-10T06:26:05Z|Sunny|+13.3|979.6|97
Adelaide|-34.93,138.58,29|2018-10-11T04:30:33Z|Sunny|+16.9|877.6|70
Adelaide|-34.93,138.58,29|2018-10-12T10:33:03Z|Sunny|+11.9|921.0|51
Adelaide|-34.93,138.58,29|2018-10-13T04:49:47Z|Rain|+17.0|1021.9|91
Adelaide|-34.93,138.58,29|2018-10-14T05:51:32Z|Sunny|+14.3|837.3|63
Adelaide|-34.93,138.58,29|2018-10-15T09:42:47Z|Sunny|+16.2|865.3|86
Adelaide|-34.93,138.58,29|2018-10-16T01:40:59Z|Sunny|+14.7|886.1|46
Adelaide|-34.93,138.58,29|2018-10-17T08:19:40Z|Rain|+11.6|1060.7|12
Adelaide|-34.93,138.58,29|2018-10-18T02:35:59Z|Rain|+12.9|829.1|94
Adelaide|-34.93,138.58,29|2018-10-19T07:10:00Z|Sunny|+21.0|806.1|45
Adelaide|-34.93,138.58,29|2018-10-20T09:14:45Z|Sunny|+18.3|869.5|96
Adelaide|-34.93,138.58,29|2018-10-21T03:08:11Z|Rain|+14.9|980.4|20
Adelaide|-34.93,138.58,29|2018-10-22T07:02:41Z|Sunny|+17.2|1063.8|6
Adelaide|-34.93,138.58,29|2018-10-23T07:02:24Z|Rain|+16.5|815.9|65
Adelaide|-34.93,138.58,29|2018-10-24T07:25:18Z|Sunny|+21.0|926.8|72
Adelaide|-34.93,138.58,29|2018-10-25T01:00:11Z|Sunny|+15.3|970.8|38
Adelaide|-34.93,138.58,29|2018-10-26T11:29:28Z|Sunny|+22.5|802.2|67
Adelaide|-34.93,138.58,29|2018-10-27T02:35:30Z|Sunny|+18.0|834.4|29
Adelaide|-34.93,138.58,29|2018-10-28T04:42:54Z|Sunny|+18.4|962.9|97
Adelaide|-34.93,138.58,29|2018-10-29T11:54:38Z|Sunny|+16.8|930.5|78
Adelaide|-34.93,138.58,29|2018-10-30T07:37:21Z|Rain|+20.4|895.4|44
Adelaide|-34.93,138.58,29|2018-10-31T07:22:01Z|Sunny|+21.8|825.9|27
Adelaide|-34.93,138.58,29|2018-11-01T01:49:19Z|Sunny|+13.4|921.9|62
Adelaide|-34.93,138.58,29|2018-11-02T03:33:59Z|Sunny|+20.2|853.9|28
Adelaide|-34.93,138.58,29|2018-11-03T02:10:24Z|Sunny|+12.9|816.4|50
Adelaide|-34.93,138.58,29|2018-11-04T09:21:10Z|Sunny|+13.5|964.7|61
Adelaide|-34.93,138.58,29|2018-11-05T02:45:55Z|Sunny|+16.1|848.3|53
Adelaide|-34.93,138.58,29|2018-11-06T03:08:07Z|Sunny|+12.7|927.8|63
Adelaide|-34.93,138.58,29|2018-11-07T01:27:41Z|Sunny|+19.7|818.3|61
Adelaide|-34.93,138.58,29|2018-11-08T02:13:04Z|Sunny|+12.5|991.6|65
Adelaide|-34.93,138.58,29|2018-11-09T05:20:19Z|Sunny|+15.5|901.3|21
Adelaide|-34.93,138.58,29|2018-11-10T07:11:07Z|Sunny|+23.6|912.0|23
Adelaide|-34.93,138.58,29|2018-11-11T03:42:20Z|Rain|+14.1|1098.9|11
Adelaide|-34.93,138.58,29|2018-11-12T11:05:30Z|Sunny|+15.4|1096.7|34
Adelaide|-34.93,138.58,29|2018-11-13T04:43:08Z|Sunny|+23.0|1099.4|68
Adelaide|-34.93,138.58,29|2018-11-14T07:18:14Z|Sunny|+18.5|1030.7|63
Adelaide|-34.93,138.58,29|2018-11-15T06:32:07Z|Sunny|+14.0|872.7|8
Adelaide|-34.93,138.58,29|2018-11-16T11:51:17Z|Sunny|+20.4|868.3|72
Adelaide|-34.93,138.58,29|2018-11-17T04:03:35Z|Sunny|+19.8|987.6|24
Adelaide|-34.93,138.58,29|2018-11-18T05:15:36Z|Sunny|+20.8|875.3|44
Adelaide|-34.93,138.58,29|2018-11-19T11:42:42Z|Sunny|+23.7|973.4|83
Adelaide|-34.93,138.58,29|2018-11-20T03:52:57Z|Sunny|+18.6|920.4|60
Adelaide|-34.93,138.58,29|2018-11-21T10:54:37Z|Sunny|+18.0|984.3|89
Adelaide|-34.93,138.58,29|2018-11-22T10:39:06Z|Sunny|+15.6|835.6|56
Adelaide|-34.93,138.58,29|2018-11-23T05:47:08Z|Sunny|+14.3|839.3|56
Adelaide|-34.93,138.58,29|2018-11-24T02:47:47Z|Sunny|+22.6|999.5|25
Adelaide|-34.93,138.58,29|2018-11-25T10:50:55Z|Sunny|+16.0|852.7|59
Adelaide|-34.93,138.58,29|2018-11-26T08:10:15Z|Sunny|+15.1|868.7|91
Adelaide|-34.93,138.58,29|2018-11-27T05:40:33Z|Sunny|+21.1|986.3|13
Adelaide|-34.93,138.58,29|2018-11-28T11:39:22Z|Sunny|+20.5|930.7|70
Adelaide|-34.93,138.58,29|2018-11-29T02:49:16Z|Sunny|+19.3|847.9|45
Adelaide|-34.93,138.58,29|2018-11-30T06:55:14Z|Sunny|+25.5|980.9|81
Adelaide|-34.93,138.58,29|2018-12-01T09:05:09Z|Sunny|+24.3|938.8|71
Adelaide|-34.93,138.58,29|2018-12-02T02:39:21Z|Sunny|+16.6|946.8|70
Adelaide|-34.93,138.58,29|2018-12-03T08:37:23Z|Sunny|+20.6|1092.0|69
Adelaide|-34.93,138.58,29|2018-12-04T02:09:30Z|Sunny|+18.8|1011.7|65
Adelaide|-34.93,138.58,29|2018-12-05T05:52:01Z|Sunny|+21.1|1022.6|72
Adelaide|-34.93,138.58,29|2018-12-06T02:49:44Z|Sunny|+21.8|847.7|72
Adelaide|-34.93,138.58,29|2018-12-07T10:35:47Z|Sunny|+18.1|800.2|34
Adelaide|-34.93,138.58,29|2018-12-08T04:20:18Z|Rain|+25.3|916.9|62
Adelaide|-34.93,138.58,29|2018-12-09T09:34:46Z|Sunny|+18.1|830.4|7
Adelaide|-34.93,138.58,29|2018-12-10T05:09:37Z|Sunny|+19.3|1046.2|61
Adelaide|-34.93,138.58,29|2018-12-11T11:57:26Z|Sunny|+21.8|802.1|18
Adelaide|-34.93,138.58,29|2018-12-12T02:13:05Z|Sunny|+21.4|1006.2|68
Adelaide|-34.93,138.58,29|2018-12-13T09:37:56Z|Sunny|+25.9|1032.7|60
Adelaide|-34.93,138.58,29|2018-12-14T04:50:34Z|Sunny|+16.9|848.8|23
Adelaide|-34.93,138.58,29|2018-12-15T00:37:39Z|Sunny|+18.3|990.9|56
Adelaide|-34.93,138.58,29|2018-12-16T02:59:41Z|Sunny|+20.9|1052.2|93
Adelaide|-34.93,138.58,29|2018-12-17T10:14:26Z|Sunny|+16.3|939.4|46
Adelaide|-34.93,138.58,29|2018-12-18T07:08:29Z|Sunny|+24.5|955.7|22
Adelaide|-34.93,138.58,29|2018-12-19T09:07:02Z|Sunny|+18.6|924.7|60
Adelaide|-34.93,138.58,29|2018-12-20T10:01:21Z|Sunny|+24.7|935.0|37
Adelaide|-34.93,138.58,29|2018-12-21T01:16:27Z|Sunny|+15.9|991.8|80
Adelaide|-34.93,138.58,29|2018-12-22T03:56:12Z|Sunny|+27.8|988.4|81
Adelaide|-34.93,138.58,29|2018-12-23T12:18:37Z|Sunny|+22.8|871.2|73
Adelaide|-34.93,138.58,29|2018-12-24T03:58:39Z|Sunny|+16.3|1003.9|11
Adelaide|-34.93,138.58,29|2018-12-25T11:54:16Z|Sunny|+21.6|910.6|21
Adelaide|-34.93,138.58,29|2018-12-26T02:13:50Z|Sunny|+26.5|912.4|40
Adelaide|-34.93,138.58,29|2018-12-27T10:34:34Z|Sunny|+18.1|1015.7|7
Adelaide|-34.93,138.58,29|2018-12-28T02:49:04Z|Sunny|+20.9|1040.5|7
Adelaide|-34.93,138.58,29|2018-12-29T07:08:01Z|Sunny|+22.5|1067.7|1
Adelaide|-34.93,138.58,29|2018-12-30T07:33:07Z|Sunny|+18.5|1060.3|50
Adelaide|-34.93,138.58,29|2018-12-31T08:48:57Z|Sunny|+23.3|864.5|45
Sydney|-33.86,151.2,39|2018-01-01T01:38:03Z|Sunny|+25.3|918.2|50
Sydney|-33.86,151.2,39|2018-01-02T04:22:47Z|Sunny|+20.1|938.7|28
Sydney|-33.86,151.2,39|2018-01-03T10:02:33Z|Sunny|+24.3|1030.8|88
Sydney|-33.86,151.2,39|2018-01-04T01:35:54Z|Sunny|+25.9|1075.2|84
Sydney|-33.86,151.2,39|2018-01-05T02:13:55Z|Sunny|+18.6|999.4|30
Sydney|-33.86,151.2,39|2018-01-06T06:57:02Z|Rain|+25.4|888.1|87
Sydney|-33.86,151.2,39|2018-01-07T06:28:35Z|Sunny|+24.6|815.0|83
Sydney|-33.86,151.2,39|2018-01-08T08:21:01Z|Sunny|+22.2|893.2|50
Sydney|-33.86,151.2,39|2018-01-09T07:27:07Z|Sunny|+22.8|1096.5|89
Sydney|-33.86,151.2,39|2018-01-10T11:04:04Z|Sunny|+20.8|839.0|68
Sydney|-33.86,151.2,39|2018-01-11T09:12:12Z|Sunny|+18.9|963.8|23
Sydney|-33.86,151.2,39|2018-01-12T12:50:46Z|Sunny|+20.1|860.4|92
Sydney|-33.86,151.2,39|2018-01-13T07:50:38Z|Sunny|+22.0|832.9|24
Sydney|-33.86,151.2,39|2018-01-14T11:00:08Z|Sunny|+21.2|827.5|87
Sydney|-33.86,151.2,39|2018-01-15T08:51:22Z|Sunny|+20.9|942.0|27
Sydney|-33.86,151.2,39|2018-01-16T03:31:04Z|Sunny|+20.5|826.2|74
Sydney|-33.86,151.2,39|2018-01-17T05:54:27Z|Sunny|+24.1|989.4|89
Sydney|-33.86,151.2,39|2018-01-18T04:10:36Z|Sunny|+22.3|1077.7|27
Sydney|-33.86,151.2,39|2018-01-19T10:05:54Z|Rain|+21.5|1014.8|17
Sydney|-33.86,151.2,39|2018-01-20T12:30:40Z|Rain|+21.8|870.6|75
Sydney|-33.86,151.2,39|2018-01-21T08:35:21Z|Sunny|+21.2|987.6|26
Sydney|-33.86,151.2,39|2018-01-22T01:49:56Z|Sunny|+25.0|823.8|9
Sydney|-33.86,151.2,39|2018-01-23T06:51:19Z|Rain|+22.0|809.2|71
Sydney|-33.86,151.2,39|2018-01-24T12:07:28Z|Sunny|+26.0|841.8|77
Sydney|-33.86,151.2,39|2018-01-25T05:58:37Z|Sunny|+23.7|1096.3|23
Sydney|-33.86,151.2,39|2018-01-26T05:23:07Z|Sunny|+23.4|1015.5|8
Sydney|-33.86,151.2,39|2018-01-27T10:47:52Z|Sunny|+26.1|1055.3|31
Sydney|-33.86,151.2,39|2018-01-28T02:07:07Z|Sunny|+20.9|816.3|59
Sydney|-33.86,151.2,39|2018-01-29T03:47:06Z|Sunny|+22.4|1005.8|46
Sydney|-33.86,151.2,39|2018-01-30T09:13:19Z|Sunny|+19.1|917.4|10
Sydney|-33.86,151.2,39|2018-01-31T12:48:41Z|Sunny|+20.9|1095.4|30
Sydney|-33.86,151.2,39|2018-02-01T11:42:37Z|Sunny|+23.7|839.4|36
Sydney|-33.86,151.2,39|2018-02-02T01:48:44Z|Sunny|+20.0|968.8|85
Sydney|-33.86,151.2,39|2018-02-03T11:44:58Z|Rain|+24.6|955.1|38
Sydney|-33.86,151.2,39|2018-02-04T07:51:02Z|Rain|+21.9|997.2|16
Sydney|-33.86,151.2,39|2018-02-05T08:02:44Z|Sunny|+22.6|944.0|64
Sydney|-33.86,151.2,39|2018-02-06T11:33:16Z|Rain|+25.2|924.5|89
Sydney|-33.86,151.2,39|2018-02-07T08:58:41Z|Sunny|+21.6|933.9|5
Sydney|-33.86,151.2,39|2018-02-08T02:10:36Z|Sunny|+20.6|916.3|45
Sydney|-33.86,151.2,39|2018-02-09T12:46:11Z|Sunny|+24.0|956.8|20
Sydney|-33.86,151.2,39|2018-02-10T11:11:12Z|Sunny|+23.6|822.0|48
Sydney|-33.86,151.2,39|2018-02-11T12:37:07Z|Sunny|+25.4|946.4|64
Sydney|-33.86,151.2,39|2018-02-12T08:41:01Z|Sunny|+21.0|1012.3|40
Sydney|-33.86,151.2,39|2018-02-13T06:05:24Z|Sunny|+24.3|960.8|90
Sydney|-33.86,151.2,39|2018-02-14T10:22:39Z|Sunny|+25.2|1062.2|74
Sydney|-33.86,151.2,39|2018-02-15T06:45:42Z|Sunny|+20.9|1015.1|58
Sydney|-33.86,151.2,39|2018-02-16T06:43:31Z|Sunny|+23.9|1030.5|83
Sydney|-33.86,151.2,39|2018-02-17T09:57:35Z|Sunny|+20.6|940.0|65
Sydney|-33.86,151.2,39|2018-02-18T07:10:55Z|Sunny|+23.8|1082.2|38
Sydney|-33.86,151.2,39|2018-02-19T06:21:46Z|Sunny|+25.8|1005.7|77
Sydney|-33.86,151.2,39|2018-02-20T11:06:47Z|Sunny|+25.8|930.9|74
Sydney|-33.86,151.2,39|2018-02-21T05:25:43Z|Sunny|+24.6|991.1|20
Sydney|-33.86,151.2,39|2018-02-22T09:22:58Z|Sunny|+23.5|966.2|92
Sydney|-33.86,151.2,39|2018-02-23T01:33:38Z|Sunny|+23.5|823.1|38
Sydney|-33.86,151.2,39|2018-02-24T06:46:38Z|Sunny|+20.5|1064.4|46
Sydney|-33.86,151.2,39|2018-02-25T07:56:40Z|Sunny|+25.0|936.8|48
Sydney|-33.86,151.2,39|2018-02-26T10:58:51Z|Sunny|+22.2|849.3|68
Sydney|-33.86,151.2,39|2018-02-27T12:00:59Z|Rain|+18.8|974.2|54
Sydney|-33.86,151.2,39|2018-02-28T11:26:43Z|Sunny|+23.5|929.9|92
Sydney|-33.86,151.2,39|2018-03-01T04:29:12Z|Sunny|+25.1|968.1|80
Sydney|-33.86,151.2,39|2018-03-02T04:03:44Z|Rain|+22.5|878.1|70
Sydney|-33.86,151.2,39|2018-03-03T03:23:42Z|Sunny|+24.1|946.2|62
Sydney|-33.86,151.2,39|2018-03-04T09:09:20Z|Sunny|+23.4|1048.6|64
Sydney|-33.86,151.2,39|2018-03-05T11:54:43Z|Sunny|+22.4|1008.5|89
Sydney|-33.86,151.2,39|2018-03-06T03:50:35Z|Rain|+20.5|819.4|40
Sydney|-33.86,151.2,39|2018-03-07T09:14:22Z|Sunny|+24.5|988.6|47
Sydney|-33.86,151.2,39|2018-03-08T10:00:27Z|Rain|+18.2|866.3|60
Sydney|-33.86,151.2,39|2018-03-09T10:47:26Z|Sunny|+21.1|954.1|20
Sydney|-33.86,151.2,39|2018-03-10T12:26:03Z|Sunny|+22.7|983.4|22
Sydney|-33.86,151.2,39|2018-03-11T03:45:09Z|Sunny|+24.4|913.8|42
Sydney|-33.86,151.2,39|2018-03-12T08:11:16Z|Sunny|+18.1|954.2|22
Sydney|-33.86,151.2,39|2018-03-13T02:01:04Z|Sunny|+21.3|991.9|36
Sydney|-33.86,151.2,39|2018-03-14T10:22:12Z|Sunny|+21.8|1055.3|57
Sydney|-33.86,151.2,39|2018-03-15T12:36:18Z|Sunny|+18.2|917.1|49
Sydney|-33.86,151.2,39|2018-03-16T11:52:28Z|Sunny|+19.8|863.6|52
Sydney|-33.86,151.2,39|2018-03-17T11:04:37Z|Rain|+21.4|1050.2|43
Sydney|-33.86,151.2,39|2018-03-18T09:20:36Z|Sunny|+23.4|895.9|91
Sydney|-33.86,151.2,39|2018-03-19T05:56:35Z|Sunny|+19.5|1046.0|24
Sydney|-33.86,151.2,39|2018-03-20T06:53:02Z|Sunny|+17.5|893.2|92
Sydney|-33.86,151.2,39|2018-03-21T08:50:45Z|Sunny|+18.1|1033.7|32
Sydney|-33.86,151.2,39|2018-03-22T11:13:14Z|Sunny|+19.8|972.5|76
Sydney|-33.86,151.2,39|2018-03-23T08:42:34Z|Sunny|+20.1|1091.2|74
Sydney|-33.86,151.2,39|2018-03-24T08:17:58Z|Sunny|+17.9|1070.1|46
Sydney|-33.86,151.2,39|2018-03-25T12:36:42Z|Sunny|+19.5|924.1|56
Sydney|-33.86,151.2,39|2018-03-26T11:29:32Z|Sunny|+23.6|813.2|36
Sydney|-33.86,151.2,39|2018-03-27T08:24:37Z|Sunny|+18.6|861.3|67
Sydney|-33.86,151.2,39|2018-03-28T11:35:13Z|Sunny|+17.6|1084.1|91
Sydney|-33.86,151.2,39|2018-03-29T11:36:43Z|Sunny|+22.8|1027.8|32
Sydney|-33.86,151.2,39|2018-03-30T09:03:19Z|Sunny|+22.1|1086.9|94
Sydney|-33.86,151.2,39|2018-03-31T02:47:37Z|Rain|+19.6|1022.9|64
Sydney|-33.86,151.2,39|2018-04-01T06:04:22Z|Sunny|+23.6|838.6|98
Sydney|-33.86,151.2,39|2018-04-02T07:52:21Z|Sunny|+23.7|1089.0|63
Sydney|-33.86,151.2,39|2018-04-03T12:42:16Z|Sunny|+21.4|844.6|50
Sydney|-33.86,151.2,39|2018-04-04T13:00:20Z|Sunny|+23.6|971.7|97
Sydney|-33.86,151.2,39|2018-04-05T03:55:19Z|Rain|+17.3|1095.3|44
Sydney|-33.86,151.2,39|2018-04-06T08:01:15Z|Rain|+21.4|1065.6|43
Sydney|-33.86,151.2,39|2018-04-07T07:27:20Z|Sunny|+18.1|1048.1|19
Sydney|-33.86,151.2,39|2018-04-08T04:55:28Z|Sunny|+17.4|968.0|27
Sydney|-33.86,151.2,39|2018-04-09T05:27:34Z|Sunny|+16.8|971.7|98
Sydney|-33.86,151.2,39|2018-04-10T02:04:58Z|Sunny|+20.2|952.1|69
Sydney|-33.86,151.2,39|2018-04-11T05:26:10Z|Sunny|+20.8|1069.1|7
Sydney|-33.86,151.2,39|2018-04-12T01:16:49Z|Rain|+18.2|1051.0|52
Sydney|-33.86,151.2,39|2018-04-13T05:29:38Z|Sunny|+20.0|1050.0|83
Sydney|-33.86,151.2,39|2018-04-14T06:41:04Z|Sunny|+17.0|1047.8|46
Sydney|-33.86,151.2,39|2018-04-15T09:17:36Z|Rain|+19.3|1061.4|19
Sydney|-33.86,151.2,39|2018-04-16T10:24:38Z|Sunny|+17.7|858.2|56
Sydney|-33.86,151.2,39|2018-04-17T07:33:24Z|Sunny|+14.6|1009.1|30
Sydney|-33.86,151.2,39|2018-04-18T05:00:09Z|Sunny|+19.1|854.0|54
Sydney|-33.86,151.2,39|2018-04-19T06:57:22Z|Sunny|+17.1|1051.6|12
Sydney|-33.86,151.2,39|2018-04-20T04:19:20Z|Sunny|+21.8|952.9|19
Sydney|-33.86,151.2,39|2018-04-21T09:23:37Z|Sunny|+20.3|1098.2|3
Sydney|-33.86,151.2,39|2018-04-22T04:40:49Z|Sunny|+14.4|1036.9|54
Sydney|-33.86,151.2,39|2018-04-23T04:02:08Z|Sunny|+14.3|881.6|55
Sydney|-33.86,151.2,39|2018-04-24T06:34:35Z|Sunny|+19.1|911.5|44
Sydney|-33.86,151.2,39|2018-04-25T06:10:56Z|Sunny|+13.7|842.8|74
Sydney|-33.86,151.2,39|2018-04-26T09:00:25Z|Sunny|+18.4|1069.0|65
Sydney|-33.86,151.2,39|2018-04-27T06:00:54Z|Sunny|+18.0|881.9|73
Sydney|-33.86,151.2,39|2018-04-28T11:02:44Z|Rain|+19.6|914.6|20
Sydney|-33.86,151.2,39|2018-04-29T10:49:35Z|Sunny|+15.8|951.4|62
Sydney|-33.86,151.2,39|2018-04-30T08:51:18Z|Sunny|+17.9|1018.9|57
Sydney|-33.86,151.2,39|2018-05-01T05:32:10Z|Sunny|+17.5|889.8|91
Sydney|-33.86,151.2,39|2018-05-02T10:53:44Z|Sunny|+19.2|900.6|21
Sydney|-33.86,151.2,39|2018-05-03T04:54:06Z|Sunny|+15.4|849.8|73
Sydney|-33.86,151.2,39|2018-05-04T08:37:32Z|Rain|+15.3|1031.5|19
Sydney|-33.86,151.2,39|2018-05-05T06:30:48Z|Sunny|+20.5|1067.2|63
Sydney|-33.86,151.2,39|2018-05-06T12:09:58Z|Sunny|+14.8|856.9|100
Sydney|-33.86,151.2,39|2018-05-07T01:58:36Z|Sunny|+16.0|924.1|8
Sydney|-33.86,151.2,39|2018-05-08T01:02:47Z|Sunny|+18.0|942.3|19
Sydney|-33.86,151.2,39|2018-05-09T06:02:47Z|Rain|+15.8|816.0|29
Sydney|-33.86,151.2,39|2018-05-10T04:05:56Z|Rain|+19.3|1051.2|2
Sydney|-33.86,151.2,39|2018-05-11T09:58:16Z|Rain|+15.0|932.6|95
Sydney|-33.86,151.2,39|2018-05-12T02:30:09Z|Sunny|+12.1|809.9|47
Sydney|-33.86,151.2,39|2018-05-13T06:47:08Z|Rain|+12.0|1090.5|58
Sydney|-33.86,151.2,39|2018-05-14T01:25:40Z|Sunny|+19.3|839.0|80
Sydney|-33.86,151.2,39|2018-05-15T10:42:15Z|Rain|+11.9|1039.7|12
Sydney|-33.86,151.2,39|2018-05-16T08:16:14Z|Sunny|+13.5|897.1|41
Sydney|-33.86,151.2,39|2018-05-17T02:53:36Z|Sunny|+12.0|1076.9|96
Sydney|-33.86,151.2,39|2018-05-18T07:52:06Z|Sunny|+12.9|1078.6|48
Sydney|-33.86,151.2,39|2018-05-19T09:50:12Z|Sunny|+17.4|885.9|25
Sydney|-33.86,151.2,39|2018-05-20T12:22:21Z|Sunny|+13.6|1081.8|76
Sydney|-33.86,151.2,39|2018-05-21T12:18:56Z|Sunny|+12.3|945.8|21
Sydney|-33.86,151.2,39|2018-05-22T07:53:24Z|Sunny|+15.1|864.2|98
Sydney|-33.86,151.2,39|2018-05-23T03:02:41Z|Sunny|+16.9|863.0|75
Sydney|-33.86,151.2,39|2018-05-24T09:52:03Z|Sunny|+12.4|1059.4|61
Sydney|-33.86,151.2,39|2018-05-25T04:17:10Z|Sunny|+10.9|866.5|50
Sydney|-33.86,151.2,39|2018-05-26T01:05:11Z|Rain|+18.1|845.8|42
Sydney|-33.86,151.2,39|2018-05-27T02:17:28Z|Sunny|+16.5|992.0|34
Sydney|-33.86,151.2,39|2018-05-28T05:07:59Z|Sunny|+15.2|959.0|79
Sydney|-33.86,151.2,39|2018-05-29T09:50:39Z|Rain|+17.0|1051.2|42
Sydney|-33.86,151.2,39|2018-05-30T10:22:54Z|Sunny|+10.2|990.6|22
Sydney|-33.86,151.2,39|2018-05-31T07:02:46Z|Sunny|+15.4|1019.4|65
Sydney|-33.86,151.2,39|2018-06-01T02:44:59Z|Sunny|+12.7|926.0|89
Sydney|-33.86,151.2,39|2018-06-02T09:52:53Z|Sunny|+11.5|1067.6|53
Sydney|-33.86,151.2,39|2018-06-03T05:09:55Z|Sunny|+15.7|878.7|30
Sydney|-33.86,151.2,39|2018-06-04T02:29:07Z|Sunny|+12.2|1055.4|4
Sydney|-33.86,151.2,39|2018-06-05T08:01:08Z|Sunny|+14.8|894.0|19
Sydney|-33.86,151.2,39|2018-06-06T07:17:13Z|Sunny|+13.5|850.1|8
Sydney|-33.86,151.2,39|2018-06-07T03:04:32Z|Sunny|+13.3|838.7|10
Sydney|-33.86,151.2,39|2018-06-08T04:42:23Z|Rain|+10.1|856.3|28
Sydney|-33.86,151.2,39|2018-06-09T12:28:09Z|Sunny|+12.2|1024.2|39
Sydney|-33.86,151.2,39|2018-06-10T11:44:24Z|Sunny|+9.8|978.9|50
Sydney|-33.86,151.2,39|2018-06-11T09:09:10Z|Sunny|+12.5|858.4|28
Sydney|-33.86,151.2,39|2018-06-12T02:04:08Z|Sunny|+9.9|828.2|82
Sydney|-33.86,151.2,39|2018-06-13T07:25:50Z|Rain|+11.6|1073.0|80
Sydney|-33.86,151.2,39|2018-06-14T01:21:33Z|Rain|+14.0|901.7|28
Sydney|-33.86,151.2,39|2018-06-15T07:25:03Z|Rain|+9.8|1002.5|1
Sydney|-33.86,151.2,39|2018-06-16T03:23:50Z|Sunny|+13.3|806.9|55
Sydney|-33.86,151.2,39|2018-06-17T07:16:00Z|Sunny|+10.3|1056.9|97
Sydney|-33.86,151.2,39|2018-06-18T04:22:59Z|Sunny|+13.1|941.7|28
Sydney|-33.86,151.2,39|2018-06-19T06:35:52Z|Sunny|+14.5|840.1|97
Sydney|-33.86,151.2,39|2018-06-20T01:50:58Z|Sunny|+11.7|847.4|8
Sydney|-33.86,151.2,39|2018-06-21T06:54:13Z|Rain|+14.9|979.5|31
Sydney|-33.86,151.2,39|2018-06-22T05:03:29Z|Sunny|+15.3|1015.5|73
Sydney|-33.86,151.2,39|2018-06-23T01:30:48Z|Sunny|+16.3|837.2|21
Sydney|-33.86,151.2,39|2018-06-24T10:12:52Z|Sunny|+9.5|902.5|24
Sydney|-33.86,151.2,39|2018-06-25T11:27:40Z|Sunny|+14.2|1028.7|48
Sydney|-33.86,151.2,39|2018-06-26T02:02:19Z|Sunny|+8.6|1047.4|54
Sydney|-33.86,151.2,39|2018-06-27T07:38:27Z|Sunny|+9.8|1060.8|38
Sydney|-33.86,151.2,39|2018-06-28T12:30:52Z|Sunny|+11.1|820.2|79
Sydney|-33.86,151.2,39|2018-06-29T02:12:51Z|Sunny|+11.8|943.6|100
Sydney|-33.86,151.2,39|2018-06-30T06:37:50Z|Sunny|+11.6|1095.2|59
Sydney|-33.86,151.2,39|2018-07-01T03:02:49Z|Sunny|+8.5|843.5|58
Sydney|-33.86,151.2,39|2018-07-02T05:41:13Z|Sunny|+11.4|1062.9|69
Sydney|-33.86,151.2,39|2018-07-03T08:08:16Z|Sunny|+12.5|953.4|97
Sydney|-33.86,151.2,39|2018-07-04T12:42:11Z|Sunny|+14.0|850.0|38
Sydney|-33.86,151.2,39|2018-07-05T10:20:50Z|Rain|+15.5|835.4|41
Sydney|-33.86,151.2,39|2018-07-06T01:43:35Z|Sunny|+10.7|803.6|47
Sydney|-33.86,151.2,39|2018-07-07T03:09:44Z|Sunny|+16.0|853.4|59
Sydney|-33.86,151.2,39|2018-07-08T06:31:08Z|Sunny|+13.5|821.5|75
Sydney|-33.86,151.2,39|2018-07-09T06:17:42Z|Sunny|+9.2|1034.2|7
Sydney|-33.86,151.2,39|2018-07-10T04:47:05Z|Sunny|+15.0|1014.6|68
Sydney|-33.86,151.2,39|2018-07-11T09:35:35Z|Sunny|+14.8|1096.8|38
Sydney|-33.86,151.2,39|2018-07-12T01:12:20Z|Sunny|+9.9|1084.9|83
Sydney|-33.86,151.2,39|2018-07-13T09:15:08Z|Sunny|+8.9|948.2|33
Sydney|-33.86,151.2,39|2018-07-14T10:41:40Z|Sunny|+10.8|1079.2|40
Sydney|-33.86,151.2,39|2018-07-15T10:50:32Z|Sunny|+12.5|864.6|93
Sydney|-33.86,151.2,39|2018-07-16T02:30:52Z|Rain|+8.9|846.2|49
Sydney|-33.86,151.2,39|2018-07-17T03:08:55Z|Sunny|+14.1|1024.6|46
Sydney|-33.86,151.2,39|2018-07-18T10:17:00Z|Sunny|+10.8|1098.1|89
Sydney|-33.86,151.2,39|2018-07-19T04:19:30Z|Sunny|+15.8|1065.6|98
Sydney|-33.86,151.2,39|2018-07-20T08:57:17Z|Sunny|+11.4|872.9|71
Sydney|-33.86,151.2,39|2018-07-21T12:23:50Z|Sunny|+8.4|922.4|42
Sydney|-33.86,151.2,39|2018-07-22T12:26:17Z|Sunny|+12.5|822.6|26
Sydney|-33.86,151.2,39|2018-07-23T10:46:58Z|Rain|+11.1|1006.2|11
Sydney|-33.86,151.2,39|2018-07-24T06:13:19Z|Sunny|+12.0|949.6|66
Sydney|-33.86,151.2,39|2018-07-25T06:47:55Z|Sunny|+15.1|999.8|70
Sydney|-33.86,151.2,39|2018-07-26T01:11:11Z|Sunny|+12.9|1008.7|27
Sydney|-33.86,151.2,39|2018-07-27T07:00:01Z|Rain|+16.0|966.2|23
Sydney|-33.86,151.2,39|2018-07-28T10:16:23Z|Sunny|+9.8|1070.1|80
Sydney|-33.86,151.2,39|2018-07-29T12:24:06Z|Sunny|+9.8|998.7|18
Sydney|-33.86,151.2,39|2018-07-30T05:47:55Z|Sunny|+15.6|893.1|7
Sydney|-33.86,151.2,39|2018-07-31T04:37:22Z|Sunny|+9.5|907.6|19
Sydney|-33.86,151.2,39|2018-08-01T06:29:52Z|Sunny|+12.8|885.3|4
Sydney|-33.86,151.2,39|2018-08-02T03:04:22Z|Sunny|+15.8|940.9|66
Sydney|-33.86,151.2,39|2018-08-03T02:41:10Z|Sunny|+9.2|1010.3|4
Sydney|-33.86,151.2,39|2018-08-04T02:05:22Z|Sunny|+12.6|803.4|52
Sydney|-33.86,151.2,39|2018-08-05T01:32:05Z|Rain|+13.9|1077.5|14
Sydney|-33.86,151.2,39|2018-08-06T11:34:07Z|Sunny|+16.9|1013.4|26
Sydney|-33.86,151.2,39|2018-08-07T02:33:26Z|Sunny|+15.7|852.3|32
Sydney|-33.86,151.2,39|2018-08-08T09:21:18Z|Sunny|+9.1|808.2|83
Sydney|-33.86,151.2,39|2018-08-09T11:07:55Z|Sunny|+11.3|945.5|28
Sydney|-33.86,151.2,39|2018-08-10T07:54:37Z|Sunny|+11.1|863.7|19
Sydney|-33.86,151.2,39|2018-08-11T09:41:13Z|Sunny|+9.3|1024.5|29
Sydney|-33.86,151.2,39|2018-08-12T12:23:24Z|Sunny|+11.5|893.0|33
Sydney|-33.86,151.2,39|2018-08-13T02:27:18Z|Sunny|+15.8|1017.5|47
Sydney|-33.86,151.2,39|2018-08-14T11:51:15Z|Sunny|+16.3|1038.1|3
Sydney|-33.86,151.2,39|2018-08-15T12:48:35Z|Sunny|+8.8|984.1|85
Sydney|-33.86,151.2,39|2018-08-16T04:37:24Z|Sunny|+15.2|1060.2|59
Sydney|-33.86,151.2,39|2018-08-17T04:54:33Z|Sunny|+12.7|930.1|97
Sydney|-33.86,151.2,39|2018-08-18T05:46:46Z|Rain|+15.3|900.2|44
Sydney|-33.86,151.2,39|2018-08-19T11:13:51Z|Rain|+14.6|873.7|54
Sydney|-33.86,151.2,39|2018-08-20T08:09:32Z|Sunny|+17.7|1083.5|13
Sydney|-33.86,151.2,39|2018-08-21T09:50:28Z|Sunny|+14.2|1042.4|89
Sydney|-33.86,151.2,39|2018-08-22T10:58:39Z|Sunny|+14.9|846.8|99
Sydney|-33.86,151.2,39|2018-08-23T09:40:39Z|Rain|+10.2|812.7|19
Sydney|-33.86,151.2,39|2018-08-24T07:37:31Z|Sunny|+15.1|901.1|66
Sydney|-33.86,151.2,39|2018-08-25T05:40:13Z|Sunny|+17.5|1095.7|32
Sydney|-33.86,151.2,39|2018-08-26T04:38:21Z|Sunny|+12.5|1037.6|85
Sydney|-33.86,151.2,39|2018-08-27T12:56:11Z|Sunny|+10.8|912.3|57
Sydney|-33.86,151.2,39|2018-08-28T03:20:12Z|Sunny|+10.9|954.0|13
Sydney|-33.86,151.2,39|2018-08-29T04:15:26Z|Sunny|+12.5|862.9|92
Sydney|-33.86,151.2,39|2018-08-30T05:24:08Z|Sunny|+15.4|1013.6|19
Sydney|-33.86,151.2,39|2018-08-31T12:42:02Z|Sunny|+10.4|1069.3|14
Sydney|-33.86,151.2,39|2018-09-01T01:57:37Z|Sunny|+10.5|878.3|96
Sydney|-33.86,151.2,39|2018-09-02T09:32:30Z|Sunny|+17.9|881.6|87
Sydney|-33.86,151.2,39|2018-09-03T07:01:06Z|Sunny|+17.5|935.3|5
Sydney|-33.86,151.2,39|2018-09-04T07:43:10Z|Sunny|+18.8|1060.0|35
Sydney|-33.86,151.2,39|2018-09-05T03:00:26Z|Sunny|+11.6|1054.0|18
Sydney|-33.86,151.2,39|2018-09-06T06:49:01Z|Sunny|+19.0|1039.7|68
Sydney|-33.86,151.2,39|2018-09-07T09:35:53Z|Sunny|+15.3|913.7|19
Sydney|-33.86,151.2,39|2018-09-08T12:31:17Z|Sunny|+16.3|905.5|21
Sydney|-33.86,151.2,39|2018-09-09T12:49:17Z|Sunny|+11.4|860.9|93
Sydney|-33.86,151.2,39|2018-09-10T05:01:34Z|Sunny|+13.0|918.4|5
Sydney|-33.86,151.2,39|2018-09-11T09:40:55Z|Sunny|+12.2|960.2|69
Sydney|-33.86,151.2,39|2018-09-12T02:46:26Z|Sunny|+17.4|920.8|52
Sydney|-33.86,151.2,39|2018-09-13T03:24:04Z|Sunny|+14.6|1002.3|49
Sydney|-33.86,151.2,39|2018-09-14T12:15:39Z|Sunny|+14.5|892.0|1
Sydney|-33.86,151.2,39|2018-09-15T09:15:18Z|Sunny|+11.8|909.9|82
Sydney|-33.86,151.2,39|2018-09-16T05:38:14Z|Sunny|+16.3|802.6|61
Sydney|-33.86,151.2,39|2018-09-17T11:52:41Z|Sunny|+13.9|1059.7|84
Sydney|-33.86,151.2,39|2018-09-18T03:18:32Z|Sunny|+16.3|974.5|18
Sydney|-33.86,151.2,39|2018-09-19T04:59:36Z|Sunny|+18.8|823.1|91
Sydney|-33.86,151.2,39|2018-09-20T11:09:19Z|Rain|+16.2|893.1|95
Sydney|-33.86,151.2,39|2018-09-21T07:31:15Z|Sunny|+19.2|999.0|70
Sydney|-33.86,151.2,39|2018-09-22T05:52:22Z|Sunny|+19.4|800.1|54
Sydney|-33.86,151.2,39|2018-09-23T04:04:31Z|Sunny|+18.1|811.9|47
Sydney|-33.86,151.2,39|2018-09-24T07:08:12Z|Sunny|+18.8|944.0|100
Sydney|-33.86,151.2,39|2018-09-25T11:02:45Z|Rain|+13.2|978.7|64
Sydney|-33.86,151.2,39|2018-09-26T07:47:41Z|Sunny|+14.5|970.7|79
Sydney|-33.86,151.2,39|2018-09-27T04:12:29Z|Sunny|+12.9|801.2|57
Sydney|-33.86,151.2,39|2018-09-28T08:06:49Z|Sunny|+18.5|836.7|47
Sydney|-33.86,151.2,39|2018-09-29T02:44:08Z|Sunny|+15.9|949.7|94
Sydney|-33.86,151.2,39|2018-09-30T11:26:59Z|Sunny|+16.4|1014.9|100
Sydney|-33.86,151.2,39|2018-10-01T02:29:45Z|Sunny|+17.2|971.2|7
Sydney|-33.86,151.2,39|2018-10-02T04:13:53Z|Sunny|+13.5|830.2|94
Sydney|-33.86,151.2,39|2018-10-03T03:19:12Z|Sunny|+19.6|805.1|84
Sydney|-33.86,151.2,39|2018-10-04T02:33:38Z|Sunny|+19.6|877.6|54
Sydney|-33.86,151.2,39|2018-10-05T05:28:46Z|Sunny|+19.2|1020.3|95
Sydney|-33.86,151.2,39|2018-10-06T08:05:42Z|Rain|+21.2|832.8|58
Sydney|-33.86,151.2,39|2018-10-07T09:37:13Z|Sunny|+21.5|964.6|28
Sydney|-33.86,151.2,39|2018-10-08T02:22:47Z|Sunny|+17.9|854.1|19
Sydney|-33.86,151.2,39|2018-10-09T02:21:22Z|Sunny|+21.5|995.9|70
Sydney|-33.86,151.2,39|2018-10-10T11:44:28Z|Sunny|+16.3|1087.2|60
Sydney|-33.86,151.2,39|2018-10-11T05:21:41Z|Sunny|+14.4|1000.8|36
Sydney|-33.86,151.2,39|2018-10-12T03:44:21Z|Sunny|+13.5|994.1|89
Sydney|-33.86,151.2,39|2018-10-13T09:23:25Z|Sunny|+16.9|835.0|65
Sydney|-33.86,151.2,39|2018-10-14T10:20:20Z|Sunny|+19.4|943.9|8
Sydney|-33.86,151.2,39|2018-10-15T02:48:09Z|Sunny|+14.7|972.2|92
Sydney|-33.86,151.2,39|2018-10-16T04:26:54Z|Sunny|+18.3|1060.5|48
Sydney|-33.86,151.2,39|2018-10-17T04:04:13Z|Sunny|+14.7|836.6|86
Sydney|-33.86,151.2,39|2018-10-18T09:05:48Z|Sunny|+18.1|1013.8|31
Sydney|-33.86,151.2,39|2018-10-19T04:06:15Z|Sunny|+20.6|968.2|49
Sydney|-33.86,151.2,39|2018-10-20T05:53:19Z|Rain|+17.5|1024.9|2
Sydney|-33.86,151.2,39|2018-10-21T10:36:28Z|Sunny|+20.1|979.5|40
Sydney|-33.86,151.2,39|2018-10-22T04:49:20Z|Sunny|+21.7|968.3|81
Sydney|-33.86,151.2,39|2018-10-23T07:04:39Z|Sunny|+18.4|853.2|1
Sydney|-33.86,151.2,39|2018-10-24T01:42:00Z|Sunny|+18.7|954.3|12
Sydney|-33.86,151.2,39|2018-10-25T02:49:31Z|Sunny|+16.8|978.8|28
Sydney|-33.86,151.2,39|2018-10-26T08:03:24Z|Sunny|+16.4|918.4|43
Sydney|-33.86,151.2,39|2018-10-27T07:54:49Z|Sunny|+17.6|848.0|87
Sydney|-33.86,151.2,39|2018-10-28T07:15:04Z|Sunny|+22.8|814.1|2
Sydney|-33.86,151.2,39|2018-10-29T07:59:36Z|Sunny|+18.9|1097.4|27
Sydney|-33.86,151.2,39|2018-10-30T03:41:49Z|Sunny|+20.0|1048.0|82
Sydney|-33.86,151.2,39|2018-10-31T09:17:40Z|Rain|+21.7|1053.4|24
Sydney|-33.86,151.2,39|2018-11-01T10:16:19Z|Sunny|+22.2|1016.4|84
Sydney|-33.86,151.2,39|2018-11-02T11:37:03Z|Sunny|+16.9|866.3|81
Sydney|-33.86,151.2,39|2018-11-03T06:56:23Z|Sunny|+15.0|1098.5|38
Sydney|-33.86,151.2,39|2018-11-04T05:22:23Z|Rain|+19.0|907.0|11
Sydney|-33.86,151.2,39|2018-11-05T05:35:56Z|Rain|+20.4|876.4|38
Sydney|-33.86,151.2,39|2018-11-06T03:35:27Z|Sunny|+23.3|939.6|99
Sydney|-33.86,151.2,39|2018-11-07T03:00:29Z|Sunny|+16.7|945.1|74
Sydney|-33.86,151.2,39|2018-11-08T10:57:40Z|Rain|+21.4|1087.5|62
Sydney|-33.86,151.2,39|2018-11-09T04:06:34Z|Sunny|+20.0|1084.0|87
Sydney|-33.86,151.2,39|2018-11-10T06:02:37Z|Sunny|+20.3|948.6|61
Sydney|-33.86,151.2,39|2018-11-11T08:25:54Z|Sunny|+16.1|976.2|95
Sydney|-33.86,151.2,39|2018-11-12T09:33:01Z|Sunny|+16.2|1088.8|73
Sydney|-33.86,151.2,39|2018-11-13T01:05:30Z|Sunny|+20.7|897.2|91
Sydney|-33.86,151.2,39|2018-11-14T05:26:46Z|Sunny|+19.0|1010.6|56
Sydney|-33.86,151.2,39|2018-11-15T01:35:41Z|Sunny|+20.8|1052.0|80
Sydney|-33.86,151.2,39|2018-11-16T03:59:56Z|Sunny|+21.5|1010.3|9
Sydney|-33.86,151.2,39|2018-11-17T12:31:04Z|Sunny|+22.1|946.9|62
Sydney|-33.86,151.2,39|2018-11-18T07:40:20Z|Rain|+17.3|873.4|44
Sydney|-33.86,151.2,39|2018-11-19T12:30:21Z|Sunny|+16.5|1030.0|42
Sydney|-33.86,151.2,39|2018-11-20T07:52:24Z|Sunny|+20.3|807.8|73
Sydney|-33.86,151.2,39|2018-11-21T11:21:41Z|Sunny|+19.5|1076.5|28
Sydney|-33.86,151.2,39|2018-11-22T10:58:41Z|Sunny|+18.6|949.6|30
Sydney|-33.86,151.2,39|2018-11-23T08:40:57Z|Sunny|+16.4|1090.2|56
Sydney|-33.86,151.2,39|2018-11-24T01:40:51Z|Sunny|+24.0|1012.9|1
Sydney|-33.86,151.2,39|2018-11-25T12:35:59Z|Rain|+19.1|1061.7|23
Sydney|-33.86,151.2,39|2018-11-26T06:33:34Z|Sunny|+22.0|812.4|63
Sydney|-33.86,151.2,39|2018-11-27T03:16:26Z|Sunny|+17.7|829.3|56
Sydney|-33.86,151.2,39|2018-11-28T09:11:43Z|Sunny|+23.6|1066.8|81
Sydney|-33.86,151.2,39|2018-11-29T08:14:16Z|Sunny|+16.6|1065.2|99
Sydney|-33.86,151.2,39|2018-11-30T10:35:50Z|Sunny|+22.8|835.4|28
Sydney|-33.86,151.2,39|2018-12-01T11:05:51Z|Sunny|+21.5|943.4|28
Sydney|-33.86,151.2,39|2018-12-02T09:36:28Z|Sunny|+18.2|912.8|63
Sydney|-33.86,151.2,39|2018-12-03T07:11:38Z|Rain|+17.1|832.8|5
Sydney|-33.86,151.2,39|2018-12-04T08:47:53Z|Sunny|+19.8|978.7|64
Sydney|-33.86,151.2,39|2018-12-05T02:26:27Z|Sunny|+19.4|876.0|67
Sydney|-33.86,151.2,39|2018-12-06T11:09:03Z|Sunny|+20.4|848.0|22
Sydney|-33.86,151.2,39|2018-12-07T11:11:07Z|Sunny|+17.3|833.1|56
Sydney|-33.86,151.2,39|2018-12-08T04:17:25Z|Sunny|+22.9|937.8|36
Sydney|-33.86,151.2,39|2018-12-09T11:12:59Z|Rain|+22.7|1059.2|30
Sydney|-33.86,151.2,39|2018-12-10T10:36:35Z|Rain|+23.7|1015.2|93
Sydney|-33.86,151.2,39|2018-12-11T05:08:39Z|Rain|+25.0|820.9|56
Sydney|-33.86,151.2,39|2018-12-12T12:17:42Z|Sunny|+22.6|849.6|83
Sydney|-33.86,151.2,39|2018-12-13T11:10:12Z|Sunny|+18.5|895.3|14
Sydney|-33.86,151.2,39|2018-12-14T08:14:49Z|Sunny|+20.0|1016.1|79
Sydney|-33.86,151.2,39|2018-12-15T05:56:53Z|Sunny|+19.5|898.9|79
Sydney|-33.86,151.2,39|2018-12-16T09:46:27Z|Sunny|+18.5|824.0|36
Sydney|-33.86,151.2,39|2018-12-17T04:31:02Z|Sunny|+18.8|1054.9|57
Sydney|-33.86,151.2,39|2018-12-18T05:22:31Z|Sunny|+20.8|804.3|10
Sydney|-33.86,151.2,39|2018-12-19T07:37:58Z|Rain|+24.1|941.6|11
Sydney|-33.86,151.2,39|2018-12-20T07:59:04Z|Sunny|+25.5|867.1|39
Sydney|-33.86,151.2,39|2018-12-21T07:46:26Z|Sunny|+18.8|831.3|68
Sydney|-33.86,151.2,39|2018-12-22T12:13:49Z|Rain|+20.0|1063.1|65
Sydney|-33.86,151.2,39|2018-12-23T03:29:24Z|Sunny|+24.1|1016.6|74
Sydney|-33.86,151.2,39|2018-12-24T01:12:33Z|Sunny|+25.2|1052.0|83
Sydney|-33.86,151.2,39|2018-12-25T03:49:54Z|Sunny|+19.2|1097.4|2
Sydney|-33.86,151.2,39|2018-12-26T05:16:24Z|Rain|+20.5|1080.8|51
Sydney|-33.86,151.2,39|2018-12-27T09:53:03Z|Sunny|+19.6|875.1|27
Sydney|-33.86,151.2,39|2018-12-28T12:52:32Z|Sunny|+22.7|806.3|75
Sydney|-33.86,151.2,39|2018-12-29T11:46:58Z|Sunny|+23.8|917.3|19
Sydney|-33.86,151.2,39|2018-12-30T03:29:44Z|Rain|+23.4|1078.7|46
Sydney|-33.86,151.2,39|2018-12-31T01:36:43Z|Sunny|+24.1|1089.9|26
