Melbourne|-37.73,144.91,78|2018-01-01T07:26:26Z|Rain|+20.0|1029.3|59
Melbourne|-37.73,144.91,78|2018-01-02T10:53:29Z|Sunny|+22.3|829.3|32
Melbourne|-37.73,144.91,78|2018-01-03T10:42:32Z|Rain|+24.0|868.3|53
Melbourne|-37.73,144.91,78|2018-01-04T09:10:49Z|Sunny|+24.6|919.9|64
Melbourne|-37.73,144.91,78|2018-01-05T09:45:01Z|Sunny|+19.0|811.5|44
Melbourne|-37.73,144.91,78|2018-01-06T07:54:05Z|Sunny|+22.8|873.1|44
Melbourne|-37.73,144.91,78|2018-01-07T04:42:03Z|Rain|+15.4|1068.2|48
Melbourne|-37.73,144.91,78|2018-01-08T01:30:00Z|Sunny|+15.1|864.3|72
Melbourne|-37.73,144.91,78|2018-01-09T01:36:17Z|Sunny|+24.8|949.4|32
Melbourne|-37.73,144.91,78|2018-01-10T04:45:40Z|Sunny|+20.6|841.6|30
Melbourne|-37.73,144.91,78|2018-01-11T01:42:55Z|Sunny|+16.0|937.2|74
Melbourne|-37.73,144.91,78|2018-01-12T04:28:33Z|Sunny|+18.9|819.2|21
Melbourne|-37.73,144.91,78|2018-01-13T09:20:34Z|Sunny|+20.9|1067.2|41
Melbourne|-37.73,144.91,78|2018-01-14T10:57:16Z|Sunny|+17.6|836.2|67
Melbourne|-37.73,144.91,78|2018-01-15T04:18:33Z|Sunny|+16.0|1000.8|50
Melbourne|-37.73,144.91,78|2018-01-16T04:03:52Z|Sunny|+22.9|950.7|22
Melbourne|-37.73,144.91,78|2018-01-17T10:29:22Z|Sunny|+16.7|994.0|55
Melbourne|-37.73,144.91,78|2018-01-18T06:12:43Z|Sunny|+16.2|965.5|45
Melbourne|-37.73,144.91,78|2018-01-19T06:42:25Z|Sunny|+22.4|821.2|14
Melbourne|-37.73,144.91,78|2018-01-20T10:00:06Z|Sunny|+19.0|986.0|25
Melbourne|-37.73,144.91,78|2018-01-21T06:06:32Z|Sunny|+14.1|851.8|85
Melbourne|-37.73,144.91,78|2018-01-22T06:40:20Z|Rain|+19.3|922.5|99
Melbourne|-37.73,144.91,78|2018-01-23T10:07:04Z|Sunny|+19.8|898.3|90
Melbourne|-37.73,144.91,78|2018-01-24T04:30:06Z|Rain|+15.4|995.3|86
Melbourne|-37.73,144.91,78|2018-01-25T01:58:13Z|Sunny|+25.2|1015.8|57
Melbourne|-37.73,144.91,78|2018-01-26T12:49:15Z|Sunny|+16.2|909.4|55
Melbourne|-37.73,144.91,78|2018-01-27T05:15:00Z|Sunny|+16.7|1052.9|2
Melbourne|-37.73,144.91,78|2018-01-28T08:31:52Z|Sunny|+20.3|1080.4|25
Melbourne|-37.73,144.91,78|2018-01-29T12:41:17Z|Sunny|+21.9|931.9|54
Melbourne|-37.73,144.91,78|2018-01-30T09:15:27Z|Sunny|+18.6|1093.9|86
Melbourne|-37.73,144.91,78|2018-01-31T03:36:41Z|Sunny|+21.4|1033.9|52
Melbourne|-37.73,144.91,78|2018-02-01T10:33:51Z|Rain|+17.7|828.0|36
Melbourne|-37.73,144.91,78|2018-02-02T10:43:40Z|Sunny|+21.3|853.3|52
Melbourne|-37.73,144.91,78|2018-02-03T03:11:48Z|Sunny|+16.7|1001.8|23
Melbourne|-37.73,144.91,78|2018-02-04T07:18:00Z|Sunny|+14.6|884.8|54
Melbourne|-37.73,144.91,78|2018-02-05T04:49:10Z|Sunny|+21.6|817.7|84
Melbourne|-37.73,144.91,78|2018-02-06T10:32:08Z|Rain|+17.6|855.2|80
Melbourne|-37.73,144.91,78|2018-02-07T11:50:34Z|Sunny|+26.6|934.9|22
Melbourne|-37.73,144.91,78|2018-02-08T02:10:51Z|Sunny|+20.2|914.8|35
Melbourne|-37.73,144.91,78|2018-02-09T09:59:40Z|Sunny|+17.2|977.4|43
Melbourne|-37.73,144.91,78|2018-02-10T12:56:02Z|Rain|+23.7|846.2|28
Melbourne|-37.73,144.91,78|2018-02-11T09:19:42Z|Rain|+21.6|844.9|36
Melbourne|-37.73,144.91,78|2018-02-12T07:39:03Z|Rain|+14.3|849.7|79
Melbourne|-37.73,144.91,78|2018-02-13T08:38:48Z|Sunny|+21.8|841.8|10
Melbourne|-37.73,144.91,78|2018-02-14T09:37:34Z|Sunny|+21.2|897.2|86
Melbourne|-37.73,144.91,78|2018-02-15T09:20:24Z|Sunny|+20.1|1037.7|33
Melbourne|-37.73,144.91,78|2018-02-16T12:25:24Z|Sunny|+25.1|854.8|81
Melbourne|-37.73,144.91,78|2018-02-17T06:23:35Z|Sunny|+18.5|826.8|16
Melbourne|-37.73,144.91,78|2018-02-18T03:37:21Z|Sunny|+17.3|817.8|79
Melbourne|-37.73,144.91,78|2018-02-19T03:22:55Z|Sunny|+20.3|885.0|63
Melbourne|-37.73,144.91,78|2018-02-20T07:11:03Z|Sunny|+23.8|832.7|27
Melbourne|-37.73,144.91,78|2018-02-21T01:55:12Z|Sunny|+21.3|928.2|70
Melbourne|-37.73,144.91,78|2018-02-22T02:12:49Z|Rain|+25.0|837.7|27
Melbourne|-37.73,144.91,78|2018-02-23T02:01:07Z|Sunny|+17.4|920.1|37
Melbourne|-37.73,144.91,78|2018-02-24T09:33:06Z|Sunny|+22.8|819.3|97
Melbourne|-37.73,144.91,78|2018-02-25T01:09:21Z|Rain|+18.0|983.8|89
Melbourne|-37.73,144.91,78|2018-02-26T10:32:17Z|Sunny|+20.7|1097.4|14
Melbourne|-37.73,144.91,78|2018-02-27T09:48:50Z|Sunny|+18.6|871.9|73
Melbourne|-37.73,144.91,78|2018-02-28T01:15:41Z|Sunny|+17.9|972.6|94
Melbourne|-37.73,144.91,78|2018-03-01T02:11:38Z|Sunny|+23.6|825.8|95
Melbourne|-37.73,144.91,78|2018-03-02T07:06:24Z|Rain|+21.7|858.8|93
Melbourne|-37.73,144.91,78|2018-03-03T01:59:13Z|Sunny|+24.2|806.1|49
Melbourne|-37.73,144.91,78|2018-03-04T03:52:59Z|Sunny|+19.5|1005.7|76
Melbourne|-37.73,144.91,78|2018-03-05T01:40:38Z|Sunny|+22.6|1059.8|13
Melbourne|-37.73,144.91,78|2018-03-06T03:43:41Z|Rain|+21.4|984.4|26
Melbourne|-37.73,144.91,78|2018-03-07T04:30:26Z|Rain|+15.2|907.8|93
Melbourne|-37.73,144.91,78|2018-03-08T09:44:35Z|Sunny|+22.1|915.7|71
Melbourne|-37.73,144.91,78|2018-03-09T11:25:02Z|Sunny|+19.0|855.6|4
Melbourne|-37.73,144.91,78|2018-03-10T04:42:25Z|Sunny|+22.5|988.8|61
Melbourne|-37.73,144.91,78|2018-03-11T03:08:50Z|Sunny|+18.8|924.4|61
Melbourne|-37.73,144.91,78|2018-03-12T05:50:43Z|Rain|+20.3|937.0|11
Melbourne|-37.73,144.91,78|2018-03-13T02:53:44Z|Sunny|+17.5|1034.8|43
Melbourne|-37.73,144.91,78|2018-03-14T10:09:00Z|Sunny|+23.9|905.1|76
Melbourne|-37.73,144.91,78|2018-03-15T01:07:13Z|Sunny|+15.7|1087.3|49
Melbourne|-37.73,144.91,78|2018-03-16T12:16:01Z|Rain|+13.4|964.9|22
Melbourne|-37.73,144.91,78|2018-03-17T02:36:54Z|Sunny|+19.8|879.7|35
Melbourne|-37.73,144.91,78|2018-03-18T08:23:38Z|Sunny|+19.1|937.7|13
Melbourne|-37.73,144.91,78|2018-03-19T02:28:26Z|Sunny|+14.4|839.8|27
Melbourne|-37.73,144.91,78|2018-03-20T12:16:49Z|Sunny|+21.4|856.1|9
Melbourne|-37.73,144.91,78|2018-03-21T05:57:48Z|Sunny|+19.5|1060.2|91
Melbourne|-37.73,144.91,78|2018-03-22T11:00:07Z|Sunny|+17.8|807.2|45
Melbourne|-37.73,144.91,78|2018-03-23T09:37:22Z|Sunny|+20.3|998.4|88
Melbourne|-37.73,144.91,78|2018-03-24T08:37:19Z|Sunny|+18.4|852.4|28
Melbourne|-37.73,144.91,78|2018-03-25T02:39:52Z|Sunny|+19.0|1028.1|18
Melbourne|-37.73,144.91,78|2018-03-26T08:14:45Z|Sunny|+21.0|986.6|2
Melbourne|-37.73,144.91,78|2018-03-27T11:45:18Z|Sunny|+21.5|1006.9|77
Melbourne|-37.73,144.91,78|2018-03-28T11:02:16Z|Sunny|+20.7|816.0|61
Melbourne|-37.73,144.91,78|2018-03-29T02:42:28Z|Sunny|+15.9|1071.6|13
Melbourne|-37.73,144.91,78|2018-03-30T07:59:49Z|Sunny|+12.9|808.3|30
Melbourne|-37.73,144.91,78|2018-03-31T10:58:25Z|Sunny|+21.1|1094.7|92
Melbourne|-37.73,144.91,78|2018-04-01T10:24:46Z|Sunny|+14.9|849.9|83
Melbourne|-37.73,144.91,78|2018-04-02T05:01:51Z|Sunny|+14.6|1095.4|73
Melbourne|-37.73,144.91,78|2018-04-03T08:12:15Z|Sunny|+16.7|1010.8|38
Melbourne|-37.73,144.91,78|2018-04-04T07:26:36Z|Sunny|+14.9|1080.6|80
Melbourne|-37.73,144.91,78|2018-04-05T10:57:51Z|Rain|+20.9|1023.8|56
Melbourne|-37.73,144.91,78|2018-04-06T05:56:21Z|Sunny|+19.7|909.9|63
Melbourne|-37.73,144.91,78|2018-04-07T03:16:57Z|Rain|+16.1|883.2|33
Melbourne|-37.73,144.91,78|2018-04-08T03:21:05Z|Sunny|+15.6|1091.1|42
Melbourne|-37.73,144.91,78|2018-04-09T03:15:20Z|Sunny|+13.0|854.1|34
Melbourne|-37.73,144.91,78|2018-04-10T03:54:35Z|Sunny|+15.3|983.9|56
Melbourne|-37.73,144.91,78|2018-04-11T11:28:03Z|Sunny|+14.3|1040.6|96
Melbourne|-37.73,144.91,78|2018-04-12T08:18:03Z|Sunny|+11.0|1057.7|82
Melbourne|-37.73,144.91,78|2018-04-13T09:32:18Z|Sunny|+16.1|873.4|23
Melbourne|-37.73,144.91,78|2018-04-14T09:21:22Z|Sunny|+19.0|809.8|28
Melbourne|-37.73,144.91,78|2018-04-15T03:47:59Z|Sunny|+13.4|1089.4|28
Melbourne|-37.73,144.91,78|2018-04-16T11:27:43Z|Sunny|+11.5|876.1|83
Melbourne|-37.73,144.91,78|2018-04-17T06:00:36Z|Sunny|+15.8|1098.9|43
Melbourne|-37.73,144.91,78|2018-04-18T02:29:02Z|Sunny|+19.6|902.6|94
Melbourne|-37.73,144.91,78|2018-04-19T03:46:38Z|Sunny|+18.9|835.9|79
Melbourne|-37.73,144.91,78|2018-04-20T06:49:16Z|Sunny|+14.5|943.7|94
Melbourne|-37.73,144.91,78|2018-04-21T06:34:36Z|Sunny|+16.7|1031.3|99
Melbourne|-37.73,144.91,78|2018-04-22T10:20:44Z|Rain|+17.5|968.3|27
Melbourne|-37.73,144.91,78|2018-04-23T01:12:18Z|Sunny|+15.3|985.3|65
Melbourne|-37.73,144.91,78|2018-04-24T01:23:03Z|Sunny|+10.3|914.0|71
Melbourne|-37.73,144.91,78|2018-04-25T12:37:15Z|Sunny|+13.6|1067.9|10
Melbourne|-37.73,144.91,78|2018-04-26T07:13:34Z|Sunny|+14.2|929.7|45
Melbourne|-37.73,144.91,78|2018-04-27T07:19:02Z|Sunny|+13.3|897.0|39
Melbourne|-37.73,144.91,78|2018-04-28T02:47:15Z|Sunny|+13.8|845.9|68
Melbourne|-37.73,144.91,78|2018-04-29T04:30:40Z|Rain|+15.9|946.3|92
Melbourne|-37.73,144.91,78|2018-04-30T08:25:40Z|Rain|+9.7|1022.6|71
Melbourne|-37.73,144.91,78|2018-05-01T10:47:59Z|Sunny|+15.0|993.6|49
Melbourne|-37.73,144.91,78|2018-05-02T12:48:26Z|Sunny|+9.4|1001.6|88
Melbourne|-37.73,144.91,78|2018-05-03T07:15:21Z|Sunny|+15.7|950.2|14
Melbourne|-37.73,144.91,78|2018-05-04T11:14:54Z|Rain|+17.5|1042.5|16
Melbourne|-37.73,144.91,78|2018-05-05T12:23:20Z|Sunny|+13.4|990.8|55
Melbourne|-37.73,144.91,78|2018-05-06T03:25:11Z|Sunny|+13.4|982.5|71
Melbourne|-37.73,144.91,78|2018-05-07T04:42:59Z|Rain|+10.8|1047.9|49
Melbourne|-37.73,144.91,78|2018-05-08T09:18:55Z|Sunny|+14.7|987.7|55
Melbourne|-37.73,144.91,78|2018-05-09T05:20:38Z|Sunny|+13.2|999.1|13
Melbourne|-37.73,144.91,78|2018-05-10T06:00:52Z|Sunny|+13.3|865.4|25
Melbourne|-37.73,144.91,78|2018-05-11T05:40:29Z|Sunny|+15.3|807.5|13
Melbourne|-37.73,144.91,78|2018-05-12T07:34:48Z|Sunny|+14.9|1030.4|56
Melbourne|-37.73,144.91,78|2018-05-13T01:30:54Z|Rain|+14.2|1026.5|26
Melbourne|-37.73,144.91,78|2018-05-14T12:39:35Z|Sunny|+10.0|885.5|80
Melbourne|-37.73,144.91,78|2018-05-15T08:20:16Z|Sunny|+12.2|808.3|81
Melbourne|-37.73,144.91,78|2018-05-16T06:00:17Z|Sunny|+13.8|1009.0|34
Melbourne|-37.73,144.91,78|2018-05-17T05:28:39Z|Rain|+8.4|1071.6|60
Melbourne|-37.73,144.91,78|2018-05-18T02:45:24Z|Sunny|+10.1|1090.9|83
Melbourne|-37.73,144.91,78|2018-05-19T03:55:28Z|Sunny|+8.7|927.5|72
Melbourne|-37.73,144.91,78|2018-05-20T08:59:13Z|Rain|+11.3|837.8|60
Melbourne|-37.73,144.91,78|2018-05-21T12:41:53Z|Rain|+9.7|916.8|69
Melbourne|-37.73,144.91,78|2018-05-22T01:23:57Z|Sunny|+12.2|1022.8|32
Melbourne|-37.73,144.91,78|2018-05-23T01:54:39Z|Sunny|+10.7|1058.6|94
Melbourne|-37.73,144.91,78|2018-05-24T10:58:18Z|Sunny|+12.1|988.7|18
Melbourne|-37.73,144.91,78|2018-05-25T02:58:23Z|Rain|+10.1|956.4|97
Melbourne|-37.73,144.91,78|2018-05-26T01:16:28Z|Sunny|+13.4|845.2|61
Melbourne|-37.73,144.91,78|2018-05-27T04:42:55Z|Rain|+14.8|865.2|90
Melbourne|-37.73,144.91,78|2018-05-28T10:24:08Z|Sunny|+12.2|982.0|27
Melbourne|-37.73,144.91,78|2018-05-29T02:23:10Z|Sunny|+12.0|1075.3|84
Melbourne|-37.73,144.91,78|2018-05-30T09:36:16Z|Sunny|+8.5|1035.4|71
Melbourne|-37.73,144.91,78|2018-05-31T09:17:08Z|Sunny|+10.7|1059.9|23
Melbourne|-37.73,144.91,78|2018-06-01T01:03:24Z|Sunny|+12.2|1029.2|25
Melbourne|-37.73,144.91,78|2018-06-02T04:54:06Z|Sunny|+13.7|1020.4|7
Melbourne|-37.73,144.91,78|2018-06-03T12:07:54Z|Rain|+7.2|850.2|41
Melbourne|-37.73,144.91,78|2018-06-04T01:28:26Z|Sunny|+11.9|1016.5|89
Melbourne|-37.73,144.91,78|2018-06-05T02:07:18Z|Sunny|+6.4|854.9|7
Melbourne|-37.73,144.91,78|2018-06-06T08:24:35Z|Sunny|+8.8|967.8|98
Melbourne|-37.73,144.91,78|2018-06-07T11:42:05Z|Sunny|+14.2|828.1|52
Melbourne|-37.73,144.91,78|2018-06-08T06:34:27Z|Rain|+6.4|984.7|45
Melbourne|-37.73,144.91,78|2018-06-09T01:32:28Z|Sunny|+9.1|949.5|90
Melbourne|-37.73,144.91,78|2018-06-10T03:18:42Z|Sunny|+8.2|1074.0|62
Melbourne|-37.73,144.91,78|2018-06-11T03:57:33Z|Sunny|+13.3|954.2|4
Melbourne|-37.73,144.91,78|2018-06-12T07:47:49Z|Rain|+7.1|1075.5|3
Melbourne|-37.73,144.91,78|2018-06-13T08:30:22Z|Sunny|+6.8|1028.6|100
Melbourne|-37.73,144.91,78|2018-06-14T07:54:30Z|Sunny|+11.9|833.4|49
Melbourne|-37.73,144.91,78|2018-06-15T01:42:56Z|Sunny|+6.2|981.4|91
Melbourne|-37.73,144.91,78|2018-06-16T02:49:01Z|Sunny|+8.9|1051.0|96
Melbourne|-37.73,144.91,78|2018-06-17T04:09:25Z|Snow|+8.1|843.6|27
Melbourne|-37.73,144.91,78|2018-06-18T12:01:28Z|Sunny|+7.5|1095.9|87
Melbourne|-37.73,144.91,78|2018-06-19T09:32:17Z|Sunny|+10.4|1002.8|33
Melbourne|-37.73,144.91,78|2018-06-20T05:17:48Z|Sunny|+10.4|1055.4|11
Melbourne|-37.73,144.91,78|2018-06-21T09:36:37Z|Sunny|+10.9|825.1|48
Melbourne|-37.73,144.91,78|2018-06-22T07:36:19Z|Snow|+9.5|994.6|57
Melbourne|-37.73,144.91,78|2018-06-23T01:19:45Z|Sunny|+8.7|1072.4|12
Melbourne|-37.73,144.91,78|2018-06-24T08:10:51Z|Sunny|+10.5|1064.3|72
Melbourne|-37.73,144.91,78|2018-06-25T02:46:49Z|Sunny|+12.7|900.5|1
Melbourne|-37.73,144.91,78|2018-06-26T06:02:32Z|Sunny|+7.4|810.3|28
Melbourne|-37.73,144.91,78|2018-06-27T04:08:53Z|Sunny|+12.2|1069.1|13
Melbourne|-37.73,144.91,78|2018-06-28T08:46:30Z|Sunny|+9.7|867.7|36
Melbourne|-37.73,144.91,78|2018-06-29T12:32:16Z|Sunny|+5.9|1001.9|4
Melbourne|-37.73,144.91,78|2018-06-30T04:50:57Z|Sunny|+8.2|834.8|85
Melbourne|-37.73,144.91,78|2018-07-01T03:33:23Z|Sunny|+11.5|984.1|90
Melbourne|-37.73,144.91,78|2018-07-02T01:43:53Z|Sunny|+7.6|1031.2|40
Melbourne|-37.73,144.91,78|2018-07-03T10:03:01Z|Sunny|+6.6|1008.3|78
Melbourne|-37.73,144.91,78|2018-07-04T08:28:28Z|Sunny|+6.1|873.7|33
Melbourne|-37.73,144.91,78|2018-07-05T01:35:26Z|Sunny|+10.5|1074.7|98
Melbourne|-37.73,144.91,78|2018-07-06T10:44:46Z|Sunny|+8.9|919.8|1
Melbourne|-37.73,144.91,78|2018-07-07T09:58:44Z|Sunny|+11.5|917.0|35
Melbourne|-37.73,144.91,78|2018-07-08T02:10:49Z|Rain|+10.0|901.6|60
Melbourne|-37.73,144.91,78|2018-07-09T01:14:47Z|Sunny|+5.9|901.7|13
Melbourne|-37.73,144.91,78|2018-07-10T05:54:13Z|Rain|+7.4|806.3|17
Melbourne|-37.73,144.91,78|2018-07-11T02:09:44Z|Sunny|+7.9|910.0|14
Melbourne|-37.73,144.91,78|2018-07-12T12:48:46Z|Sunny|+8.2|1012.5|80
Melbourne|-37.73,144.91,78|2018-07-13T05:16:37Z|Sunny|+6.1|804.1|10
Melbourne|-37.73,144.91,78|2018-07-14T06:24:56Z|Sunny|+9.2|926.4|37
Melbourne|-37.73,144.91,78|2018-07-15T07:32:22Z|Sunny|+6.7|845.0|92
Melbourne|-37.73,144.91,78|2018-07-16T07:12:30Z|Sunny|+9.7|1021.7|73
Melbourne|-37.73,144.91,78|2018-07-17T12:25:58Z|Sunny|+6.5|909.6|100
Melbourne|-37.73,144.91,78|2018-07-18T07:13:46Z|Snow|+7.7|851.0|27
Melbourne|-37.73,144.91,78|2018-07-19T11:53:52Z|Rain|+12.4|1078.9|46
Melbourne|-37.73,144.91,78|2018-07-20T09:51:40Z|Sunny|+6.3|818.1|34
Melbourne|-37.73,144.91,78|2018-07-21T03:44:00Z|Sunny|+12.2|1019.6|22
Melbourne|-37.73,144.91,78|2018-07-22T11:14:41Z|Sunny|+7.9|865.3|82
Melbourne|-37.73,144.91,78|2018-07-23T06:24:25Z|Sunny|+7.5|1004.6|37
Melbourne|-37.73,144.91,78|2018-07-24T07:14:17Z|Sunny|+9.0|1068.5|42
Melbourne|-37.73,144.91,78|2018-07-25T01:49:56Z|Sunny|+9.8|923.5|59
Melbourne|-37.73,144.91,78|2018-07-26T07:32:19Z|Sunny|+9.1|1027.1|16
Melbourne|-37.73,144.91,78|2018-07-27T09:38:25Z|Sunny|+11.0|996.4|72
Melbourne|-37.73,144.91,78|2018-07-28T11:01:20Z|Sunny|+11.0|1012.8|43
Melbourne|-37.73,144.91,78|2018-07-29T06:03:32Z|Sunny|+13.2|850.8|83
Melbourne|-37.73,144.91,78|2018-07-30T03:02:20Z|Rain|+8.1|821.0|29
Melbourne|-37.73,144.91,78|2018-07-31T02:50:55Z|Rain|+7.8|843.7|77
Melbourne|-37.73,144.91,78|2018-08-01T07:55:19Z|Snow|+13.3|836.6|15
Melbourne|-37.73,144.91,78|2018-08-02T04:09:57Z|Sunny|+11.4|989.0|41
Melbourne|-37.73,144.91,78|2018-08-03T06:55:42Z|Rain|+13.4|901.2|95
Melbourne|-37.73,144.91,78|2018-08-04T03:27:02Z|Sunny|+9.2|1085.8|55
Melbourne|-37.73,144.91,78|2018-08-05T05:09:36Z|Rain|+10.2|1084.1|56
Melbourne|-37.73,144.91,78|2018-08-06T06:05:01Z|Sunny|+11.4|950.7|19
Melbourne|-37.73,144.91,78|2018-08-07T03:03:27Z|Snow|+11.0|882.1|70
Melbourne|-37.73,144.91,78|2018-08-08T09:37:39Z|Sunny|+8.7|870.8|21
Melbourne|-37.73,144.91,78|2018-08-09T09:05:10Z|Sunny|+11.4|1028.6|34
Melbourne|-37.73,144.91,78|2018-08-10T09:05:22Z|Sunny|+11.5|936.9|35
Melbourne|-37.73,144.91,78|2018-08-11T05:36:22Z|Sunny|+13.4|831.9|70
Melbourne|-37.73,144.91,78|2018-08-12T07:52:19Z|Sunny|+11.4|807.8|47
Melbourne|-37.73,144.91,78|2018-08-13T06:01:12Z|Snow|+13.7|902.3|75
Melbourne|-37.73,144.91,78|2018-08-14T05:17:30Z|Rain|+11.3|1087.1|34
Melbourne|-37.73,144.91,78|2018-08-15T06:38:38Z|Sunny|+5.9|1019.0|36
Melbourne|-37.73,144.91,78|2018-08-16T08:58:25Z|Sunny|+9.0|871.7|69
Melbourne|-37.73,144.91,78|2018-08-17T05:50:59Z|Sunny|+11.9|915.0|6
Melbourne|-37.73,144.91,78|2018-08-18T02:33:27Z|Sunny|+13.1|1050.7|23
Melbourne|-37.73,144.91,78|2018-08-19T03:01:06Z|Sunny|+7.8|1013.4|77
Melbourne|-37.73,144.91,78|2018-08-20T12:07:18Z|Sunny|+8.6|1073.9|59
Melbourne|-37.73,144.91,78|2018-08-21T05:42:48Z|Sunny|+11.0|967.6|72
Melbourne|-37.73,144.91,78|2018-08-22T12:21:23Z|Sunny|+7.1|865.2|66
Melbourne|-37.73,144.91,78|2018-08-23T12:33:37Z|Sunny|+7.4|852.2|55
Melbourne|-37.73,144.91,78|2018-08-24T01:05:19Z|Sunny|+13.3|934.9|68
Melbourne|-37.73,144.91,78|2018-08-25T01:10:45Z|Sunny|+8.1|811.0|70
Melbourne|-37.73,144.91,78|2018-08-26T09:50:46Z|Sunny|+9.9|876.8|23
Melbourne|-37.73,144.91,78|2018-08-27T11:15:59Z|Sunny|+12.6|839.9|71
Melbourne|-37.73,144.91,78|2018-08-28T10:01:34Z|Sunny|+7.6|927.9|44
Melbourne|-37.73,144.91,78|2018-08-29T07:01:41Z|Snow|+14.2|887.5|90
Melbourne|-37.73,144.91,78|2018-08-30T05:14:28Z|Sunny|+9.0|862.4|9
Melbourne|-37.73,144.91,78|2018-08-31T09:35:20Z|Sunny|+11.8|880.0|100
Melbourne|-37.73,144.91,78|2018-09-01T01:08:06Z|Sunny|+10.8|813.2|88
Melbourne|-37.73,144.91,78|2018-09-02T12:25:59Z|Sunny|+11.1|1079.0|86
Melbourne|-37.73,144.91,78|2018-09-03T05:49:01Z|Sunny|+15.7|981.4|77
Melbourne|-37.73,144.91,78|2018-09-04T12:18:05Z|Sunny|+14.8|982.6|88
Melbourne|-37.73,144.91,78|2018-09-05T08:56:02Z|Sunny|+15.1|832.9|48
Melbourne|-37.73,144.91,78|2018-09-06T10:32:34Z|Sunny|+10.5|1065.9|37
Melbourne|-37.73,144.91,78|2018-09-07T02:15:21Z|Sunny|+8.7|903.0|85
Melbourne|-37.73,144.91,78|2018-09-08T01:30:26Z|Sunny|+7.1|984.6|6
Melbourne|-37.73,144.91,78|2018-09-09T12:59:15Z|Sunny|+16.5|854.3|46
Melbourne|-37.73,144.91,78|2018-09-10T05:34:20Z|Rain|+9.4|1052.8|91
Melbourne|-37.73,144.91,78|2018-09-11T01:12:37Z|Sunny|+11.3|1077.4|74
Melbourne|-37.73,144.91,78|2018-09-12T10:58:46Z|Sunny|+14.9|932.7|47
Melbourne|-37.73,144.91,78|2018-09-13T03:47:28Z|Sunny|+7.5|1025.7|7
Melbourne|-37.73,144.91,78|2018-09-14T12:47:28Z|Sunny|+10.8|849.6|95
Melbourne|-37.73,144.91,78|2018-09-15T10:38:01Z|Rain|+9.2|935.1|72
Melbourne|-37.73,144.91,78|2018-09-16T12:01:26Z|Sunny|+8.4|967.3|23
Melbourne|-37.73,144.91,78|2018-09-17T10:26:44Z|Sunny|+8.6|969.7|89
Melbourne|-37.73,144.91,78|2018-09-18T10:38:20Z|Sunny|+16.0|1054.8|29
Melbourne|-37.73,144.91,78|2018-09-19T04:59:15Z|Sunny|+13.4|828.5|58
Melbourne|-37.73,144.91,78|2018-09-20T06:49:40Z|Rain|+12.9|922.6|36
Melbourne|-37.73,144.91,78|2018-09-21T10:46:51Z|Rain|+8.3|901.3|80
Melbourne|-37.73,144.91,78|2018-09-22T04:02:23Z|Sunny|+7.6|820.4|24
Melbourne|-37.73,144.91,78|2018-09-23T02:18:11Z|Sunny|+8.6|1082.3|72
Melbourne|-37.73,144.91,78|2018-09-24T07:26:35Z|Sunny|+7.9|1071.4|86
Melbourne|-37.73,144.91,78|2018-09-25T09:21:08Z|Sunny|+13.8|1052.1|36
Melbourne|-37.73,144.91,78|2018-09-26T06:19:21Z|Rain|+10.1|1047.7|49
Melbourne|-37.73,144.91,78|2018-09-27T10:04:27Z|Rain|+17.0|1030.7|94
Melbourne|-37.73,144.91,78|2018-09-28T09:37:26Z|Sunny|+10.8|1027.1|70
Melbourne|-37.73,144.91,78|2018-09-29T11:28:52Z|Sunny|+7.7|1059.7|61
Melbourne|-37.73,144.91,78|2018-09-30T10:47:35Z|Sunny|+14.0|837.9|81
Melbourne|-37.73,144.91,78|2018-10-01T07:26:33Z|Sunny|+8.5|856.7|94
Melbourne|-37.73,144.91,78|2018-10-02T12:35:12Z|Sunny|+12.2|910.8|91
Melbourne|-37.73,144.91,78|2018-10-03T03:36:52Z|Sunny|+13.9|1007.2|74
Melbourne|-37.73,144.91,78|2018-10-04T09:48:48Z|Sunny|+11.4|979.2|100
Melbourne|-37.73,144.91,78|2018-10-05T10:00:21Z|Sunny|+9.9|870.5|38
Melbourne|-37.73,144.91,78|2018-10-06T02:41:57Z|Sunny|+9.6|1050.6|80
Melbourne|-37.73,144.91,78|2018-10-07T10:18:09Z|Sunny|+18.0|958.7|49
Melbourne|-37.73,144.91,78|2018-10-08T04:17:10Z|Sunny|+16.8|866.0|91
Melbourne|-37.73,144.91,78|2018-10-09T09:26:07Z|Sunny|+12.4|852.3|21
Melbourne|-37.73,144.91,78|2018-10-10T07:29:09Z|Sunny|+11.1|955.8|87
Melbourne|-37.73,144.91,78|2018-10-11T01:41:56Z|Sunny|+11.8|887.7|96
Melbourne|-37.73,144.91,78|2018-10-12T02:06:31Z|Sunny|+12.5|997.7|73
Melbourne|-37.73,144.91,78|2018-10-13T07:39:42Z|Sunny|+17.8|1093.8|15
Melbourne|-37.73,144.91,78|2018-10-14T06:40:09Z|Sunny|+16.8|1099.6|13
Melbourne|-37.73,144.91,78|2018-10-15T05:15:56Z|Sunny|+14.0|1020.7|81
Melbourne|-37.73,144.91,78|2018-10-16T01:41:01Z|Sunny|+17.6|911.4|13
Melbourne|-37.73,144.91,78|2018-10-17T12:20:24Z|Sunny|+11.9|1063.0|90
Melbourne|-37.73,144.91,78|2018-10-18T08:04:34Z|Sunny|+15.4|912.7|82
Melbourne|-37.73,144.91,78|2018-10-19T04:49:52Z|Sunny|+18.5|1064.4|8
Melbourne|-37.73,144.91,78|2018-10-20T05:35:21Z|Sunny|+16.9|1021.4|32
Melbourne|-37.73,144.91,78|2018-10-21T11:44:17Z|Sunny|+9.4|812.5|54
Melbourne|-37.73,144.91,78|2018-10-22T12:28:03Z|Sunny|+14.5|973.9|31
Melbourne|-37.73,144.91,78|2018-10-23T09:56:47Z|Sunny|+12.4|933.2|18
Melbourne|-37.73,144.91,78|2018-10-24T10:55:25Z|Sunny|+11.3|847.2|88
Melbourne|-37.73,144.91,78|2018-10-25T09:35:33Z|Sunny|+10.3|1058.7|68
Melbourne|-37.73,144.91,78|2018-10-26T06:32:11Z|Sunny|+18.7|849.5|12
Melbourne|-37.73,144.91,78|2018-10-27T02:26:22Z|Sunny|+17.4|913.2|48
Melbourne|-37.73,144.91,78|2018-10-28T07:14:19Z|Sunny|+19.8|808.0|89
Melbourne|-37.73,144.91,78|2018-10-29T11:55:23Z|Rain|+11.0|1088.0|81
Melbourne|-37.73,144.91,78|2018-10-30T10:04:15Z|Sunny|+10.0|1057.7|12
Melbourne|-37.73,144.91,78|2018-10-31T03:38:39Z|Sunny|+12.0|957.0|90
Melbourne|-37.73,144.91,78|2018-11-01T08:57:42Z|Sunny|+11.3|1095.8|52
Melbourne|-37.73,144.91,78|2018-11-02T10:30:18Z|Sunny|+11.9|959.0|100
Melbourne|-37.73,144.91,78|2018-11-03T12:59:44Z|Sunny|+13.8|906.9|83
Melbourne|-37.73,144.91,78|2018-11-04T08:47:08Z|Sunny|+10.7|811.5|8
Melbourne|-37.73,144.91,78|2018-11-05T07:10:42Z|Sunny|+19.0|894.3|58
Melbourne|-37.73,144.91,78|2018-11-06T11:35:56Z|Sunny|+14.0|1086.2|29
Melbourne|-37.73,144.91,78|2018-11-07T02:35:02Z|Sunny|+12.4|925.6|40
Melbourne|-37.73,144.91,78|2018-11-08T01:36:46Z|Sunny|+18.9|881.1|72
Melbourne|-37.73,144.91,78|2018-11-09T01:08:15Z|Sunny|+16.6|937.0|48
Melbourne|-37.73,144.91,78|2018-11-10T09:10:57Z|Rain|+11.7|963.3|68
Melbourne|-37.73,144.91,78|2018-11-11T07:16:06Z|Rain|+16.5|823.8|24
Melbourne|-37.73,144.91,78|2018-11-12T03:40:11Z|Sunny|+14.2|841.9|54
Melbourne|-37.73,144.91,78|2018-11-13T11:58:17Z|Rain|+13.1|884.1|40
Melbourne|-37.73,144.91,78|2018-11-14T06:08:26Z|Rain|+21.4|964.6|90
Melbourne|-37.73,144.91,78|2018-11-15T01:35:09Z|Sunny|+14.9|915.9|77
Melbourne|-37.73,144.91,78|2018-11-16T01:32:10Z|Sunny|+10.4|922.1|11
Melbourne|-37.73,144.91,78|2018-11-17T03:03:24Z|Sunny|+21.0|959.4|43
Melbourne|-37.73,144.91,78|2018-11-18T04:08:27Z|Sunny|+19.0|881.4|58
Melbourne|-37.73,144.91,78|2018-11-19T02:28:59Z|Sunny|+20.8|1003.3|85
Melbourne|-37.73,144.91,78|2018-11-20T10:18:36Z|Sunny|+12.5|841.8|83
Melbourne|-37.73,144.91,78|2018-11-21T11:32:28Z|Sunny|+13.2|855.0|97
Melbourne|-37.73,144.91,78|2018-11-22T08:52:12Z|Sunny|+18.6|1082.7|96
Melbourne|-37.73,144.91,78|2018-11-23T03:09:39Z|Sunny|+14.4|913.2|90
Melbourne|-37.73,144.91,78|2018-11-24T08:19:18Z|Sunny|+17.1|947.4|33
Melbourne|-37.73,144.91,78|2018-11-25T11:47:07Z|Sunny|+15.1|844.7|44
Melbourne|-37.73,144.91,78|2018-11-26T12:25:44Z|Sunny|+18.7|853.8|68
Melbourne|-37.73,144.91,78|2018-11-27T06:42:43Z|Sunny|+16.7|872.7|96
Melbourne|-37.73,144.91,78|2018-11-28T06:39:36Z|Rain|+18.6|1022.4|34
Melbourne|-37.73,144.91,78|2018-11-29T07:47:33Z|Sunny|+15.2|1069.1|5
Melbourne|-37.73,144.91,78|2018-11-30T06:35:15Z|Sunny|+17.8|836.7|1
Melbourne|-37.73,144.91,78|2018-12-01T08:44:21Z|Sunny|+14.3|947.5|15
Melbourne|-37.73,144.91,78|2018-12-02T02:43:02Z|Sunny|+17.3|955.9|60
Melbourne|-37.73,144.91,78|2018-12-03T08:50:10Z|Sunny|+17.6|839.5|61
Melbourne|-37.73,144.91,78|2018-12-04T07:05:23Z|Sunny|+18.4|945.7|28
Melbourne|-37.73,144.91,78|2018-12-05T01:02:05Z|Rain|+15.2|994.9|64
Melbourne|-37.73,144.91,78|2018-12-06T11:49:52Z|Sunny|+15.6|985.0|62
Melbourne|-37.73,144.91,78|2018-12-07T09:45:05Z|Sunny|+15.1|863.9|90
Melbourne|-37.73,144.91,78|2018-12-08T12:17:16Z|Sunny|+17.7|830.1|17
Melbourne|-37.73,144.91,78|2018-12-09T05:14:54Z|Sunny|+13.8|1026.4|41
Melbourne|-37.73,144.91,78|2018-12-10T07:02:09Z|Sunny|+13.1|933.1|39
Melbourne|-37.73,144.91,78|2018-12-11T07:33:22Z|Sunny|+17.5|1066.2|88
Melbourne|-37.73,144.91,78|2018-12-12T09:50:45Z|Sunny|+22.6|982.8|81
Melbourne|-37.73,144.91,78|2018-12-13T01:39:34Z|Sunny|+13.4|807.5|69
Melbourne|-37.73,144.91,78|2018-12-14T10:09:10Z|Sunny|+16.3|1057.2|87
Melbourne|-37.73,144.91,78|2018-12-15T02:18:11Z|Sunny|+21.8|1046.3|36
Melbourne|-37.73,144.91,78|2018-12-16T10:01:42Z|Rain|+13.0|920.5|49
Melbourne|-37.73,144.91,78|2018-12-17T05:35:08Z|Rain|+22.9|1096.2|76
Melbourne|-37.73,144.91,78|2018-12-18T06:06:29Z|Sunny|+17.3|825.0|9
Melbourne|-37.73,144.91,78|2018-12-19T09:38:51Z|Sunny|+17.0|1009.6|27
Melbourne|-37.73,144.91,78|2018-12-20T05:30:39Z|Sunny|+25.1|841.0|39
Melbourne|-37.73,144.91,78|2018-12-21T09:36:56Z|Sunny|+13.3|1036.8|82
Melbourne|-37.73,144.91,78|2018-12-22T07:50:19Z|Sunny|+25.2|1078.6|14
Melbourne|-37.73,144.91,78|2018-12-23T08:48:53Z|Rain|+15.8|854.0|89
Melbourne|-37.73,144.91,78|2018-12-24T02:48:31Z|Sunny|+16.6|998.1|31
Melbourne|-37.73,144.91,78|2018-12-25T02:23:32Z|Sunny|+13.5|903.9|13
Melbourne|-37.73,144.91,78|2018-12-26T12:32:13Z|Sunny|+25.9|837.1|18
Melbourne|-37.73,144.91,78|2018-12-27T04:54:21Z|Sunny|+20.1|843.8|40
Melbourne|-37.73,144.91,78|2018-12-28T04:39:16Z|Sunny|+20.9|903.8|62
Melbourne|-37.73,144.91,78|2018-12-29T02:25:22Z|Sunny|+20.7|1021.7|63
Melbourne|-37.73,144.91,78|2018-12-30T01:59:53Z|Sunny|+14.9|1038.1|9
Melbourne|-37.73,144.91,78|2018-12-31T02:51:59Z|Sunny|+21.6|850.6|89
Adelaide|-34.93,138.58,29|2018-01-01T06:12:05Z|Sunny|+18.5|889.1|91
Adelaide|-34.93,138.58,29|2018-01-02T07:08:16Z|Sunny|+23.3|945.8|4
Adelaide|-34.93,138.58,29|2018-01-03T07:03:20Z|Sunny|+21.4|997.6|2
Adelaide|-34.93,138.58,29|2018-01-04T02:44:13Z|Sunny|+27.5|981.7|18
Adelaide|-34.93,138.58,29|2018-01-05T01:03:53Z|Sunny|+26.7|1054.5|61
Adelaide|-34.93,138.58,29|2018-01-06T10:30:13Z|Rain|+25.5|1035.1|19
Adelaide|-34.93,138.58,29|2018-01-07T01:20:39Z|Sunny|+27.1|1028.3|48
Adelaide|-34.93,138.58,29|2018-01-08T08:10:02Z|Sunny|+24.0|811.8|43
Adelaide|-34.93,138.58,29|2018-01-09T05:58:41Z|Sunny|+19.3|898.5|34
Adelaide|-34.93,138.58,29|2018-01-10T08:18:45Z|Sunny|+24.9|985.5|22
Adelaide|-34.93,138.58,29|2018-01-11T04:59:08Z|Sunny|+17.0|1083.8|8
Adelaide|-34.93,138.58,29|2018-01-12T00:36:14Z|Sunny|+28.2|837.9|53
Adelaide|-34.93,138.58,29|2018-01-13T12:04:20Z|Sunny|+21.6|977.4|37
Adelaide|-34.93,138.58,29|2018-01-14T02:39:58Z|Rain|+17.2|863.8|31
Adelaide|-34.93,138.58,29|2018-01-15T01:51:15Z|Sunny|+20.2|1037.1|99
Adelaide|-34.93,138.58,29|2018-01-16T10:19:23Z|Sunny|+18.3|1060.2|66
Adelaide|-34.93,138.58,29|2018-01-17T05:44:18Z|Sunny|+21.3|941.1|10
Adelaide|-34.93,138.58,29|2018-01-18T02:32:39Z|Sunny|+22.9|838.1|31
Adelaide|-34.93,138.58,29|2018-01-19T04:19:59Z|Sunny|+19.9|1053.4|76
Adelaide|-34.93,138.58,29|2018-01-20T01:06:35Z|Sunny|+16.9|994.0|27
Adelaide|-34.93,138.58,29|2018-01-21T00:47:41Z|Sunny|+21.3|1068.6|8
Adelaide|-34.93,138.58,29|2018-01-22T11:56:11Z|Sunny|+17.6|972.2|17
Adelaide|-34.93,138.58,29|2018-01-23T02:57:01Z|Sunny|+26.7|994.4|24
Adelaide|-34.93,138.58,29|2018-01-24T08:31:08Z|Sunny|+21.4|1091.7|68
Adelaide|-34.93,138.58,29|2018-01-25T07:17:57Z|Sunny|+27.4|924.2|46
Adelaide|-34.93,138.58,29|2018-01-26T03:01:33Z|Sunny|+24.2|1099.0|50
Adelaide|-34.93,138.58,29|2018-01-27T05:59:41Z|Sunny|+22.0|1041.1|61
Adelaide|-34.93,138.58,29|2018-01-28T11:23:49Z|Sunny|+26.2|1038.1|53
Adelaide|-34.93,138.58,29|2018-01-29T11:52:33Z|Sunny|+22.0|980.2|85
Adelaide|-34.93,138.58,29|2018-01-30T09:22:19Z|Sunny|+25.8|990.5|100
Adelaide|-34.93,138.58,29|2018-01-31T04:38:20Z|Sunny|+26.0|985.5|41
Adelaide|-34.93,138.58,29|2018-02-01T11:34:06Z|Sunny|+28.1|923.0|100
Adelaide|-34.93,138.58,29|2018-02-02T05:02:04Z|Rain|+19.0|841.1|7
Adelaide|-34.93,138.58,29|2018-02-03T12:30:30Z|Sunny|+22.9|926.1|84
Adelaide|-34.93,138.58,29|2018-02-04T05:34:37Z|Sunny|+27.0|899.3|49
Adelaide|-34.93,138.58,29|2018-02-05T03:38:19Z|Sunny|+29.1|926.5|4
Adelaide|-34.93,138.58,29|2018-02-06T12:01:21Z|Sunny|+28.3|919.9|69
Adelaide|-34.93,138.58,29|2018-02-07T11:46:33Z|Sunny|+19.2|819.5|44
Adelaide|-34.93,138.58,29|2018-02-08T04:40:20Z|Rain|+28.6|1071.3|53
Adelaide|-34.93,138.58,29|2018-02-09T08:41:25Z|Sunny|+24.0|1007.7|18
Adelaide|-34.93,138.58,29|2018-02-10T04:35:25Z|Sunny|+28.7|938.0|2
Adelaide|-34.93,138.58,29|2018-02-11T03:09:06Z|Sunny|+24.7|1034.4|44
Adelaide|-34.93,138.58,29|2018-02-12T02:11:22Z|Rain|+28.5|871.7|81
Adelaide|-34.93,138.58,29|2018-02-13T05:41:41Z|Sunny|+21.1|1062.8|34
Adelaide|-34.93,138.58,29|2018-02-14T03:34:41Z|Sunny|+28.2|998.4|54
Adelaide|-34.93,138.58,29|2018-02-15T11:46:22Z|Sunny|+20.0|895.4|37
Adelaide|-34.93,138.58,29|2018-02-16T09:15:27Z|Sunny|+27.1|948.1|52
Adelaide|-34.93,138.58,29|2018-02-17T10:27:20Z|Sunny|+25.2|914.7|88
Adelaide|-34.93,138.58,29|2018-02-18T04:09:13Z|Sunny|+25.1|907.5|97
Adelaide|-34.93,138.58,29|2018-02-19T07:36:55Z|Rain|+22.4|981.0|67
Adelaide|-34.93,138.58,29|2018-02-20T08:16:57Z|Sunny|+18.0|1010.4|35
Adelaide|-34.93,138.58,29|2018-02-21T06:58:52Z|Sunny|+18.3|1069.4|50
Adelaide|-34.93,138.58,29|2018-02-22T08:50:29Z|Sunny|+27.3|842.4|95
Adelaide|-34.93,138.58,29|2018-02-23T10:04:44Z|Sunny|+23.5|805.5|31
Adelaide|-34.93,138.58,29|2018-02-24T02:39:57Z|Sunny|+20.8|986.0|93
Adelaide|-34.93,138.58,29|2018-02-25T05:33:00Z|Sunny|+22.7|964.0|86
Adelaide|-34.93,138.58,29|2018-02-26T10:51:44Z|Rain|+24.6|992.3|65
Adelaide|-34.93,138.58,29|2018-02-27T11:13:19Z|Sunny|+22.9|1042.1|46
Adelaide|-34.93,138.58,29|2018-02-28T05:34:23Z|Rain|+19.6|897.6|58
Adelaide|-34.93,138.58,29|2018-03-01T02:43:39Z|Rain|+19.7|857.5|21
Adelaide|-34.93,138.58,29|2018-03-02T10:22:15Z|Sunny|+23.0|1086.3|80
Adelaide|-34.93,138.58,29|2018-03-03T02:35:37Z|Sunny|+25.2|800.6|86
Adelaide|-34.93,138.58,29|2018-03-04T12:24:43Z|Sunny|+19.3|969.7|93
Adelaide|-34.93,138.58,29|2018-03-05T07:03:17Z|Sunny|+20.3|1000.5|87
Adelaide|-34.93,138.58,29|2018-03-06T11:31:43Z|Sunny|+18.1|1092.8|72
Adelaide|-34.93,138.58,29|2018-03-07T12:03:34Z|Sunny|+24.1|978.0|62
Adelaide|-34.93,138.58,29|2018-03-08T06:18:45Z|Sunny|+26.3|918.8|79
Adelaide|-34.93,138.58,29|2018-03-09T05:16:40Z|Sunny|+16.0|1059.7|34
Adelaide|-34.93,138.58,29|2018-03-10T02:54:23Z|Sunny|+23.9|1016.9|95
Adelaide|-34.93,138.58,29|2018-03-11T01:24:58Z|Sunny|+22.0|816.8|86
Adelaide|-34.93,138.58,29|2018-03-12T08:28:20Z|Sunny|+21.8|885.5|45
Adelaide|-34.93,138.58,29|2018-03-13T05:03:53Z|Rain|+18.9|968.7|78
Adelaide|-34.93,138.58,29|2018-03-14T03:31:30Z|Sunny|+21.8|887.1|15
Adelaide|-34.93,138.58,29|2018-03-15T09:40:05Z|Sunny|+15.9|1041.7|45
Adelaide|-34.93,138.58,29|2018-03-16T01:41:26Z|Sunny|+20.1|983.1|51
Adelaide|-34.93,138.58,29|2018-03-17T02:54:53Z|Sunny|+15.4|1023.8|39
Adelaide|-34.93,138.58,29|2018-03-18T03:22:35Z|Sunny|+17.9|856.3|8
Adelaide|-34.93,138.58,29|2018-03-19T03:36:46Z|Sunny|+24.6|1044.0|68
Adelaide|-34.93,138.58,29|2018-03-20T07:53:46Z|Sunny|+25.3|979.3|89
Adelaide|-34.93,138.58,29|2018-03-21T02:03:15Z|Sunny|+22.9|838.9|58
Adelaide|-34.93,138.58,29|2018-03-22T01:09:55Z|Rain|+18.1|1041.9|70
Adelaide|-34.93,138.58,29|2018-03-23T10:51:33Z|Sunny|+19.9|1001.2|68
Adelaide|-34.93,138.58,29|2018-03-24T11:28:49Z|Sunny|+20.0|1028.3|17
Adelaide|-34.93,138.58,29|2018-03-25T10:47:29Z|Sunny|+19.4|804.3|19
Adelaide|-34.93,138.58,29|2018-03-26T07:28:17Z|Sunny|+14.8|821.7|23
Adelaide|-34.93,138.58,29|2018-03-27T08:23:53Z|Sunny|+14.9|902.3|30
Adelaide|-34.93,138.58,29|2018-03-28T11:02:15Z|Sunny|+20.9|971.2|13
Adelaide|-34.93,138.58,29|2018-03-29T02:03:54Z|Sunny|+17.4|1085.1|86
Adelaide|-34.93,138.58,29|2018-03-30T11:28:55Z|Sunny|+20.5|962.5|12
Adelaide|-34.93,138.58,29|2018-03-31T10:06:33Z|Sunny|+23.0|830.9|50
Adelaide|-34.93,138.58,29|2018-04-01T07:44:32Z|Sunny|+18.2|995.8|62
Adelaide|-34.93,138.58,29|2018-04-02T01:40:27Z|Sunny|+17.1|907.6|29
Adelaide|-34.93,138.58,29|2018-04-03T10:25:06Z|Sunny|+17.4|840.9|29
Adelaide|-34.93,138.58,29|2018-04-04T04:02:08Z|Sunny|+17.9|935.6|57
Adelaide|-34.93,138.58,29|2018-04-05T06:00:16Z|Sunny|+23.4|1055.8|23
Adelaide|-34.93,138.58,29|2018-04-06T08:19:27Z|Sunny|+17.3|1010.2|19
Adelaide|-34.93,138.58,29|2018-04-07T07:33:31Z|Sunny|+14.7|862.8|54
Adelaide|-34.93,138.58,29|2018-04-08T02:52:56Z|Sunny|+15.7|982.1|46
Adelaide|-34.93,138.58,29|2018-04-09T02:48:35Z|Rain|+19.7|1073.7|91
Adelaide|-34.93,138.58,29|2018-04-10T08:05:29Z|Sunny|+17.7|885.1|53
Adelaide|-34.93,138.58,29|2018-04-11T10:41:13Z|Rain|+15.8|1051.5|21
Adelaide|-34.93,138.58,29|2018-04-12T07:51:12Z|Sunny|+21.7|928.2|35
Adelaide|-34.93,138.58,29|2018-04-13T04:22:10Z|Sunny|+16.2|869.1|53
Adelaide|-34.93,138.58,29|2018-04-14T04:48:53Z|Sunny|+22.4|1061.7|56
Adelaide|-34.93,138.58,29|2018-04-15T10:38:31Z|Sunny|+17.2|1016.5|17
Adelaide|-34.93,138.58,29|2018-04-16T06:19:31Z|Sunny|+19.3|1072.2|73
Adelaide|-34.93,138.58,29|2018-04-17T05:07:48Z|Sunny|+18.4|949.3|47
Adelaide|-34.93,138.58,29|2018-04-18T00:58:34Z|Sunny|+19.6|874.4|72
Adelaide|-34.93,138.58,29|2018-04-19T06:01:45Z|Sunny|+21.8|1063.3|64
Adelaide|-34.93,138.58,29|2018-04-20T12:10:31Z|Sunny|+13.1|906.9|70
Adelaide|-34.93,138.58,29|2018-04-21T08:17:39Z|Sunny|+13.9|1049.8|30
Adelaide|-34.93,138.58,29|2018-04-22T10:40:08Z|Sunny|+12.7|1003.8|63
Adelaide|-34.93,138.58,29|2018-04-23T06:32:32Z|Sunny|+19.4|925.0|19
Adelaide|-34.93,138.58,29|2018-04-24T08:25:11Z|Sunny|+19.1|880.1|56
Adelaide|-34.93,138.58,29|2018-04-25T12:03:25Z|Sunny|+15.9|900.7|86
Adelaide|-34.93,138.58,29|2018-04-26T11:10:40Z|Sunny|+18.0|817.7|68
Adelaide|-34.93,138.58,29|2018-04-27T11:11:33Z|Rain|+14.0|969.8|78
Adelaide|-34.93,138.58,29|2018-04-28T03:12:52Z|Sunny|+20.0|854.2|7
Adelaide|-34.93,138.58,29|2018-04-29T00:37:37Z|Sunny|+17.6|920.5|38
Adelaide|-34.93,138.58,29|2018-04-30T08:38:06Z|Sunny|+13.9|919.8|41
Adelaide|-34.93,138.58,29|2018-05-01T07:00:33Z|Rain|+17.5|818.8|81
Adelaide|-34.93,138.58,29|2018-05-02T09:41:23Z|Sunny|+15.8|801.2|89
Adelaide|-34.93,138.58,29|2018-05-03T04:12:49Z|Sunny|+11.6|1041.2|27
Adelaide|-34.93,138.58,29|2018-05-04T08:25:25Z|Rain|+16.9|991.9|35
Adelaide|-34.93,138.58,29|2018-05-05T05:19:51Z|Sunny|+14.6|885.2|25
Adelaide|-34.93,138.58,29|2018-05-06T05:13:19Z|Sunny|+14.3|1032.8|35
Adelaide|-34.93,138.58,29|2018-05-07T10:26:31Z|Sunny|+13.0|822.2|13
Adelaide|-34.93,138.58,29|2018-05-08T06:51:50Z|Sunny|+12.0|850.3|57
Adelaide|-34.93,138.58,29|2018-05-09T12:00:18Z|Sunny|+13.1|955.1|84
Adelaide|-34.93,138.58,29|2018-05-10T04:31:39Z|Sunny|+15.0|948.1|26
Adelaide|-34.93,138.58,29|2018-05-11T12:27:19Z|Sunny|+17.8|1062.6|13
Adelaide|-34.93,138.58,29|2018-05-12T09:30:37Z|Sunny|+17.1|972.1|47
Adelaide|-34.93,138.58,29|2018-05-13T01:28:39Z|Sunny|+16.6|801.9|76
Adelaide|-34.93,138.58,29|2018-05-14T01:04:49Z|Sunny|+17.2|966.6|13
Adelaide|-34.93,138.58,29|2018-05-15T01:54:26Z|Sunny|+17.5|879.8|56
Adelaide|-34.93,138.58,29|2018-05-16T05:31:59Z|Sunny|+17.4|826.9|75
Adelaide|-34.93,138.58,29|2018-05-17T12:27:35Z|Sunny|+11.3|1061.0|54
Adelaide|-34.93,138.58,29|2018-05-18T08:57:42Z|Sunny|+10.5|1011.3|22
Adelaide|-34.93,138.58,29|2018-05-19T07:31:06Z|Sunny|+11.9|1023.8|54
Adelaide|-34.93,138.58,29|2018-05-20T03:59:14Z|Sunny|+13.0|821.7|60
Adelaide|-34.93,138.58,29|2018-05-21T09:44:23Z|Sunny|+15.7|855.0|89
Adelaide|-34.93,138.58,29|2018-05-22T03:42:58Z|Sunny|+13.2|1099.1|77
Adelaide|-34.93,138.58,29|2018-05-23T12:22:58Z|Sunny|+13.4|1016.3|48
Adelaide|-34.93,138.58,29|2018-05-24T07:37:40Z|Sunny|+14.1|1039.8|76
Adelaide|-34.93,138.58,29|2018-05-25T07:46:54Z|Sunny|+15.7|830.1|78
Adelaide|-34.93,138.58,29|2018-05-26T01:24:08Z|Sunny|+11.1|929.9|39
Adelaide|-34.93,138.58,29|2018-05-27T12:06:08Z|Sunny|+13.1|985.9|97
Adelaide|-34.93,138.58,29|2018-05-28T03:05:48Z|Sunny|+11.6|982.6|86
Adelaide|-34.93,138.58,29|2018-05-29T01:09:56Z|Sunny|+13.7|1038.2|55
Adelaide|-34.93,138.58,29|2018-05-30T09:42:40Z|Sunny|+16.8|844.3|80
Adelaide|-34.93,138.58,29|2018-05-31T03:18:04Z|Sunny|+16.9|930.0|94
Adelaide|-34.93,138.58,29|2018-06-01T07:38:16Z|Sunny|+11.5|1075.3|46
Adelaide|-34.93,138.58,29|2018-06-02T07:56:12Z|Rain|+16.5|884.6|13
Adelaide|-34.93,138.58,29|2018-06-03T09:05:56Z|Sunny|+10.5|837.1|54
Adelaide|-34.93,138.58,29|2018-06-04T01:55:37Z|Sunny|+14.6|846.5|58
Adelaide|-34.93,138.58,29|2018-06-05T05:42:32Z|Sunny|+9.6|1029.0|37
Adelaide|-34.93,138.58,29|2018-06-06T07:50:32Z|Sunny|+12.2|1051.6|89
Adelaide|-34.93,138.58,29|2018-06-07T08:11:21Z|Sunny|+11.3|953.7|32
Adelaide|-34.93,138.58,29|2018-06-08T09:41:27Z|Sunny|+10.2|1087.9|37
Adelaide|-34.93,138.58,29|2018-06-09T06:30:07Z|Rain|+8.8|1016.3|13
Adelaide|-34.93,138.58,29|2018-06-10T10:27:31Z|Sunny|+14.2|888.3|90
Adelaide|-34.93,138.58,29|2018-06-11T02:14:38Z|Sunny|+14.6|925.8|12
Adelaide|-34.93,138.58,29|2018-06-12T11:47:19Z|Sunny|+14.4|933.3|25
Adelaide|-34.93,138.58,29|2018-06-13T08:17:17Z|Sunny|+14.8|854.6|49
Adelaide|-34.93,138.58,29|2018-06-14T10:40:07Z|Rain|+13.6|841.0|81
Adelaide|-34.93,138.58,29|2018-06-15T05:01:50Z|Sunny|+13.0|1044.9|71
Adelaide|-34.93,138.58,29|2018-06-16T10:52:19Z|Sunny|+13.8|1079.1|57
Adelaide|-34.93,138.58,29|2018-06-17T12:25:34Z|Sunny|+12.3|1056.1|28
Adelaide|-34.93,138.58,29|2018-06-18T11:56:24Z|Sunny|+13.8|866.6|6
Adelaide|-34.93,138.58,29|2018-06-19T00:31:57Z|Sunny|+14.5|1097.0|26
Adelaide|-34.93,138.58,29|2018-06-20T12:21:51Z|Sunny|+8.1|878.6|99
Adelaide|-34.93,138.58,29|2018-06-21T05:21:31Z|Sunny|+13.0|1080.2|32
Adelaide|-34.93,138.58,29|2018-06-22T07:03:49Z|Sunny|+12.9|861.3|40
Adelaide|-34.93,138.58,29|2018-06-23T03:06:53Z|Sunny|+15.0|806.5|80
Adelaide|-34.93,138.58,29|2018-06-24T01:03:53Z|Sunny|+11.7|933.9|59
Adelaide|-34.93,138.58,29|2018-06-25T03:07:20Z|Sunny|+8.1|802.1|80
Adelaide|-34.93,138.58,29|2018-06-26T02:21:50Z|Sunny|+10.0|1015.2|57
Adelaide|-34.93,138.58,29|2018-06-27T10:05:28Z|Sunny|+8.5|866.6|62
Adelaide|-34.93,138.58,29|2018-06-28T07:05:27Z|Rain|+14.1|1090.6|82
Adelaide|-34.93,138.58,29|2018-06-29T03:38:50Z|Rain|+13.8|835.9|73
Adelaide|-34.93,138.58,29|2018-06-30T08:20:38Z|Sunny|+8.8|939.7|17
Adelaide|-34.93,138.58,29|2018-07-01T10:19:39Z|Sunny|+9.5|810.8|55
Adelaide|-34.93,138.58,29|2018-07-02T03:48:38Z|Sunny|+8.2|940.3|25
Adelaide|-34.93,138.58,29|2018-07-03T12:10:04Z|Sunny|+9.0|1070.3|23
Adelaide|-34.93,138.58,29|2018-07-04T02:02:17Z|Sunny|+10.0|1017.0|6
Adelaide|-34.93,138.58,29|2018-07-05T06:53:30Z|Sunny|+8.7|1011.6|80
Adelaide|-34.93,138.58,29|2018-07-06T07:47:17Z|Sunny|+8.7|1049.8|11
Adelaide|-34.93,138.58,29|2018-07-07T06:59:20Z|Sunny|+10.1|879.5|68
Adelaide|-34.93,138.58,29|2018-07-08T10:34:39Z|Sunny|+9.0|977.7|93
Adelaide|-34.93,138.58,29|2018-07-09T01:52:44Z|Sunny|+10.6|903.6|30
Adelaide|-34.93,138.58,29|2018-07-10T09:57:11Z|Sunny|+7.9|805.0|41
Adelaide|-34.93,138.58,29|2018-07-11T09:37:01Z|Sunny|+9.8|1093.3|18
Adelaide|-34.93,138.58,29|2018-07-12T05:55:06Z|Rain|+14.0|1026.6|41
Adelaide|-34.93,138.58,29|2018-07-13T12:30:34Z|Sunny|+12.2|877.1|59
Adelaide|-34.93,138.58,29|2018-07-14T02:38:13Z|Sunny|+11.2|833.5|83
Adelaide|-34.93,138.58,29|2018-07-15T10:40:38Z|Sunny|+8.3|1069.6|77
Adelaide|-34.93,138.58,29|2018-07-16T04:13:25Z|Sunny|+9.2|896.1|60
Adelaide|-34.93,138.58,29|2018-07-17T02:34:04Z|Rain|+11.8|1097.7|96
Adelaide|-34.93,138.58,29|2018-07-18T10:31:30Z|Sunny|+11.3|886.2|4
Adelaide|-34.93,138.58,29|2018-07-19T08:05:43Z|Sunny|+13.1|1032.6|67
Adelaide|-34.93,138.58,29|2018-07-20T04:31:46Z|Rain|+9.0|863.1|4
Adelaide|-34.93,138.58,29|2018-07-21T04:09:29Z|Sunny|+11.4|838.5|76
Adelaide|-34.93,138.58,29|2018-07-22T01:45:13Z|Sunny|+10.5|873.4|49
Adelaide|-34.93,138.58,29|2018-07-23T03:49:29Z|Sunny|+8.2|925.0|56
Adelaide|-34.93,138.58,29|2018-07-24T09:00:27Z|Sunny|+9.2|847.8|78
Adelaide|-34.93,138.58,29|2018-07-25T02:32:07Z|Sunny|+9.1|849.1|32
Adelaide|-34.93,138.58,29|2018-07-26T08:15:31Z|Sunny|+14.4|834.7|8
Adelaide|-34.93,138.58,29|2018-07-27T06:10:59Z|Rain|+14.0|906.0|56
Adelaide|-34.93,138.58,29|2018-07-28T03:41:33Z|Sunny|+10.3|915.5|88
Adelaide|-34.93,138.58,29|2018-07-29T09:44:13Z|Sunny|+15.0|879.2|48
Adelaide|-34.93,138.58,29|2018-07-30T10:05:20Z|Rain|+12.2|835.8|82
Adelaide|-34.93,138.58,29|2018-07-31T00:53:59Z|Sunny|+9.0|852.2|3
Adelaide|-34.93,138.58,29|2018-08-01T09:00:00Z|Sunny|+14.6|1002.4|69
Adelaide|-34.93,138.58,29|2018-08-02T07:18:20Z|Sunny|+9.6|1077.4|71
Adelaide|-34.93,138.58,29|2018-08-03T01:03:07Z|Sunny|+7.8|950.6|33
Adelaide|-34.93,138.58,29|2018-08-04T11:59:27Z|Sunny|+11.6|911.6|20
Adelaide|-34.93,138.58,29|2018-08-05T11:10:22Z|Sunny|+13.3|1095.3|44
Adelaide|-34.93,138.58,29|2018-08-06T03:54:23Z|Sunny|+15.0|899.8|16
Adelaide|-34.93,138.58,29|2018-08-07T07:57:46Z|Sunny|+11.9|989.7|96
Adelaide|-34.93,138.58,29|2018-08-08T01:43:39Z|Sunny|+13.8|1051.6|32
Adelaide|-34.93,138.58,29|2018-08-09T04:13:10Z|Rain|+11.3|1060.7|43
Adelaide|-34.93,138.58,29|2018-08-10T07:21:57Z|Sunny|+10.5|809.9|67
Adelaide|-34.93,138.58,29|2018-08-11T08:05:08Z|Sunny|+11.8|856.1|2
Adelaide|-34.93,138.58,29|2018-08-12T06:02:14Z|Sunny|+13.3|1078.3|54
Adelaide|-34.93,138.58,29|2018-08-13T03:06:52Z|Sunny|+8.1|800.8|39
Adelaide|-34.93,138.58,29|2018-08-14T03:52:07Z|Sunny|+13.8|892.6|15
Adelaide|-34.93,138.58,29|2018-08-15T00:45:30Z|Sunny|+15.9|814.3|91
Adelaide|-34.93,138.58,29|2018-08-16T08:28:41Z|Sunny|+13.1|880.7|61
Adelaide|-34.93,138.58,29|2018-08-17T09:13:56Z|Sunny|+10.7|816.3|68
Adelaide|-34.93,138.58,29|2018-08-18T11:56:22Z|Sunny|+9.0|996.7|93
Adelaide|-34.93,138.58,29|2018-08-19T00:43:03Z|Sunny|+11.8|1042.0|3
Adelaide|-34.93,138.58,29|2018-08-20T06:27:35Z|Sunny|+8.9|1041.0|40
Adelaide|-34.93,138.58,29|2018-08-21T03:37:25Z|Sunny|+15.3|978.5|9
Adelaide|-34.93,138.58,29|2018-08-22T01:18:20Z|Sunny|+13.5|1051.1|59
Adelaide|-34.93,138.58,29|2018-08-23T03:13:48Z|Rain|+15.1|1065.5|58
Adelaide|-34.93,138.58,29|2018-08-24T00:31:08Z|Sunny|+11.5|1098.3|63
Adelaide|-34.93,138.58,29|2018-08-25T01:14:59Z|Sunny|+9.3|805.3|72
Adelaide|-34.93,138.58,29|2018-08-26T07:49:23Z|Sunny|+15.4|968.0|20
Adelaide|-34.93,138.58,29|2018-08-27T05:07:37Z|Sunny|+11.4|1071.3|30
Adelaide|-34.93,138.58,29|2018-08-28T07:32:30Z|Sunny|+11.5|962.8|31
Adelaide|-34.93,138.58,29|2018-08-29T01:16:26Z|Sunny|+10.0|1067.4|44
Adelaide|-34.93,138.58,29|2018-08-30T04:27:45Z|Sunny|+14.3|887.3|34
Adelaide|-34.93,138.58,29|2018-08-31T08:38:36Z|Sunny|+9.8|985.7|80
Adelaide|-34.93,138.58,29|2018-09-01T03:54:49Z|Rain|+8.9|1059.7|97
Adelaide|-34.93,138.58,29|2018-09-02T12:21:33Z|Sunny|+12.2|1093.5|87
Adelaide|-34.93,138.58,29|2018-09-03T06:10:18Z|Sunny|+16.2|818.6|65
Adelaide|-34.93,138.58,29|2018-09-04T03:34:54Z|Sunny|+13.4|823.3|88
Adelaide|-34.93,138.58,29|2018-09-05T05:42:25Z|Sunny|+11.6|1076.1|46
Adelaide|-34.93,138.58,29|2018-09-06T03:56:00Z|Sunny|+12.5|900.3|42
Adelaide|-34.93,138.58,29|2018-09-07T08:01:22Z|Sunny|+10.2|858.3|31
Adelaide|-34.93,138.58,29|2018-09-08T05:42:52Z|Sunny|+16.3|945.9|73
Adelaide|-34.93,138.58,29|2018-09-09T06:57:46Z|Sunny|+14.5|1095.5|40
Adelaide|-34.93,138.58,29|2018-09-10T07:44:42Z|Sunny|+13.4|1046.7|75
Adelaide|-34.93,138.58,29|2018-09-11T07:19:25Z|Sunny|+15.1|1082.1|12
Adelaide|-34.93,138.58,29|2018-09-12T04:36:52Z|Sunny|+18.3|1063.3|97
Adelaide|-34.93,138.58,29|2018-09-13T09:28:43Z|Sunny|+15.0|981.9|34
Adelaide|-34.93,138.58,29|2018-09-14T01:43:13Z|Sunny|+12.5|972.3|25
Adelaide|-34.93,138.58,29|2018-09-15T04:43:36Z|Sunny|+10.5|976.3|79
Adelaide|-34.93,138.58,29|2018-09-16T09:02:33Z|Sunny|+9.4|1003.8|90
Adelaide|-34.93,138.58,29|2018-09-17T10:46:10Z|Sunny|+12.0|960.8|39
Adelaide|-34.93,138.58,29|2018-09-18T05:01:45Z|Sunny|+15.5|941.9|72
Adelaide|-34.93,138.58,29|2018-09-19T02:26:35Z|Sunny|+10.4|873.1|21
Adelaide|-34.93,138.58,29|2018-09-20T03:46:54Z|Sunny|+16.0|935.5|88
Adelaide|-34.93,138.58,29|2018-09-21T01:49:42Z|Sunny|+11.4|927.9|54
Adelaide|-34.93,138.58,29|2018-09-22T07:47:36Z|Sunny|+15.0|1015.4|33
Adelaide|-34.93,138.58,29|2018-09-23T04:38:50Z|Sunny|+15.8|1070.7|25
Adelaide|-34.93,138.58,29|2018-09-24T10:37:07Z|Sunny|+11.5|855.6|38
Adelaide|-34.93,138.58,29|2018-09-25T09:55:59Z|Sunny|+13.2|997.0|14
Adelaide|-34.93,138.58,29|2018-09-26T09:51:30Z|Sunny|+16.8|906.9|68
Adelaide|-34.93,138.58,29|2018-09-27T10:37:18Z|Sunny|+14.0|939.3|43
Adelaide|-34.93,138.58,29|2018-09-28T07:34:05Z|Sunny|+12.4|835.0|87
Adelaide|-34.93,138.58,29|2018-09-29T03:32:53Z|Sunny|+15.5|996.9|66
Adelaide|-34.93,138.58,29|2018-09-30T09:08:22Z|Sunny|+11.5|1009.3|54
Adelaide|-34.93,138.58,29|2018-10-01T05:47:51Z|Sunny|+12.0|852.4|75
Adelaide|-34.93,138.58,29|2018-10-02T11:11:04Z|Rain|+16.8|849.3|34
Adelaide|-34.93,138.58,29|2018-10-03T10:02:52Z|Sunny|+13.8|877.0|31
Adelaide|-34.93,138.58,29|2018-10-04T03:35:33Z|Sunny|+18.3|883.4|50
Adelaide|-34.93,138.58,29|2018-10-05T11:57:56Z|Sunny|+13.0|1055.8|95
Adelaide|-34.93,138.58,29|2018-10-06T02:33:25Z|Sunny|+16.5|1061.1|54
Adelaide|-34.93,138.58,29|2018-10-07T06:03:05Z|Sunny|+16.2|812.7|85
Adelaide|-34.93,138.58,29|2018-10-08T09:41:04Z|Sunny|+13.2|941.2|67
Adelaide|-34.93,138.58,29|2018-10-09T07:44:10Z|Sunny|+14.9|927.2|71
Adelaide|-34.93,138.58,29|2018-10-10T08:34:42Z|Sunny|+17.9|866.9|45
Adelaide|-34.93,138.58,29|2018-10-11T11:49:05Z|Sunny|+17.8|1073.3|27
Adelaide|-34.93,138.58,29|2018-10-12T03:58:39Z|Sunny|+16.4|873.0|64
Adelaide|-34.93,138.58,29|2018-10-13T01:47:54Z|Sunny|+19.6|983.7|7
Adelaide|-34.93,138.58,29|2018-10-14T03:04:01Z|Rain|+14.1|1057.8|17
Adelaide|-34.93,138.58,29|2018-10-15T10:43:21Z|Sunny|+19.8|1071.5|76
Adelaide|-34.93,138.58,29|2018-10-16T02:36:26Z|Sunny|+18.3|876.5|76
Adelaide|-34.93,138.58,29|2018-10-17T07:53:02Z|Sunny|+13.5|819.2|17
Adelaide|-34.93,138.58,29|2018-10-18T02:09:59Z|Sunny|+17.6|911.1|6
Adelaide|-34.93,138.58,29|2018-10-19T05:30:29Z|Sunny|+14.2|854.4|100
Adelaide|-34.93,138.58,29|2018-10-20T03:20:16Z|Sunny|+16.4|1056.0|87
Adelaide|-34.93,138.58,29|2018-10-21T04:21:40Z|Sunny|+13.7|1009.5|100
Adelaide|-34.93,138.58,29|2018-10-22T02:41:59Z|Sunny|+13.1|998.1|68
Adelaide|-34.93,138.58,29|2018-10-23T03:42:26Z|Sunny|+16.5|881.0|50
Adelaide|-34.93,138.58,29|2018-10-24T01:14:28Z|Sunny|+21.4|944.5|47
Adelaide|-34.93,138.58,29|2018-10-25T07:42:06Z|Sunny|+22.2|875.2|15
Adelaide|-34.93,138.58,29|2018-10-26T11:35:57Z|Sunny|+13.1|982.6|26
Adelaide|-34.93,138.58,29|2018-10-27T02:29:18Z|Sunny|+21.7|965.8|42
Adelaide|-34.93,138.58,29|2018-10-28T05:03:12Z|Rain|+17.7|893.9|98
Adelaide|-34.93,138.58,29|2018-10-29T02:59:58Z|Sunny|+12.6|1050.6|50
Adelaide|-34.93,138.58,29|2018-10-30T00:55:44Z|Sunny|+20.1|1091.6|53
Adelaide|-34.93,138.58,29|2018-10-31T09:07:57Z|Rain|+18.3|952.1|52
Adelaide|-34.93,138.58,29|2018-11-01T04:39:59Z|Sunny|+15.1|882.0|81
Adelaide|-34.93,138.58,29|2018-11-02T11:06:17Z|Sunny|+23.0|1004.3|59
Adelaide|-34.93,138.58,29|2018-11-03T09:44:57Z|Sunny|+18.4|1048.9|17
Adelaide|-34.93,138.58,29|2018-11-04T03:37:56Z|Sunny|+23.0|868.6|34
Adelaide|-34.93,138.58,29|2018-11-05T03:55:06Z|Rain|+19.4|1024.8|62
Adelaide|-34.93,138.58,29|2018-11-06T07:11:24Z|Sunny|+19.5|927.7|96
Adelaide|-34.93,138.58,29|2018-11-07T05:30:14Z|Sunny|+22.8|889.5|17
Adelaide|-34.93,138.58,29|2018-11-08T04:20:38Z|Sunny|+14.4|956.4|9
Adelaide|-34.93,138.58,29|2018-11-09T03:30:48Z|Sunny|+18.6|822.7|37
Adelaide|-34.93,138.58,29|2018-11-10T03:02:53Z|Sunny|+16.1|904.3|89
Adelaide|-34.93,138.58,29|2018-11-11T05:10:39Z|Sunny|+20.1|1050.0|36
Adelaide|-34.93,138.58,29|2018-11-12T08:47:01Z|Sunny|+14.2|1083.0|8
Adelaide|-34.93,138.58,29|2018-11-13T07:35:59Z|Sunny|+13.3|1070.0|61
Adelaide|-34.93,138.58,29|2018-11-14T09:33:04Z|Sunny|+21.3|947.5|48
Adelaide|-34.93,138.58,29|2018-11-15T03:40:45Z|Sunny|+23.6|843.1|65
Adelaide|-34.93,138.58,29|2018-11-16T07:38:23Z|Sunny|+19.2|819.1|12
Adelaide|-34.93,138.58,29|2018-11-17T01:14:37Z|Sunny|+18.6|1046.4|68
Adelaide|-34.93,138.58,29|2018-11-18T09:40:44Z|Sunny|+17.9|940.8|39
Adelaide|-34.93,138.58,29|2018-11-19T06:47:59Z|Sunny|+19.5|936.7|37
Adelaide|-34.93,138.58,29|2018-11-20T03:34:01Z|Sunny|+15.7|1067.6|50
Adelaide|-34.93,138.58,29|2018-11-21T02:38:22Z|Sunny|+19.1|924.5|54
Adelaide|-34.93,138.58,29|2018-11-22T09:16:56Z|Sunny|+19.0|814.7|58
Adelaide|-34.93,138.58,29|2018-11-23T05:08:36Z|Sunny|+23.0|1099.4|5
Adelaide|-34.93,138.58,29|2018-11-24T11:24:07Z|Sunny|+15.4|843.0|58
Adelaide|-34.93,138.58,29|2018-11-25T09:24:22Z|Sunny|+23.8|995.8|29
Adelaide|-34.93,138.58,29|2018-11-26T10:43:50Z|Sunny|+23.8|972.3|78
Adelaide|-34.93,138.58,29|2018-11-27T06:36:47Z|Sunny|+16.3|811.4|68
Adelaide|-34.93,138.58,29|2018-11-28T08:51:04Z|Sunny|+14.4|1099.2|41
Adelaide|-34.93,138.58,29|2018-11-29T06:07:26Z|Sunny|+18.9|1019.1|51
Adelaide|-34.93,138.58,29|2018-11-30T08:40:07Z|Rain|+19.9|1010.2|15
Adelaide|-34.93,138.58,29|2018-12-01T00:33:12Z|Sunny|+23.4|988.5|32
Adelaide|-34.93,138.58,29|2018-12-02T09:52:54Z|Sunny|+15.5|988.0|6
Adelaide|-34.93,138.58,29|2018-12-03T10:22:58Z|Sunny|+19.0|934.1|33
Adelaide|-34.93,138.58,29|2018-12-04T04:25:48Z|Sunny|+20.3|1024.1|11
Adelaide|-34.93,138.58,29|2018-12-05T11:44:00Z|Sunny|+16.4|984.4|40
Adelaide|-34.93,138.58,29|2018-12-06T07:13:44Z|Sunny|+25.0|922.3|97
Adelaide|-34.93,138.58,29|2018-12-07T07:24:33Z|Sunny|+17.2|883.9|87
Adelaide|-34.93,138.58,29|2018-12-08T08:57:41Z|Sunny|+23.8|907.5|65
Adelaide|-34.93,138.58,29|2018-12-09T06:56:43Z|Sunny|+22.6|846.0|78
Adelaide|-34.93,138.58,29|2018-12-10T03:47:31Z|Sunny|+21.2|1019.3|36
Adelaide|-34.93,138.58,29|2018-12-11T07:09:03Z|Sunny|+22.6|974.0|10
Adelaide|-34.93,138.58,29|2018-12-12T09:28:37Z|Sunny|+23.3|885.1|27
Adelaide|-34.93,138.58,29|2018-12-13T06:06:56Z|Sunny|+16.1|1063.1|44
Adelaide|-34.93,138.58,29|2018-12-14T10:27:17Z|Sunny|+21.9|987.5|48
Adelaide|-34.93,138.58,29|2018-12-15T00:42:40Z|Sunny|+19.6|956.5|39
Adelaide|-34.93,138.58,29|2018-12-16T10:20:09Z|Sunny|+17.0|835.9|29
Adelaide|-34.93,138.58,29|2018-12-17T08:47:28Z|Sunny|+25.4|1018.1|25
Adelaide|-34.93,138.58,29|2018-12-18T01:49:14Z|Sunny|+20.0|842.7|31
Adelaide|-34.93,138.58,29|2018-12-19T11:58:31Z|Sunny|+22.6|1057.4|2
Adelaide|-34.93,138.58,29|2018-12-20T03:43:56Z|Sunny|+16.4|1023.3|82
Adelaide|-34.93,138.58,29|2018-12-21T06:58:56Z|Sunny|+27.3|1049.9|44
Adelaide|-34.93,138.58,29|2018-12-22T10:12:23Z|Sunny|+21.2|888.5|57
Adelaide|-34.93,138.58,29|2018-12-23T01:06:44Z|Sunny|+16.8|851.9|4
Adelaide|-34.93,138.58,29|2018-12-24T06:05:06Z|Rain|+18.3|1064.9|19
Adelaide|-34.93,138.58,29|2018-12-25T12:19:10Z|Sunny|+23.8|967.0|61
Adelaide|-34.93,138.58,29|2018-12-26T03:37:51Z|Rain|+20.1|990.2|59
Adelaide|-34.93,138.58,29|2018-12-27T00:38:02Z|Sunny|+26.7|941.2|60
Adelaide|-34.93,138.58,29|2018-12-28T03:26:18Z|Sunny|+19.9|1029.4|54
Adelaide|-34.93,138.58,29|2018-12-29T12:13:22Z|Sunny|+22.8|823.0|8
Adelaide|-34.93,138.58,29|2018-12-30T03:14:20Z|Sunny|+18.4|870.5|22
Adelaide|-34.93,138.58,29|2018-12-31T02:46:02Z|Sunny|+20.4|820.2|28
Sydney|-33.86,151.2,39|2018-01-01T11:07:12Z|Sunny|+21.7|910.1|41
Sydney|-33.86,151.2,39|2018-01-02T04:39:00Z|Sunny|+23.5|1079.8|94
Sydney|-33.86,151.2,39|2018-01-03T02:47:11Z|Rain|+24.6|884.1|29
Sydney|-33.86,151.2,39|2018-01-04T05:56:55Z|Rain|+21.1|865.4|96
Sydney|-33.86,151.2,39|2018-01-05T02:48:30Z|Sunny|+20.4|1099.8|22
Sydney|-33.86,151.2,39|2018-01-06T13:00:51Z|Sunny|+19.1|1076.9|40
Sydney|-33.86,151.2,39|2018-01-07T06:20:35Z|Sunny|+21.8|1092.7|56
Sydney|-33.86,151.2,39|2018-01-08T06:40:24Z|Sunny|+18.7|947.5|9
Sydney|-33.86,151.2,39|2018-01-09T08:54:30Z|Sunny|+19.7|886.7|49
Sydney|-33.86,151.2,39|2018-01-10T08:41:29Z|Rain|+20.7|919.1|64
Sydney|-33.86,151.2,39|2018-01-11T04:25:45Z|Sunny|+23.0|803.6|29
Sydney|-33.86,151.2,39|2018-01-12T02:51:40Z|Sunny|+18.7|859.6|51
Sydney|-33.86,151.2,39|2018-01-13T05:31:49Z|Sunny|+22.9|1066.0|95
Sydney|-33.86,151.2,39|2018-01-14T09:22:36Z|Sunny|+24.4|1014.8|62
Sydney|-33.86,151.2,39|2018-01-15T05:47:24Z|Sunny|+23.1|911.8|75
Sydney|-33.86,151.2,39|2018-01-16T11:44:06Z|Sunny|+22.8|1074.0|40
Sydney|-33.86,151.2,39|2018-01-17T02:54:59Z|Sunny|+21.8|951.5|79
Sydney|-33.86,151.2,39|2018-01-18T02:57:28Z|Sunny|+20.2|1085.9|73
Sydney|-33.86,151.2,39|2018-01-19T10:48:40Z|Sunny|+22.4|850.4|21
Sydney|-33.86,151.2,39|2018-01-20T01:18:26Z|Sunny|+21.7|903.6|63
Sydney|-33.86,151.2,39|2018-01-21T11:09:23Z|Sunny|+21.1|1086.1|49
Sydney|-33.86,151.2,39|2018-01-22T10:56:50Z|Sunny|+21.3|919.6|65
Sydney|-33.86,151.2,39|2018-01-23T02:49:29Z|Rain|+19.3|904.3|36
Sydney|-33.86,151.2,39|2018-01-24T05:11:17Z|Sunny|+22.3|1025.2|57
Sydney|-33.86,151.2,39|2018-01-25T05:57:42Z|Sunny|+23.3|1070.6|5
Sydney|-33.86,151.2,39|2018-01-26T08:41:45Z|Sunny|+24.6|1018.5|24
Sydney|-33.86,151.2,39|2018-01-27T01:55:06Z|Sunny|+25.6|918.3|62
Sydney|-33.86,151.2,39|2018-01-28T06:28:34Z|Sunny|+19.7|876.4|35
Sydney|-33.86,151.2,39|2018-01-29T06:13:50Z|Sunny|+23.2|920.5|18
Sydney|-33.86,151.2,39|2018-01-30T12:35:02Z|Rain|+24.0|850.2|39
Sydney|-33.86,151.2,39|2018-01-31T03:10:55Z|Sunny|+24.2|1064.7|60
Sydney|-33.86,151.2,39|2018-02-01T10:43:34Z|Sunny|+19.0|866.0|53
Sydney|-33.86,151.2,39|2018-02-02T01:28:01Z|Sunny|+23.4|881.3|37
Sydney|-33.86,151.2,39|2018-02-03T05:52:06Z|Sunny|+19.5|831.0|71
Sydney|-33.86,151.2,39|2018-02-04T09:13:59Z|Sunny|+22.1|971.4|44
Sydney|-33.86,151.2,39|2018-02-05T12:04:37Z|Sunny|+21.3|1095.5|88
Sydney|-33.86,151.2,39|2018-02-06T02:17:26Z|Sunny|+21.2|962.1|76
Sydney|-33.86,151.2,39|2018-02-07T02:38:45Z|Rain|+20.5|843.4|83
Sydney|-33.86,151.2,39|2018-02-08T03:25:49Z|Sunny|+20.8|979.6|20
Sydney|-33.86,151.2,39|2018-02-09T10:13:47Z|Rain|+24.5|857.3|58
Sydney|-33.86,151.2,39|2018-02-10T10:44:05Z|Sunny|+23.8|803.0|8
Sydney|-33.86,151.2,39|2018-02-11T11:47:14Z|Sunny|+24.9|880.6|52
Sydney|-33.86,151.2,39|2018-02-12T01:41:32Z|Sunny|+23.8|987.2|41
Sydney|-33.86,151.2,39|2018-02-13T02:08:23Z|Sunny|+19.9|1036.3|89
Sydney|-33.86,151.2,39|2018-02-14T05:41:47Z|Sunny|+22.5|800.2|99
Sydney|-33.86,151.2,39|2018-02-15T02:12:31Z|Sunny|+22.7|894.1|58
Sydney|-33.86,151.2,39|2018-02-16T06:17:47Z|Sunny|+23.1|1012.7|9
Sydney|-33.86,151.2,39|2018-02-17T10:38:03Z|Sunny|+24.4|1077.8|6
Sydney|-33.86,151.2,39|2018-02-18T10:53:18Z|Sunny|+20.6|943.6|57
Sydney|-33.86,151.2,39|2018-02-19T04:24:59Z|Sunny|+25.6|856.9|2
Sydney|-33.86,151.2,39|2018-02-20T03:48:34Z|Sunny|+20.1|971.8|67
Sydney|-33.86,151.2,39|2018-02-21T01:10:42Z|Rain|+21.8|905.9|67
Sydney|-33.86,151.2,39|2018-02-22T09:12:50Z|Sunny|+25.7|1038.9|80
Sydney|-33.86,151.2,39|2018-02-23T07:14:39Z|Sunny|+21.6|1011.7|49
Sydney|-33.86,151.2,39|2018-02-24T04:28:43Z|Sunny|+25.5|909.9|27
Sydney|-33.86,151.2,39|2018-02-25T11:39:34Z|Sunny|+19.8|864.5|95
Sydney|-33.86,151.2,39|2018-02-26T10:11:13Z|Sunny|+21.1|834.6|21
Sydney|-33.86,151.2,39|2018-02-27T02:13:46Z|Sunny|+22.5|894.7|43
Sydney|-33.86,151.2,39|2018-02-28T08:35:29Z|Sunny|+21.7|1006.5|80
Sydney|-33.86,151.2,39|2018-03-01T04:03:19Z|Rain|+22.2|988.5|66
Sydney|-33.86,151.2,39|2018-03-02T09:47:37Z|Sunny|+24.5|847.2|79
Sydney|-33.86,151.2,39|2018-03-03T08:13:40Z|Sunny|+20.6|1066.7|15
Sydney|-33.86,151.2,39|2018-03-04T01:30:39Z|Sunny|+21.5|829.1|93
Sydney|-33.86,151.2,39|2018-03-05T08:04:04Z|Sunny|+25.0|908.6|50
Sydney|-33.86,151.2,39|2018-03-06T09:33:28Z|Rain|+19.3|968.1|23
Sydney|-33.86,151.2,39|2018-03-07T07:38:47Z|Sunny|+20.7|866.5|72
Sydney|-33.86,151.2,39|2018-03-08T07:30:42Z|Sunny|+18.5|885.0|12
Sydney|-33.86,151.2,39|2018-03-09T01:42:56Z|Sunny|+22.6|1093.5|86
Sydney|-33.86,151.2,39|2018-03-10T08:44:50Z|Sunny|+21.6|882.7|75
Sydney|-33.86,151.2,39|2018-03-11T02:53:34Z|Rain|+20.9|1080.0|65
Sydney|-33.86,151.2,39|2018-03-12T03:15:04Z|Sunny|+23.4|840.5|70
Sydney|-33.86,151.2,39|2018-03-13T05:57:42Z|Rain|+24.5|831.9|50
Sydney|-33.86,151.2,39|2018-03-14T09:20:29Z|Sunny|+18.5|857.5|8
Sydney|-33.86,151.2,39|2018-03-15T03:15:39Z|Rain|+19.1|971.6|89
Sydney|-33.86,151.2,39|2018-03-16T02:54:57Z|Sunny|+22.6|832.3|48
Sydney|-33.86,151.2,39|2018-03-17T10:41:09Z|Sunny|+22.7|965.0|91
Sydney|-33.86,151.2,39|2018-03-18T01:26:41Z|Sunny|+19.1|876.0|51
Sydney|-33.86,151.2,39|2018-03-19T06:36:03Z|Sunny|+17.6|840.0|37
Sydney|-33.86,151.2,39|2018-03-20T11:52:53Z|Sunny|+19.3|802.4|57
Sydney|-33.86,151.2,39|2018-03-21T12:17:47Z|Sunny|+23.0|825.4|1
Sydney|-33.86,151.2,39|2018-03-22T07:55:48Z|Sunny|+19.2|924.3|56
Sydney|-33.86,151.2,39|2018-03-23T11:48:32Z|Sunny|+21.2|800.5|21
Sydney|-33.86,151.2,39|2018-03-24T05:51:59Z|Sunny|+18.3|890.8|37
Sydney|-33.86,151.2,39|2018-03-25T10:18:15Z|Sunny|+22.1|886.7|31
Sydney|-33.86,151.2,39|2018-03-26T10:22:55Z|Sunny|+22.5|1069.3|6
Sydney|-33.86,151.2,39|2018-03-27T04:47:14Z|Sunny|+18.8|876.3|14
Sydney|-33.86,151.2,39|2018-03-28T09:10:12Z|Sunny|+21.1|875.5|84
Sydney|-33.86,151.2,39|2018-03-29T01:42:24Z|Sunny|+18.3|808.7|72
Sydney|-33.86,151.2,39|2018-03-30T07:08:39Z|Sunny|+22.5|820.9|48
Sydney|-33.86,151.2,39|2018-03-31T10:29:45Z|Sunny|+22.3|1054.7|20
Sydney|-33.86,151.2,39|2018-04-01T01:19:03Z|Sunny|+21.8|860.2|79
Sydney|-33.86,151.2,39|2018-04-02T09:33:39Z|Sunny|+21.1|862.9|79
Sydney|-33.86,151.2,39|2018-04-03T05:30:09Z|Sunny|+18.1|802.8|45
Sydney|-33.86,151.2,39|2018-04-04T06:18:49Z|Sunny|+22.4|845.8|63
Sydney|-33.86,151.2,39|2018-04-05T01:18:45Z|Sunny|+20.9|831.8|92
Sydney|-33.86,151.2,39|2018-04-06T03:03:20Z|Sunny|+23.3|943.2|89
Sydney|-33.86,151.2,39|2018-04-07T07:04:52Z|Sunny|+16.3|979.9|87
Sydney|-33.86,151.2,39|2018-04-08T05:57:20Z|Sunny|+16.2|850.2|8
Sydney|-33.86,151.2,39|2018-04-09T05:53:18Z|Sunny|+18.9|869.3|87
Sydney|-33.86,151.2,39|2018-04-10T05:27:50Z|Sunny|+17.5|975.6|39
Sydney|-33.86,151.2,39|2018-04-11T08:43:59Z|Sunny|+18.3|841.5|11
Sydney|-33.86,151.2,39|2018-04-12T04:15:48Z|Sunny|+17.6|1006.9|53
Sydney|-33.86,151.2,39|2018-04-13T10:03:57Z|Sunny|+19.1|1073.2|22
Sydney|-33.86,151.2,39|2018-04-14T01:33:39Z|Sunny|+17.0|814.1|14
Sydney|-33.86,151.2,39|2018-04-15T12:55:15Z|Sunny|+18.4|1024.0|49
Sydney|-33.86,151.2,39|2018-04-16T03:58:32Z|Sunny|+17.3|820.1|72
Sydney|-33.86,151.2,39|2018-04-17T02:26:14Z|Sunny|+19.7|818.3|5
Sydney|-33.86,151.2,39|2018-04-18T11:53:40Z|Sunny|+14.9|1036.8|94
Sydney|-33.86,151.2,39|2018-04-19T02:15:14Z|Rain|+20.0|1005.3|87
Sydney|-33.86,151.2,39|2018-04-20T12:37:53Z|Sunny|+15.4|1080.2|13
Sydney|-33.86,151.2,39|2018-04-21T11:57:27Z|Sunny|+15.0|1015.9|97
Sydney|-33.86,151.2,39|2018-04-22T10:40:03Z|Sunny|+16.2|1025.8|52
Sydney|-33.86,151.2,39|2018-04-23T12:41:44Z|Sunny|+17.8|1047.3|73
Sydney|-33.86,151.2,39|2018-04-24T02:11:07Z|Sunny|+19.4|1032.7|34
Sydney|-33.86,151.2,39|2018-04-25T02:54:12Z|Sunny|+16.5|871.8|77
Sydney|-33.86,151.2,39|2018-04-26T03:19:45Z|Sunny|+13.5|1026.8|19
Sydney|-33.86,151.2,39|2018-04-27T10:31:26Z|Sunny|+18.6|1013.0|10
Sydney|-33.86,151.2,39|2018-04-28T05:57:40Z|Sunny|+17.9|919.0|97
Sydney|-33.86,151.2,39|2018-04-29T02:39:53Z|Sunny|+19.6|950.0|62
Sydney|-33.86,151.2,39|2018-04-30T02:15:03Z|Sunny|+17.1|1041.4|40
Sydney|-33.86,151.2,39|2018-05-01T03:04:44Z|Sunny|+14.5|997.0|80
Sydney|-33.86,151.2,39|2018-05-02T02:42:47Z|Rain|+19.7|1026.0|52
Sydney|-33.86,151.2,39|2018-05-03T11:53:21Z|Sunny|+18.5|890.7|79
Sydney|-33.86,151.2,39|2018-05-04T05:55:18Z|Sunny|+18.1|844.6|99
Sydney|-33.86,151.2,39|2018-05-05T08:59:11Z|Sunny|+19.3|873.9|53
Sydney|-33.86,151.2,39|2018-05-06T03:48:46Z|Sunny|+14.9|859.9|71
Sydney|-33.86,151.2,39|2018-05-07T01:06:26Z|Sunny|+13.9|981.3|10
Sydney|-33.86,151.2,39|2018-05-08T01:46:22Z|Sunny|+17.3|1088.9|33
Sydney|-33.86,151.2,39|2018-05-09T04:12:23Z|Sunny|+12.8|896.0|94
Sydney|-33.86,151.2,39|2018-05-10T10:06:36Z|Sunny|+15.9|844.5|52
Sydney|-33.86,151.2,39|2018-05-11T08:04:09Z|Sunny|+14.0|935.2|15
Sydney|-33.86,151.2,39|2018-05-12T10:51:20Z|Sunny|+12.0|806.4|74
Sydney|-33.86,151.2,39|2018-05-13T04:56:02Z|Sunny|+14.5|1021.5|44
Sydney|-33.86,151.2,39|2018-05-14T10:29:56Z|Sunny|+19.1|895.9|44
Sydney|-33.86,151.2,39|2018-05-15T10:03:39Z|Sunny|+11.9|1070.7|99
Sydney|-33.86,151.2,39|2018-05-16T07:21:52Z|Sunny|+13.5|1056.2|69
Sydney|-33.86,151.2,39|2018-05-17T02:15:55Z|Sunny|+18.7|960.5|13
Sydney|-33.86,151.2,39|2018-05-18T12:37:29Z|Sunny|+13.6|966.7|68
Sydney|-33.86,151.2,39|2018-05-19T04:08:17Z|Sunny|+15.5|1015.2|63
Sydney|-33.86,151.2,39|2018-05-20T12:10:19Z|Sunny|+18.3|824.1|15
Sydney|-33.86,151.2,39|2018-05-21T02:49:16Z|Sunny|+15.1|1023.9|44
Sydney|-33.86,151.2,39|2018-05-22T12:23:29Z|Rain|+16.6|925.5|10
Sydney|-33.86,151.2,39|2018-05-23T12:50:04Z|Rain|+15.1|1041.8|18
Sydney|-33.86,151.2,39|2018-05-24T02:44:20Z|Sunny|+14.1|851.5|64
Sydney|-33.86,151.2,39|2018-05-25T02:57:13Z|Sunny|+12.0|1036.1|80
Sydney|-33.86,151.2,39|2018-05-26T06:17:20Z|Sunny|+10.8|961.9|39
Sydney|-33.86,151.2,39|2018-05-27T06:57:22Z|Rain|+14.4|955.5|14
Sydney|-33.86,151.2,39|2018-05-28T12:04:07Z|Sunny|+10.7|1029.0|73
Sydney|-33.86,151.2,39|2018-05-29T01:51:45Z|Sunny|+15.5|984.5|23
Sydney|-33.86,151.2,39|2018-05-30T02:12:52Z|Sunny|+17.7|858.3|25
Sydney|-33.86,151.2,39|2018-05-31T10:19:53Z|Sunny|+15.0|907.1|33
Sydney|-33.86,151.2,39|2018-06-01T01:58:06Z|Sunny|+10.8|960.8|80
Sydney|-33.86,151.2,39|2018-06-02T02:49:56Z|Sunny|+17.5|936.9|45
Sydney|-33.86,151.2,39|2018-06-03T02:19:26Z|Sunny|+17.3|1003.9|38
Sydney|-33.86,151.2,39|2018-06-04T10:23:00Z|Sunny|+11.0|1095.8|96
Sydney|-33.86,151.2,39|2018-06-05T03:47:20Z|Sunny|+16.5|1015.6|81
Sydney|-33.86,151.2,39|2018-06-06T06:04:51Z|Sunny|+16.3|1079.0|23
Sydney|-33.86,151.2,39|2018-06-07T10:14:59Z|Sunny|+10.4|953.5|97
Sydney|-33.86,151.2,39|2018-06-08T11:25:37Z|Sunny|+16.5|942.7|30
Sydney|-33.86,151.2,39|2018-06-09T01:46:55Z|Sunny|+15.2|1032.4|41
Sydney|-33.86,151.2,39|2018-06-10T12:36:42Z|Sunny|+15.5|971.2|52
Sydney|-33.86,151.2,39|2018-06-11T10:22:14Z|Rain|+10.2|876.1|42
Sydney|-33.86,151.2,39|2018-06-12T12:27:33Z|Sunny|+15.8|1095.1|80
Sydney|-33.86,151.2,39|2018-06-13T11:35:16Z|Sunny|+9.5|986.6|33
Sydney|-33.86,151.2,39|2018-06-14T05:29:17Z|Sunny|+10.2|1039.1|48
Sydney|-33.86,151.2,39|2018-06-15T06:46:34Z|Rain|+11.8|1013.1|16
Sydney|-33.86,151.2,39|2018-06-16T07:27:29Z|Sunny|+12.7|969.1|73
Sydney|-33.86,151.2,39|2018-06-17T10:32:39Z|Sunny|+15.1|967.0|58
Sydney|-33.86,151.2,39|2018-06-18T02:58:01Z|Sunny|+12.1|864.1|12
Sydney|-33.86,151.2,39|2018-06-19T06:28:49Z|Rain|+13.1|1091.7|58
Sydney|-33.86,151.2,39|2018-06-20T03:09:35Z|Sunny|+10.5|987.3|25
Sydney|-33.86,151.2,39|2018-06-21T02:19:25Z|Sunny|+9.1|1031.6|61
Sydney|-33.86,151.2,39|2018-06-22T01:15:09Z|Sunny|+10.6|1027.3|10
Sydney|-33.86,151.2,39|2018-06-23T01:52:02Z|Rain|+13.1|1096.3|29
Sydney|-33.86,151.2,39|2018-06-24T11:44:14Z|Sunny|+13.7|858.1|10
Sydney|-33.86,151.2,39|2018-06-25T12:31:43Z|Sunny|+11.6|846.3|12
Sydney|-33.86,151.2,39|2018-06-26T01:48:40Z|Sunny|+12.1|1063.9|43
Sydney|-33.86,151.2,39|2018-06-27T02:12:43Z|Sunny|+11.2|950.3|35
Sydney|-33.86,151.2,39|2018-06-28T11:51:33Z|Sunny|+12.4|814.3|38
Sydney|-33.86,151.2,39|2018-06-29T08:25:37Z|Sunny|+11.7|1080.2|1
Sydney|-33.86,151.2,39|2018-06-30T10:16:18Z|Sunny|+13.0|912.8|17
Sydney|-33.86,151.2,39|2018-07-01T12:30:28Z|Rain|+11.6|871.8|15
Sydney|-33.86,151.2,39|2018-07-02T08:46:57Z|Sunny|+14.3|1072.4|45
Sydney|-33.86,151.2,39|2018-07-03T10:51:56Z|Rain|+14.3|1022.8|7
Sydney|-33.86,151.2,39|2018-07-04T11:45:40Z|Sunny|+15.0|1071.1|24
Sydney|-33.86,151.2,39|2018-07-05T03:24:45Z|Sunny|+10.1|936.8|70
Sydney|-33.86,151.2,39|2018-07-06T08:26:52Z|Sunny|+9.0|922.4|4
Sydney|-33.86,151.2,39|2018-07-07T04:27:59Z|Sunny|+9.3|933.9|80
Sydney|-33.86,151.2,39|2018-07-08T11:54:23Z|Sunny|+9.7|870.4|49
Sydney|-33.86,151.2,39|2018-07-09T03:39:19Z|Sunny|+15.7|945.2|52
Sydney|-33.86,151.2,39|2018-07-10T01:53:14Z|Sunny|+11.0|1070.7|28
Sydney|-33.86,151.2,39|2018-07-11T08:58:15Z|Sunny|+13.4|821.4|17
Sydney|-33.86,151.2,39|2018-07-12T01:49:07Z|Sunny|+9.1|815.7|26
Sydney|-33.86,151.2,39|2018-07-13T07:34:39Z|Sunny|+8.2|805.3|27
Sydney|-33.86,151.2,39|2018-07-14T02:30:28Z|Sunny|+11.7|1067.6|87
Sydney|-33.86,151.2,39|2018-07-15T11:29:08Z|Sunny|+9.6|840.1|48
Sydney|-33.86,151.2,39|2018-07-16T05:17:14Z|Sunny|+13.3|887.7|72
Sydney|-33.86,151.2,39|2018-07-17T07:48:17Z|Sunny|+9.9|885.7|79
Sydney|-33.86,151.2,39|2018-07-18T03:17:06Z|Sunny|+12.4|977.0|56
Sydney|-33.86,151.2,39|2018-07-19T02:26:15Z|Sunny|+10.7|1018.5|87
Sydney|-33.86,151.2,39|2018-07-20T10:36:35Z|Sunny|+14.1|866.7|71
Sydney|-33.86,151.2,39|2018-07-21T09:05:09Z|Sunny|+9.9|873.6|38
Sydney|-33.86,151.2,39|2018-07-22T01:38:47Z|Sunny|+12.1|896.1|52
Sydney|-33.86,151.2,39|2018-07-23T06:18:24Z|Sunny|+13.0|818.8|4
Sydney|-33.86,151.2,39|2018-07-24T04:04:37Z|Sunny|+14.7|1082.5|29
Sydney|-33.86,151.2,39|2018-07-25T04:23:05Z|Sunny|+8.3|811.1|99
Sydney|-33.86,151.2,39|2018-07-26T11:21:40Z|Rain|+10.0|1070.1|97
Sydney|-33.86,151.2,39|2018-07-27T04:18:49Z|Sunny|+11.6|997.7|45
Sydney|-33.86,151.2,39|2018-07-28T05:08:57Z|Sunny|+16.4|1020.1|28
Sydney|-33.86,151.2,39|2018-07-29T08:50:04Z|Sunny|+9.3|1059.0|46
Sydney|-33.86,151.2,39|2018-07-30T02:53:31Z|Rain|+8.6|800.6|7
Sydney|-33.86,151.2,39|2018-07-31T02:21:51Z|Sunny|+13.4|1033.4|16
Sydney|-33.86,151.2,39|2018-08-01T09:30:45Z|Sunny|+16.1|981.9|12
Sydney|-33.86,151.2,39|2018-08-02T02:22:31Z|Sunny|+13.8|906.7|92
Sydney|-33.86,151.2,39|2018-08-03T04:00:07Z|Sunny|+8.5|853.8|18
Sydney|-33.86,151.2,39|2018-08-04T06:13:12Z|Sunny|+14.9|850.3|1
Sydney|-33.86,151.2,39|2018-08-05T06:10:32Z|Sunny|+11.9|1071.2|9
Sydney|-33.86,151.2,39|2018-08-06T08:34:01Z|Sunny|+13.8|813.9|12
Sydney|-33.86,151.2,39|2018-08-07T07:03:45Z|Rain|+8.8|904.2|67
Sydney|-33.86,151.2,39|2018-08-08T09:14:34Z|Rain|+12.4|1075.8|20
Sydney|-33.86,151.2,39|2018-08-09T08:00:40Z|Sunny|+13.9|880.3|22
Sydney|-33.86,151.2,39|2018-08-10T05:44:03Z|Sunny|+14.7|1077.1|5
Sydney|-33.86,151.2,39|2018-08-11T05:36:45Z|Sunny|+13.8|1061.5|68
Sydney|-33.86,151.2,39|2018-08-12T10:03:43Z|Sunny|+15.2|894.1|20
Sydney|-33.86,151.2,39|2018-08-13T05:43:38Z|Sunny|+10.9|931.3|7
Sydney|-33.86,151.2,39|2018-08-14T04:01:41Z|Sunny|+13.0|834.2|6
Sydney|-33.86,151.2,39|2018-08-15T12:57:32Z|Sunny|+9.3|957.4|67
Sydney|-33.86,151.2,39|2018-08-16T10:13:48Z|Sunny|+16.7|871.4|62
Sydney|-33.86,151.2,39|2018-08-17T06:34:11Z|Sunny|+16.3|898.8|21
Sydney|-33.86,151.2,39|2018-08-18T03:08:39Z|Sunny|+17.9|1007.6|89
Sydney|-33.86,151.2,39|2018-08-19T12:40:40Z|Sunny|+13.6|894.7|96
Sydney|-33.86,151.2,39|2018-08-20T06:56:50Z|Sunny|+17.4|1059.9|61
Sydney|-33.86,151.2,39|2018-08-21T02:39:02Z|Sunny|+10.7|1027.7|57
Sydney|-33.86,151.2,39|2018-08-22T09:26:41Z|Sunny|+12.5|966.0|53
Sydney|-33.86,151.2,39|2018-08-23T10:41:35Z|Sunny|+12.8|899.8|63
Sydney|-33.86,151.2,39|2018-08-24T12:57:24Z|Rain|+16.8|1024.6|46
Sydney|-33.86,151.2,39|2018-08-25T11:39:03Z|Sunny|+15.8|828.7|18
Sydney|-33.86,151.2,39|2018-08-26T10:36:50Z|Sunny|+10.6|920.7|51
Sydney|-33.86,151.2,39|2018-08-27T09:59:20Z|Sunny|+10.2|1030.3|73
Sydney|-33.86,151.2,39|2018-08-28T06:54:20Z|Sunny|+16.7|1052.3|69
Sydney|-33.86,151.2,39|2018-08-29T03:34:03Z|Sunny|+14.9|1048.2|53
Sydney|-33.86,151.2,39|2018-08-30T12:14:57Z|Rain|+10.4|1072.2|43
Sydney|-33.86,151.2,39|2018-08-31T05:25:20Z|Sunny|+17.7|938.9|73
Sydney|-33.86,151.2,39|2018-09-01T12:09:40Z|Rain|+12.0|1074.4|32
Sydney|-33.86,151.2,39|2018-09-02T04:55:08Z|Sunny|+15.9|850.3|66
Sydney|-33.86,151.2,39|2018-09-03T11:53:38Z|Rain|+13.5|1069.1|73
Sydney|-33.86,151.2,39|2018-09-04T05:10:48Z|Sunny|+14.3|1086.0|63
Sydney|-33.86,151.2,39|2018-09-05T11:05:47Z|Sunny|+15.5|962.3|73
Sydney|-33.86,151.2,39|2018-09-06T04:29:40Z|Sunny|+15.4|1025.2|42
Sydney|-33.86,151.2,39|2018-09-07T08:08:22Z|Sunny|+11.7|978.8|20
Sydney|-33.86,151.2,39|2018-09-08T04:40:21Z|Sunny|+15.3|1027.4|90
Sydney|-33.86,151.2,39|2018-09-09T10:03:18Z|Sunny|+11.4|871.8|80
Sydney|-33.86,151.2,39|2018-09-10T02:24:10Z|Sunny|+17.9|935.4|23
Sydney|-33.86,151.2,39|2018-09-11T05:24:53Z|Sunny|+13.5|1007.6|68
Sydney|-33.86,151.2,39|2018-09-12T04:15:26Z|Sunny|+14.2|1084.6|12
Sydney|-33.86,151.2,39|2018-09-13T04:35:38Z|Sunny|+19.7|899.8|31
Sydney|-33.86,151.2,39|2018-09-14T08:07:59Z|Sunny|+19.1|825.4|13
Sydney|-33.86,151.2,39|2018-09-15T04:37:56Z|Sunny|+18.8|1043.8|24
Sydney|-33.86,151.2,39|2018-09-16T07:04:45Z|Sunny|+16.1|932.0|23
Sydney|-33.86,151.2,39|2018-09-17T05:28:42Z|Sunny|+14.1|1014.9|64
Sydney|-33.86,151.2,39|2018-09-18T06:59:23Z|Sunny|+19.2|939.8|8
Sydney|-33.86,151.2,39|2018-09-19T11:28:45Z|Rain|+16.6|1065.8|36
Sydney|-33.86,151.2,39|2018-09-20T09:42:35Z|Sunny|+15.6|920.6|78
Sydney|-33.86,151.2,39|2018-09-21T06:06:20Z|Sunny|+17.4|1020.5|88
Sydney|-33.86,151.2,39|2018-09-22T03:42:54Z|Sunny|+18.1|1006.9|74
Sydney|-33.86,151.2,39|2018-09-23T09:55:03Z|Sunny|+15.4|870.8|84
Sydney|-33.86,151.2,39|2018-09-24T09:29:51Z|Sunny|+13.9|909.2|48
Sydney|-33.86,151.2,39|2018-09-25T12:18:30Z|Sunny|+15.4|990.5|87
Sydney|-33.86,151.2,39|2018-09-26T09:33:11Z|Sunny|+18.5|876.0|30
Sydney|-33.86,151.2,39|2018-09-27T10:58:10Z|Sunny|+12.7|1079.7|23
Sydney|-33.86,151.2,39|2018-09-28T04:51:49Z|Sunny|+19.6|894.3|9
Sydney|-33.86,151.2,39|2018-09-29T05:27:38Z|Sunny|+16.8|973.0|100
Sydney|-33.86,151.2,39|2018-09-30T11:34:04Z|Sunny|+13.0|884.0|68
Sydney|-33.86,151.2,39|2018-10-01T04:37:09Z|Sunny|+14.8|1016.2|2
Sydney|-33.86,151.2,39|2018-10-02T07:26:26Z|Rain|+18.3|1070.1|56
Sydney|-33.86,151.2,39|2018-10-03T07:19:52Z|Sunny|+13.1|822.6|13
Sydney|-33.86,151.2,39|2018-10-04T09:26:41Z|Rain|+14.4|882.9|90
Sydney|-33.86,151.2,39|2018-10-05T11:45:23Z|Sunny|+12.9|1008.9|53
Sydney|-33.86,151.2,39|2018-10-06T07:58:05Z|Sunny|+16.4|965.6|33
Sydney|-33.86,151.2,39|2018-10-07T03:00:30Z|Sunny|+17.1|961.3|45
Sydney|-33.86,151.2,39|2018-10-08T02:59:41Z|Sunny|+19.5|870.8|47
Sydney|-33.86,151.2,39|2018-10-09T08:00:06Z|Rain|+17.5|880.0|6
Sydney|-33.86,151.2,39|2018-10-10T07:11:57Z|Sunny|+17.0|1008.5|13
Sydney|-33.86,151.2,39|2018-10-11T08:07:18Z|Sunny|+14.2|921.4|46
Sydney|-33.86,151.2,39|2018-10-12T03:44:27Z|Sunny|+17.7|993.9|41
Sydney|-33.86,151.2,39|2018-10-13T04:24:36Z|Sunny|+18.0|911.6|56
Sydney|-33.86,151.2,39|2018-10-14T03:33:16Z|Sunny|+20.9|855.1|100
Sydney|-33.86,151.2,39|2018-10-15T01:09:55Z|Sunny|+13.7|914.6|56
Sydney|-33.86,151.2,39|2018-10-16T07:03:40Z|Sunny|+20.2|870.1|93
Sydney|-33.86,151.2,39|2018-10-17T05:33:33Z|Sunny|+21.5|956.7|85
Sydney|-33.86,151.2,39|2018-10-18T02:43:55Z|Sunny|+19.8|1014.0|39
Sydney|-33.86,151.2,39|2018-10-19T12:51:43Z|Sunny|+18.1|842.7|67
Sydney|-33.86,151.2,39|2018-10-20T02:09:27Z|Sunny|+20.8|1007.7|84
Sydney|-33.86,151.2,39|2018-10-21T08:40:33Z|Sunny|+18.0|863.4|79
Sydney|-33.86,151.2,39|2018-10-22T04:20:45Z|Sunny|+21.8|806.5|71
Sydney|-33.86,151.2,39|2018-10-23T08:49:49Z|Sunny|+21.4|941.7|63
Sydney|-33.86,151.2,39|2018-10-24T04:41:52Z|Rain|+20.8|925.7|24
Sydney|-33.86,151.2,39|2018-10-25T04:35:09Z|Rain|+16.0|843.4|88
Sydney|-33.86,151.2,39|2018-10-26T04:43:23Z|Sunny|+18.5|1072.9|87
Sydney|-33.86,151.2,39|2018-10-27T06:49:03Z|Sunny|+16.2|894.6|59
Sydney|-33.86,151.2,39|2018-10-28T06:27:41Z|Sunny|+21.2|884.4|96
Sydney|-33.86,151.2,39|2018-10-29T09:51:22Z|Sunny|+15.2|877.2|54
Sydney|-33.86,151.2,39|2018-10-30T07:15:50Z|Rain|+23.0|955.7|4
Sydney|-33.86,151.2,39|2018-10-31T12:21:32Z|Sunny|+22.7|971.5|32
Sydney|-33.86,151.2,39|2018-11-01T03:45:48Z|Sunny|+19.2|822.9|96
Sydney|-33.86,151.2,39|2018-11-02T08:11:02Z|Rain|+15.2|992.2|27
Sydney|-33.86,151.2,39|2018-11-03T11:52:42Z|Rain|+15.4|910.7|18
Sydney|-33.86,151.2,39|2018-11-04T06:24:09Z|Sunny|+17.5|1037.4|76
Sydney|-33.86,151.2,39|2018-11-05T04:21:41Z|Rain|+22.8|1032.8|35
Sydney|-33.86,151.2,39|2018-11-06T05:30:06Z|Rain|+17.4|950.7|18
Sydney|-33.86,151.2,39|2018-11-07T11:11:35Z|Sunny|+18.8|942.7|2
Sydney|-33.86,151.2,39|2018-11-08T04:50:51Z|Sunny|+21.3|988.8|57
Sydney|-33.86,151.2,39|2018-11-09T07:41:53Z|Sunny|+20.2|935.3|29
Sydney|-33.86,151.2,39|2018-11-10T05:57:52Z|Sunny|+16.0|852.6|100
Sydney|-33.86,151.2,39|2018-11-11T11:21:08Z|Rain|+17.5|1045.7|10
Sydney|-33.86,151.2,39|2018-11-12T11:55:06Z|Rain|+22.8|920.4|40
Sydney|-33.86,151.2,39|2018-11-13T10:57:19Z|Sunny|+21.1|1068.8|22
Sydney|-33.86,151.2,39|2018-11-14T03:30:00Z|Sunny|+21.1|993.9|64
Sydney|-33.86,151.2,39|2018-11-15T12:35:59Z|Sunny|+18.1|845.6|96
Sydney|-33.86,151.2,39|2018-11-16T11:04:02Z|Sunny|+23.4|868.7|80
Sydney|-33.86,151.2,39|2018-11-17T06:42:09Z|Sunny|+16.7|964.5|28
Sydney|-33.86,151.2,39|2018-11-18T11:31:24Z|Sunny|+22.4|830.3|41
Sydney|-33.86,151.2,39|2018-11-19T06:03:29Z|Sunny|+23.3|997.7|56
Sydney|-33.86,151.2,39|2018-11-20T02:45:28Z|Sunny|+21.3|898.0|72
Sydney|-33.86,151.2,39|2018-11-21T09:24:50Z|Sunny|+18.8|940.9|26
Sydney|-33.86,151.2,39|2018-11-22T04:21:45Z|Rain|+21.1|1022.2|26
Sydney|-33.86,151.2,39|2018-11-23T10:02:50Z|Rain|+17.6|1002.3|17
Sydney|-33.86,151.2,39|2018-11-24T03:03:05Z|Sunny|+23.0|1006.6|48
Sydney|-33.86,151.2,39|2018-11-25T03:58:11Z|Sunny|+20.9|1023.3|66
Sydney|-33.86,151.2,39|2018-11-26T09:30:28Z|Sunny|+21.9|856.2|49
Sydney|-33.86,151.2,39|2018-11-27T01:38:54Z|Sunny|+18.0|801.2|65
Sydney|-33.86,151.2,39|2018-11-28T12:26:14Z|Sunny|+17.5|1009.8|78
Sydney|-33.86,151.2,39|2018-11-29T03:35:22Z|Sunny|+22.2|818.2|11
Sydney|-33.86,151.2,39|2018-11-30T09:47:39Z|Rain|+20.9|1011.7|8
Sydney|-33.86,151.2,39|2018-12-01T06:11:45Z|Sunny|+22.1|819.0|84
Sydney|-33.86,151.2,39|2018-12-02T03:05:40Z|Sunny|+22.8|891.9|74
Sydney|-33.86,151.2,39|2018-12-03T10:13:52Z|Rain|+19.1|1046.5|17
Sydney|-33.86,151.2,39|2018-12-04T07:03:02Z|Rain|+24.6|887.2|64
Sydney|-33.86,151.2,39|2018-12-05T08:50:49Z|Sunny|+22.9|805.6|76
Sydney|-33.86,151.2,39|2018-12-06T06:25:12Z|Sunny|+18.6|1078.2|28
Sydney|-33.86,151.2,39|2018-12-07T12:52:06Z|Sunny|+23.1|1011.0|1
Sydney|-33.86,151.2,39|2018-12-08T03:37:08Z|Rain|+21.8|1031.6|87
Sydney|-33.86,151.2,39|2018-12-09T07:46:41Z|Sunny|+19.5|1017.4|94
Sydney|-33.86,151.2,39|2018-12-10T01:49:13Z|Sunny|+17.4|1083.3|8
Sydney|-33.86,151.2,39|2018-12-11T04:27:05Z|Sunny|+18.1|1076.7|77
Sydney|-33.86,151.2,39|2018-12-12T09:06:10Z|Sunny|+18.1|1053.2|4
Sydney|-33.86,151.2,39|2018-12-13T05:39:13Z|Sunny|+21.0|864.8|33
Sydney|-33.86,151.2,39|2018-12-14T09:33:47Z|Sunny|+22.0|838.1|90
Sydney|-33.86,151.2,39|2018-12-15T06:41:58Z|Sunny|+22.9|994.6|34
Sydney|-33.86,151.2,39|2018-12-16T09:59:26Z|Rain|+19.2|819.9|31
Sydney|-33.86,151.2,39|2018-12-17T09:12:21Z|Sunny|+24.6|846.8|41
Sydney|-33.86,151.2,39|2018-12-18T02:36:50Z|Sunny|+19.5|956.0|64
Sydney|-33.86,151.2,39|2018-12-19T06:34:00Z|Rain|+20.9|1006.1|76
Sydney|-33.86,151.2,39|2018-12-20T05:05:12Z|Sunny|+22.5|892.9|88
Sydney|-33.86,151.2,39|2018-12-21T04:14:06Z|Rain|+20.0|1087.9|33
Sydney|-33.86,151.2,39|2018-12-22T11:16:51Z|Sunny|+20.5|989.4|52
Sydney|-33.86,151.2,39|2018-12-23T01:15:56Z|Sunny|+23.4|871.5|32
Sydney|-33.86,151.2,39|2018-12-24T12:09:13Z|Sunny|+18.4|854.5|97
Sydney|-33.86,151.2,39|2018-12-25T03:19:26Z|Sunny|+21.5|1038.6|89
Sydney|-33.86,151.2,39|2018-12-26T08:40:08Z|Sunny|+21.4|826.1|19
Sydney|-33.86,151.2,39|2018-12-27T05:10:18Z|Rain|+21.3|966.2|74
Sydney|-33.86,151.2,39|2018-12-28T10:48:52Z|Sunny|+19.5|937.9|57
Sydney|-33.86,151.2,39|2018-12-29T12:27:11Z|Sunny|+23.1|839.4|91
Sydney|-33.86,151.2,39|2018-12-30T05:39:54Z|Sunny|+20.8|1071.9|58
Sydney|-33.86,151.2,39|2018-12-31T06:05:43Z|Sunny|+19.8|980.2|77
