Melbourne|-37.73,144.91,78|2018-01-01T08:36:43Z|Sunny|+13.2|1051.2|60
Melbourne|-37.73,144.91,78|2018-01-02T03:54:25Z|Rain|+14.8|1053.1|27
Melbourne|-37.73,144.91,78|2018-01-03T12:49:07Z|Sunny|+19.6|881.6|50
Melbourne|-37.73,144.91,78|2018-01-04T05:40:10Z|Sunny|+22.9|946.5|84
Melbourne|-37.73,144.91,78|2018-01-05T04:16:22Z|Sunny|+24.6|876.8|38
Melbourne|-37.73,144.91,78|2018-01-06T04:49:31Z|Sunny|+22.7|955.5|33
Melbourne|-37.73,144.91,78|2018-01-07T04:44:23Z|Sunny|+21.8|972.3|28
Melbourne|-37.73,144.91,78|2018-01-08T01:07:44Z|Sunny|+23.2|821.1|99
Melbourne|-37.73,144.91,78|2018-01-09T07:58:59Z|Sunny|+25.7|992.4|91
Melbourne|-37.73,144.91,78|2018-01-10T09:25:49Z|Sunny|+18.6|889.9|92
Melbourne|-37.73,144.91,78|2018-01-11T11:54:11Z|Sunny|+23.7|958.9|39
Melbourne|-37.73,144.91,78|2018-01-12T04:33:55Z|Sunny|+20.7|1057.5|1
Melbourne|-37.73,144.91,78|2018-01-13T07:29:32Z|Sunny|+26.4|1057.0|33
Melbourne|-37.73,144.91,78|2018-01-14T10:59:47Z|Sunny|+15.2|1003.1|14
Melbourne|-37.73,144.91,78|2018-01-15T11:35:20Z|Sunny|+24.4|1050.7|22
Melbourne|-37.73,144.91,78|2018-01-16T09:02:25Z|Sunny|+14.9|1000.2|25
Melbourne|-37.73,144.91,78|2018-01-17T02:56:18Z|Sunny|+21.3|964.6|93
Melbourne|-37.73,144.91,78|2018-01-18T07:00:21Z|Sunny|+22.6|917.9|47
Melbourne|-37.73,144.91,78|2018-01-19T06:10:59Z|Sunny|+25.8|1015.5|77
Melbourne|-37.73,144.91,78|2018-01-20T06:31:35Z|Sunny|+24.6|892.9|55
Melbourne|-37.73,144.91,78|2018-01-21T07:19:26Z|Sunny|+23.9|978.5|90
Melbourne|-37.73,144.91,78|2018-01-22T09:34:46Z|Sunny|+17.1|859.8|74
Melbourne|-37.73,144.91,78|2018-01-23T01:09:10Z|Sunny|+17.0|904.1|21
Melbourne|-37.73,144.91,78|2018-01-24T12:55:31Z|Sunny|+15.3|1028.7|97
Melbourne|-37.73,144.91,78|2018-01-25T06:18:21Z|Sunny|+22.0|986.1|27
Melbourne|-37.73,144.91,78|2018-01-26T08:12:23Z|Sunny|+24.5|1058.2|40
Melbourne|-37.73,144.91,78|2018-01-27T04:23:36Z|Sunny|+15.9|899.6|22
Melbourne|-37.73,144.91,78|2018-01-28T10:56:05Z|Sunny|+23.0|889.9|36
Melbourne|-37.73,144.91,78|2018-01-29T04:58:10Z|Sunny|+21.0|862.1|80
Melbourne|-37.73,144.91,78|2018-01-30T01:08:54Z|Rain|+23.5|945.9|1
Melbourne|-37.73,144.91,78|2018-01-31T02:41:13Z|Sunny|+23.2|1093.5|9
Melbourne|-37.73,144.91,78|2018-02-01T02:05:23Z|Sunny|+18.1|906.6|22
Melbourne|-37.73,144.91,78|2018-02-02T08:38:21Z|Sunny|+16.6|804.1|91
Melbourne|-37.73,144.91,78|2018-02-03T02:10:09Z|Sunny|+16.5|865.1|28
Melbourne|-37.73,144.91,78|2018-02-04T11:32:20Z|Sunny|+22.5|808.4|60
Melbourne|-37.73,144.91,78|2018-02-05T05:35:18Z|Sunny|+14.5|893.8|90
Melbourne|-37.73,144.91,78|2018-02-06T03:16:09Z|Sunny|+18.9|1039.0|17
Melbourne|-37.73,144.91,78|2018-02-07T09:16:01Z|Sunny|+26.2|882.7|60
Melbourne|-37.73,144.91,78|2018-02-08T06:00:48Z|Sunny|+20.9|1053.8|41
Melbourne|-37.73,144.91,78|2018-02-09T09:02:20Z|Sunny|+22.7|942.4|65
Melbourne|-37.73,144.91,78|2018-02-10T04:10:30Z|Sunny|+21.9|933.6|37
Melbourne|-37.73,144.91,78|2018-02-11T06:03:02Z|Rain|+19.1|930.7|34
Melbourne|-37.73,144.91,78|2018-02-12T06:44:58Z|Sunny|+22.7|990.6|44
Melbourne|-37.73,144.91,78|2018-02-13T03:42:22Z|Sunny|+20.5|1011.1|78
Melbourne|-37.73,144.91,78|2018-02-14T11:51:14Z|Sunny|+24.0|862.0|77
Melbourne|-37.73,144.91,78|2018-02-15T02:45:44Z|Sunny|+21.1|841.2|43
Melbourne|-37.73,144.91,78|2018-02-16T11:33:55Z|Sunny|+22.3|839.8|21
Melbourne|-37.73,144.91,78|2018-02-17T06:34:20Z|Sunny|+20.6|1031.2|73
Melbourne|-37.73,144.91,78|2018-02-18T09:26:36Z|Sunny|+23.1|991.2|38
Melbourne|-37.73,144.91,78|2018-02-19T07:27:05Z|Rain|+19.3|950.8|82
Melbourne|-37.73,144.91,78|2018-02-20T03:29:22Z|Rain|+14.3|945.7|5
Melbourne|-37.73,144.91,78|2018-02-21T08:23:29Z|Sunny|+14.4|843.6|15
Melbourne|-37.73,144.91,78|2018-02-22T04:14:17Z|Sunny|+23.9|918.3|65
Melbourne|-37.73,144.91,78|2018-02-23T11:29:18Z|Rain|+19.5|1027.8|70
Melbourne|-37.73,144.91,78|2018-02-24T06:29:12Z|Sunny|+16.8|834.2|52
Melbourne|-37.73,144.91,78|2018-02-25T02:14:36Z|Sunny|+21.6|809.0|44
Melbourne|-37.73,144.91,78|2018-02-26T06:48:16Z|Sunny|+16.6|989.9|33
Melbourne|-37.73,144.91,78|2018-02-27T11:37:49Z|Sunny|+13.8|917.1|12
Melbourne|-37.73,144.91,78|2018-02-28T05:28:46Z|Rain|+22.8|1069.7|18
Melbourne|-37.73,144.91,78|2018-03-01T09:04:46Z|Sunny|+14.1|1026.8|46
Melbourne|-37.73,144.91,78|2018-03-02T07:28:05Z|Sunny|+14.3|810.0|20
Melbourne|-37.73,144.91,78|2018-03-03T05:21:00Z|Rain|+17.1|810.5|55
Melbourne|-37.73,144.91,78|2018-03-04T04:39:21Z|Sunny|+25.0|1045.7|68
Melbourne|-37.73,144.91,78|2018-03-05T06:28:15Z|Sunny|+16.9|901.4|89
Melbourne|-37.73,144.91,78|2018-03-06T01:44:43Z|Sunny|+17.3|851.6|75
Melbourne|-37.73,144.91,78|2018-03-07T06:08:44Z|Sunny|+20.7|841.0|27
Melbourne|-37.73,144.91,78|2018-03-08T02:39:10Z|Sunny|+20.4|994.9|37
Melbourne|-37.73,144.91,78|2018-03-09T06:08:21Z|Sunny|+13.3|801.8|32
Melbourne|-37.73,144.91,78|2018-03-10T09:58:11Z|Sunny|+17.4|822.5|93
Melbourne|-37.73,144.91,78|2018-03-11T03:43:29Z|Sunny|+17.7|1079.3|38
Melbourne|-37.73,144.91,78|2018-03-12T07:03:05Z|Sunny|+24.1|929.8|96
Melbourne|-37.73,144.91,78|2018-03-13T09:15:45Z|Rain|+24.2|997.8|22
Melbourne|-37.73,144.91,78|2018-03-14T01:42:05Z|Sunny|+16.7|856.2|92
Melbourne|-37.73,144.91,78|2018-03-15T04:07:44Z|Rain|+17.0|908.0|64
Melbourne|-37.73,144.91,78|2018-03-16T07:30:55Z|Sunny|+14.2|1096.5|61
Melbourne|-37.73,144.91,78|2018-03-17T08:54:41Z|Sunny|+19.6|879.8|81
Melbourne|-37.73,144.91,78|2018-03-18T08:49:20Z|Sunny|+16.8|972.4|59
Melbourne|-37.73,144.91,78|2018-03-19T11:43:53Z|Sunny|+23.6|904.9|65
Melbourne|-37.73,144.91,78|2018-03-20T09:07:20Z|Rain|+22.5|1030.4|76
Melbourne|-37.73,144.91,78|2018-03-21T02:07:56Z|Sunny|+19.2|857.2|26
Melbourne|-37.73,144.91,78|2018-03-22T08:10:47Z|Rain|+22.7|1079.8|99
Melbourne|-37.73,144.91,78|2018-03-23T06:05:26Z|Sunny|+21.1|818.0|78
Melbourne|-37.73,144.91,78|2018-03-24T05:53:34Z|Sunny|+18.6|933.4|92
Melbourne|-37.73,144.91,78|2018-03-25T11:58:24Z|Sunny|+15.6|1062.2|73
Melbourne|-37.73,144.91,78|2018-03-26T11:42:26Z|Sunny|+14.4|896.8|19
Melbourne|-37.73,144.91,78|2018-03-27T09:09:00Z|Sunny|+18.5|1024.4|3
Melbourne|-37.73,144.91,78|2018-03-28T07:03:21Z|Sunny|+21.5|880.2|25
Melbourne|-37.73,144.91,78|2018-03-29T02:53:47Z|Sunny|+12.4|971.4|34
Melbourne|-37.73,144.91,78|2018-03-30T06:12:36Z|Sunny|+12.8|843.6|68
Melbourne|-37.73,144.91,78|2018-03-31T10:19:26Z|Sunny|+13.5|1054.6|48
Melbourne|-37.73,144.91,78|2018-04-01T01:11:40Z|Sunny|+16.3|1072.6|10
Melbourne|-37.73,144.91,78|2018-04-02T05:22:55Z|Sunny|+20.4|980.9|85
Melbourne|-37.73,144.91,78|2018-04-03T07:50:17Z|Rain|+10.7|1042.5|9
Melbourne|-37.73,144.91,78|2018-04-04T05:10:52Z|Sunny|+20.7|870.2|4
Melbourne|-37.73,144.91,78|2018-04-05T10:34:04Z|Rain|+20.8|805.6|28
Melbourne|-37.73,144.91,78|2018-04-06T01:30:23Z|Rain|+13.2|1099.3|81
Melbourne|-37.73,144.91,78|2018-04-07T09:55:05Z|Sunny|+13.5|978.1|9
Melbourne|-37.73,144.91,78|2018-04-08T09:21:05Z|Sunny|+13.8|829.5|45
Melbourne|-37.73,144.91,78|2018-04-09T11:45:04Z|Sunny|+17.1|863.2|44
Melbourne|-37.73,144.91,78|2018-04-10T09:50:24Z|Sunny|+18.5|945.1|59
Melbourne|-37.73,144.91,78|2018-04-11T04:32:29Z|Sunny|+10.5|1018.8|79
Melbourne|-37.73,144.91,78|2018-04-12T10:27:12Z|Sunny|+17.7|823.7|63
Melbourne|-37.73,144.91,78|2018-04-13T06:32:00Z|Rain|+18.6|888.0|74
Melbourne|-37.73,144.91,78|2018-04-14T05:02:10Z|Sunny|+14.3|939.9|26
Melbourne|-37.73,144.91,78|2018-04-15T04:57:53Z|Sunny|+20.1|859.5|27
Melbourne|-37.73,144.91,78|2018-04-16T04:58:02Z|Sunny|+11.5|832.7|17
Melbourne|-37.73,144.91,78|2018-04-17T04:58:15Z|Rain|+10.4|887.1|13
Melbourne|-37.73,144.91,78|2018-04-18T10:23:29Z|Sunny|+16.2|1027.0|87
Melbourne|-37.73,144.91,78|2018-04-19T07:25:05Z|Sunny|+14.4|953.6|91
Melbourne|-37.73,144.91,78|2018-04-20T11:44:54Z|Rain|+13.6|1095.5|68
Melbourne|-37.73,144.91,78|2018-04-21T03:11:30Z|Rain|+12.4|1025.5|50
Melbourne|-37.73,144.91,78|2018-04-22T03:14:24Z|Rain|+16.9|941.1|26
Melbourne|-37.73,144.91,78|2018-04-23T09:04:08Z|Sunny|+14.2|839.6|85
Melbourne|-37.73,144.91,78|2018-04-24T08:05:36Z|Sunny|+16.0|1002.4|66
Melbourne|-37.73,144.91,78|2018-04-25T07:57:16Z|Sunny|+17.3|991.4|4
Melbourne|-37.73,144.91,78|2018-04-26T08:06:42Z|Rain|+13.1|963.0|26
Melbourne|-37.73,144.91,78|2018-04-27T04:32:35Z|Sunny|+12.6|800.5|21
Melbourne|-37.73,144.91,78|2018-04-28T02:13:49Z|Sunny|+17.1|851.2|90
Melbourne|-37.73,144.91,78|2018-04-29T01:22:13Z|Sunny|+17.1|917.7|35
Melbourne|-37.73,144.91,78|2018-04-30T02:52:59Z|Sunny|+11.8|879.9|52
Melbourne|-37.73,144.91,78|2018-05-01T04:29:06Z|Sunny|+13.0|1020.8|37
Melbourne|-37.73,144.91,78|2018-05-02T09:49:32Z|Sunny|+17.1|819.3|69
Melbourne|-37.73,144.91,78|2018-05-03T02:47:02Z|Sunny|+9.7|920.8|2
Melbourne|-37.73,144.91,78|2018-05-04T01:49:16Z|Sunny|+13.9|965.0|2
Melbourne|-37.73,144.91,78|2018-05-05T06:00:51Z|Sunny|+10.4|1045.9|92
Melbourne|-37.73,144.91,78|2018-05-06T01:25:43Z|Rain|+15.7|961.4|70
Melbourne|-37.73,144.91,78|2018-05-07T01:21:57Z|Rain|+11.5|971.7|57
Melbourne|-37.73,144.91,78|2018-05-08T06:56:43Z|Sunny|+9.9|867.0|64
Melbourne|-37.73,144.91,78|2018-05-09T02:50:58Z|Sunny|+9.2|916.9|13
Melbourne|-37.73,144.91,78|2018-05-10T06:48:22Z|Sunny|+10.9|923.2|15
Melbourne|-37.73,144.91,78|2018-05-11T09:42:00Z|Sunny|+10.2|805.8|49
Melbourne|-37.73,144.91,78|2018-05-12T05:53:34Z|Rain|+12.7|1071.8|12
Melbourne|-37.73,144.91,78|2018-05-13T07:15:22Z|Sunny|+13.3|844.9|26
Melbourne|-37.73,144.91,78|2018-05-14T12:24:28Z|Sunny|+13.6|808.6|94
Melbourne|-37.73,144.91,78|2018-05-15T08:58:04Z|Sunny|+10.6|898.3|95
Melbourne|-37.73,144.91,78|2018-05-16T07:32:46Z|Sunny|+14.2|923.2|89
Melbourne|-37.73,144.91,78|2018-05-17T06:16:04Z|Sunny|+15.1|1081.2|64
Melbourne|-37.73,144.91,78|2018-05-18T04:25:01Z|Sunny|+16.0|947.5|14
Melbourne|-37.73,144.91,78|2018-05-19T04:28:58Z|Sunny|+14.7|887.0|53
Melbourne|-37.73,144.91,78|2018-05-20T08:10:30Z|Sunny|+14.1|955.2|58
Melbourne|-37.73,144.91,78|2018-05-21T01:56:00Z|Sunny|+15.6|908.4|52
Melbourne|-37.73,144.91,78|2018-05-22T12:52:32Z|Sunny|+11.1|937.3|76
Melbourne|-37.73,144.91,78|2018-05-23T10:04:31Z|Sunny|+12.7|1051.2|14
Melbourne|-37.73,144.91,78|2018-05-24T06:07:07Z|Sunny|+13.3|1049.9|15
Melbourne|-37.73,144.91,78|2018-05-25T02:29:11Z|Sunny|+14.6|958.0|21
Melbourne|-37.73,144.91,78|2018-05-26T04:02:06Z|Sunny|+8.3|948.4|96
Melbourne|-37.73,144.91,78|2018-05-27T10:01:15Z|Sunny|+9.3|1042.2|75
Melbourne|-37.73,144.91,78|2018-05-28T05:29:46Z|Rain|+13.8|943.6|99
Melbourne|-37.73,144.91,78|2018-05-29T12:11:53Z|Sunny|+13.1|1066.1|66
Melbourne|-37.73,144.91,78|2018-05-30T12:23:17Z|Sunny|+12.0|1056.4|72
Melbourne|-37.73,144.91,78|2018-05-31T03:54:38Z|Sunny|+12.5|1076.9|58
Melbourne|-37.73,144.91,78|2018-06-01T01:20:05Z|Sunny|+10.5|1005.1|69
Melbourne|-37.73,144.91,78|2018-06-02T07:11:08Z|Sunny|+11.2|963.2|22
Melbourne|-37.73,144.91,78|2018-06-03T03:29:20Z|Sunny|+11.7|808.5|5
Melbourne|-37.73,144.91,78|2018-06-04T09:55:33Z|Sunny|+13.5|1031.8|32
Melbourne|-37.73,144.91,78|2018-06-05T06:29:30Z|Rain|+12.1|962.7|55
Melbourne|-37.73,144.91,78|2018-06-06T09:10:10Z|Rain|+11.9|1046.0|88
Melbourne|-37.73,144.91,78|2018-06-07T03:58:06Z|Sunny|+8.9|1084.9|100
Melbourne|-37.73,144.91,78|2018-06-08T11:02:46Z|Sunny|+12.5|910.6|83
Melbourne|-37.73,144.91,78|2018-06-09T04:02:02Z|Sunny|+12.6|950.1|65
Melbourne|-37.73,144.91,78|2018-06-10T07:43:13Z|Sunny|+13.2|1030.5|52
Melbourne|-37.73,144.91,78|2018-06-11T05:08:46Z|Rain|+10.4|1059.5|74
Melbourne|-37.73,144.91,78|2018-06-12T01:57:03Z|Sunny|+12.8|1075.6|72
Melbourne|-37.73,144.91,78|2018-06-13T12:03:47Z|Sunny|+7.1|972.8|16
Melbourne|-37.73,144.91,78|2018-06-14T04:45:05Z|Sunny|+12.1|813.1|40
Melbourne|-37.73,144.91,78|2018-06-15T12:20:28Z|Sunny|+13.7|1018.2|71
Melbourne|-37.73,144.91,78|2018-06-16T10:42:16Z|Sunny|+10.0|892.4|73
Melbourne|-37.73,144.91,78|2018-06-17T06:21:28Z|Sunny|+6.5|806.5|50
Melbourne|-37.73,144.91,78|2018-06-18T11:01:34Z|Sunny|+12.7|1079.6|70
Melbourne|-37.73,144.91,78|2018-06-19T08:06:32Z|Sunny|+6.4|953.5|89
Melbourne|-37.73,144.91,78|2018-06-20T08:01:41Z|Sunny|+11.4|1050.9|78
Melbourne|-37.73,144.91,78|2018-06-21T03:32:14Z|Sunny|+7.2|857.9|67
Melbourne|-37.73,144.91,78|2018-06-22T06:57:05Z|Sunny|+6.7|824.2|94
Melbourne|-37.73,144.91,78|2018-06-23T08:05:03Z|Sunny|+8.3|841.5|41
Melbourne|-37.73,144.91,78|2018-06-24T07:24:46Z|Sunny|+5.7|1079.5|86
Melbourne|-37.73,144.91,78|2018-06-25T02:16:22Z|Sunny|+8.7|1002.8|39
Melbourne|-37.73,144.91,78|2018-06-26T11:30:16Z|Sunny|+5.7|871.8|4
Melbourne|-37.73,144.91,78|2018-06-27T03:49:21Z|Rain|+8.9|1044.2|84
Melbourne|-37.73,144.91,78|2018-06-28T12:37:58Z|Sunny|+12.0|906.5|3
Melbourne|-37.73,144.91,78|2018-06-29T06:00:53Z|Sunny|+6.5|925.2|21
Melbourne|-37.73,144.91,78|2018-06-30T03:04:22Z|Sunny|+9.4|893.3|38
Melbourne|-37.73,144.91,78|2018-07-01T03:52:23Z|Sunny|+12.5|1064.1|96
Melbourne|-37.73,144.91,78|2018-07-02T04:16:03Z|Sunny|+13.0|980.5|10
Melbourne|-37.73,144.91,78|2018-07-03T02:43:37Z|Sunny|+8.2|936.9|35
Melbourne|-37.73,144.91,78|2018-07-04T01:04:31Z|Sunny|+12.8|888.5|77
Melbourne|-37.73,144.91,78|2018-07-05T04:43:50Z|Rain|+6.8|952.3|20
Melbourne|-37.73,144.91,78|2018-07-06T10:14:27Z|Sunny|+6.8|1088.6|44
Melbourne|-37.73,144.91,78|2018-07-07T12:25:33Z|Sunny|+11.0|804.9|9
Melbourne|-37.73,144.91,78|2018-07-08T02:00:42Z|Sunny|+11.2|811.9|33
Melbourne|-37.73,144.91,78|2018-07-09T05:47:14Z|Sunny|+5.5|907.0|57
Melbourne|-37.73,144.91,78|2018-07-10T10:20:43Z|Sunny|+5.4|1048.3|87
Melbourne|-37.73,144.91,78|2018-07-11T06:38:34Z|Sunny|+5.4|1016.2|2
Melbourne|-37.73,144.91,78|2018-07-12T01:18:40Z|Sunny|+6.9|1032.1|28
Melbourne|-37.73,144.91,78|2018-07-13T04:12:14Z|Rain|+8.8|1045.1|67
Melbourne|-37.73,144.91,78|2018-07-14T09:34:41Z|Sunny|+6.1|877.7|58
Melbourne|-37.73,144.91,78|2018-07-15T05:36:48Z|Sunny|+8.9|852.7|43
Melbourne|-37.73,144.91,78|2018-07-16T06:20:49Z|Sunny|+8.5|1007.8|59
Melbourne|-37.73,144.91,78|2018-07-17T09:09:55Z|Sunny|+11.3|1069.7|45
Melbourne|-37.73,144.91,78|2018-07-18T03:18:35Z|Sunny|+6.2|995.2|85
Melbourne|-37.73,144.91,78|2018-07-19T04:07:12Z|Sunny|+8.8|1010.1|52
Melbourne|-37.73,144.91,78|2018-07-20T08:29:08Z|Sunny|+10.7|1029.4|56
Melbourne|-37.73,144.91,78|2018-07-21T02:54:57Z|Sunny|+8.3|874.2|38
Melbourne|-37.73,144.91,78|2018-07-22T12:39:49Z|Sunny|+11.7|1017.6|17
Melbourne|-37.73,144.91,78|2018-07-23T03:46:19Z|Snow|+11.9|1076.6|71
Melbourne|-37.73,144.91,78|2018-07-24T01:44:39Z|Sunny|+6.6|1035.8|37
Melbourne|-37.73,144.91,78|2018-07-25T07:33:56Z|Sunny|+6.5|1078.6|98
Melbourne|-37.73,144.91,78|2018-07-26T03:04:13Z|Sunny|+12.4|1044.9|60
Melbourne|-37.73,144.91,78|2018-07-27T08:14:16Z|Snow|+7.9|906.9|64
Melbourne|-37.73,144.91,78|2018-07-28T04:55:52Z|Sunny|+5.8|953.7|68
Melbourne|-37.73,144.91,78|2018-07-29T11:03:16Z|Rain|+11.9|1009.4|48
Melbourne|-37.73,144.91,78|2018-07-30T07:44:55Z|Sunny|+7.3|929.7|5
Melbourne|-37.73,144.91,78|2018-07-31T03:18:18Z|Sunny|+11.4|844.8|99
Melbourne|-37.73,144.91,78|2018-08-01T04:31:58Z|Sunny|+8.7|1064.5|8
Melbourne|-37.73,144.91,78|2018-08-02T07:35:41Z|Sunny|+12.4|1044.2|77
Melbourne|-37.73,144.91,78|2018-08-03T06:47:21Z|Sunny|+9.5|843.6|15
Melbourne|-37.73,144.91,78|2018-08-04T10:02:20Z|Snow|+13.6|918.6|58
Melbourne|-37.73,144.91,78|2018-08-05T03:53:02Z|Sunny|+8.9|875.5|19
Melbourne|-37.73,144.91,78|2018-08-06T08:43:54Z|Sunny|+8.3|962.7|99
Melbourne|-37.73,144.91,78|2018-08-07T07:03:25Z|Sunny|+7.4|1061.0|1
Melbourne|-37.73,144.91,78|2018-08-08T06:50:49Z|Sunny|+6.3|1056.6|16
Melbourne|-37.73,144.91,78|2018-08-09T03:29:41Z|Sunny|+12.8|818.8|71
Melbourne|-37.73,144.91,78|2018-08-10T12:47:26Z|Sunny|+8.7|1091.3|23
Melbourne|-37.73,144.91,78|2018-08-11T12:58:06Z|Sunny|+7.6|852.0|98
Melbourne|-37.73,144.91,78|2018-08-12T01:24:11Z|Rain|+13.5|802.9|80
Melbourne|-37.73,144.91,78|2018-08-13T09:54:30Z|Sunny|+10.7|959.3|19
Melbourne|-37.73,144.91,78|2018-08-14T05:56:26Z|Sunny|+13.7|965.0|50
Melbourne|-37.73,144.91,78|2018-08-15T09:32:23Z|Sunny|+13.3|1010.2|60
Melbourne|-37.73,144.91,78|2018-08-16T11:54:00Z|Sunny|+11.5|951.9|84
Melbourne|-37.73,144.91,78|2018-08-17T10:25:49Z|Sunny|+10.9|1015.9|75
Melbourne|-37.73,144.91,78|2018-08-18T08:45:08Z|Sunny|+9.6|1081.6|1
Melbourne|-37.73,144.91,78|2018-08-19T01:25:21Z|Sunny|+14.4|955.2|11
Melbourne|-37.73,144.91,78|2018-08-20T06:27:29Z|Sunny|+7.9|912.6|42
Melbourne|-37.73,144.91,78|2018-08-21T06:32:52Z|Sunny|+14.7|864.5|34
Melbourne|-37.73,144.91,78|2018-08-22T07:05:02Z|Sunny|+14.3|997.6|23
Melbourne|-37.73,144.91,78|2018-08-23T03:25:19Z|Sunny|+9.7|989.3|97
Melbourne|-37.73,144.91,78|2018-08-24T03:58:00Z|Sunny|+10.1|935.5|32
Melbourne|-37.73,144.91,78|2018-08-25T11:43:39Z|Sunny|+8.6|1059.7|55
Melbourne|-37.73,144.91,78|2018-08-26T06:05:22Z|Sunny|+6.9|875.9|61
Melbourne|-37.73,144.91,78|2018-08-27T12:41:20Z|Sunny|+12.1|955.4|21
Melbourne|-37.73,144.91,78|2018-08-28T04:25:06Z|Sunny|+13.4|1080.4|21
Melbourne|-37.73,144.91,78|2018-08-29T09:56:36Z|Sunny|+8.4|1038.5|9
Melbourne|-37.73,144.91,78|2018-08-30T09:07:44Z|Sunny|+6.8|1046.3|66
Melbourne|-37.73,144.91,78|2018-08-31T11:13:49Z|Sunny|+6.5|965.9|93
Melbourne|-37.73,144.91,78|2018-09-01T03:32:50Z|Sunny|+8.2|829.2|23
Melbourne|-37.73,144.91,78|2018-09-02T10:33:35Z|Sunny|+12.8|1047.0|63
Melbourne|-37.73,144.91,78|2018-09-03T04:19:08Z|Sunny|+12.9|1003.5|100
Melbourne|-37.73,144.91,78|2018-09-04T01:58:45Z|Sunny|+14.5|988.5|22
Melbourne|-37.73,144.91,78|2018-09-05T03:34:57Z|Sunny|+7.6|1015.5|6
Melbourne|-37.73,144.91,78|2018-09-06T03:56:21Z|Sunny|+9.2|875.3|68
Melbourne|-37.73,144.91,78|2018-09-07T12:35:37Z|Sunny|+8.3|872.1|44
Melbourne|-37.73,144.91,78|2018-09-08T07:37:38Z|Sunny|+7.5|867.0|73
Melbourne|-37.73,144.91,78|2018-09-09T09:52:24Z|Sunny|+10.7|1021.8|94
Melbourne|-37.73,144.91,78|2018-09-10T07:26:47Z|Sunny|+12.2|890.3|46
Melbourne|-37.73,144.91,78|2018-09-11T04:27:18Z|Sunny|+16.0|1081.9|81
Melbourne|-37.73,144.91,78|2018-09-12T05:09:31Z|Sunny|+11.9|1051.1|28
Melbourne|-37.73,144.91,78|2018-09-13T01:32:03Z|Rain|+10.5|813.3|29
Melbourne|-37.73,144.91,78|2018-09-14T12:52:40Z|Rain|+16.2|1009.4|57
Melbourne|-37.73,144.91,78|2018-09-15T10:57:14Z|Sunny|+10.4|857.7|33
Melbourne|-37.73,144.91,78|2018-09-16T12:29:30Z|Rain|+15.2|885.9|41
Melbourne|-37.73,144.91,78|2018-09-17T06:30:44Z|Sunny|+8.2|1072.7|84
Melbourne|-37.73,144.91,78|2018-09-18T05:55:50Z|Sunny|+12.5|856.7|31
Melbourne|-37.73,144.91,78|2018-09-19T07:19:10Z|Sunny|+8.2|828.5|60
Melbourne|-37.73,144.91,78|2018-09-20T05:00:59Z|Sunny|+11.1|862.0|80
Melbourne|-37.73,144.91,78|2018-09-21T08:46:19Z|Sunny|+12.8|922.5|70
Melbourne|-37.73,144.91,78|2018-09-22T01:29:53Z|Sunny|+8.4|919.8|26
Melbourne|-37.73,144.91,78|2018-09-23T01:16:20Z|Sunny|+10.2|884.6|19
Melbourne|-37.73,144.91,78|2018-09-24T04:18:16Z|Sunny|+15.6|928.4|6
Melbourne|-37.73,144.91,78|2018-09-25T12:49:50Z|Sunny|+8.2|839.8|66
Melbourne|-37.73,144.91,78|2018-09-26T06:45:44Z|Sunny|+14.3|1085.7|47
Melbourne|-37.73,144.91,78|2018-09-27T08:37:36Z|Snow|+10.2|904.2|45
Melbourne|-37.73,144.91,78|2018-09-28T02:19:15Z|Sunny|+10.9|1018.0|9
Melbourne|-37.73,144.91,78|2018-09-29T06:52:48Z|Rain|+13.3|1097.1|6
Melbourne|-37.73,144.91,78|2018-09-30T11:07:09Z|Sunny|+13.0|925.9|88
Melbourne|-37.73,144.91,78|2018-10-01T09:22:15Z|Rain|+12.4|1066.1|23
Melbourne|-37.73,144.91,78|2018-10-02T03:02:23Z|Sunny|+10.2|1000.2|89
Melbourne|-37.73,144.91,78|2018-10-03T06:59:17Z|Sunny|+12.1|953.4|72
Melbourne|-37.73,144.91,78|2018-10-04T08:48:18Z|Sunny|+8.3|926.8|44
Melbourne|-37.73,144.91,78|2018-10-05T07:13:54Z|Sunny|+8.2|817.3|52
Melbourne|-37.73,144.91,78|2018-10-06T12:26:12Z|Sunny|+8.2|1067.0|44
Melbourne|-37.73,144.91,78|2018-10-07T09:30:57Z|Sunny|+14.0|1095.1|63
Melbourne|-37.73,144.91,78|2018-10-08T04:18:48Z|Sunny|+9.2|818.0|81
Melbourne|-37.73,144.91,78|2018-10-09T05:22:04Z|Sunny|+11.4|820.4|3
Melbourne|-37.73,144.91,78|2018-10-10T01:11:26Z|Sunny|+16.2|928.8|21
Melbourne|-37.73,144.91,78|2018-10-11T04:17:21Z|Sunny|+13.6|955.7|82
Melbourne|-37.73,144.91,78|2018-10-12T06:39:26Z|Sunny|+16.2|864.3|89
Melbourne|-37.73,144.91,78|2018-10-13T11:26:12Z|Sunny|+13.7|829.9|46
Melbourne|-37.73,144.91,78|2018-10-14T04:38:27Z|Sunny|+16.4|822.6|24
Melbourne|-37.73,144.91,78|2018-10-15T05:45:11Z|Sunny|+15.6|1073.9|69
Melbourne|-37.73,144.91,78|2018-10-16T06:32:06Z|Sunny|+14.6|880.2|25
Melbourne|-37.73,144.91,78|2018-10-17T03:12:51Z|Rain|+11.7|1006.5|24
Melbourne|-37.73,144.91,78|2018-10-18T03:56:59Z|Sunny|+19.1|1065.6|95
Melbourne|-37.73,144.91,78|2018-10-19T07:49:05Z|Sunny|+9.5|892.7|87
Melbourne|-37.73,144.91,78|2018-10-20T05:09:35Z|Sunny|+11.5|1054.1|3
Melbourne|-37.73,144.91,78|2018-10-21T01:20:39Z|Sunny|+15.0|1086.4|31
Melbourne|-37.73,144.91,78|2018-10-22T03:06:00Z|Sunny|+17.4|1085.8|2
Melbourne|-37.73,144.91,78|2018-10-23T06:27:09Z|Sunny|+15.3|924.8|90
Melbourne|-37.73,144.91,78|2018-10-24T09:31:55Z|Sunny|+8.9|1014.1|20
Melbourne|-37.73,144.91,78|2018-10-25T02:05:03Z|Sunny|+17.9|908.8|15
Melbourne|-37.73,144.91,78|2018-10-26T11:59:49Z|Sunny|+14.2|817.8|53
Melbourne|-37.73,144.91,78|2018-10-27T02:56:52Z|Rain|+13.7|915.5|56
Melbourne|-37.73,144.91,78|2018-10-28T04:10:48Z|Sunny|+17.9|828.1|36
Melbourne|-37.73,144.91,78|2018-10-29T06:32:12Z|Sunny|+15.4|1088.8|63
Melbourne|-37.73,144.91,78|2018-10-30T06:01:04Z|Rain|+17.4|1071.3|32
Melbourne|-37.73,144.91,78|2018-10-31T03:36:10Z|Sunny|+13.5|859.1|32
Melbourne|-37.73,144.91,78|2018-11-01T02:59:49Z|Sunny|+13.7|838.5|58
Melbourne|-37.73,144.91,78|2018-11-02T12:02:53Z|Sunny|+18.2|965.4|16
Melbourne|-37.73,144.91,78|2018-11-03T06:23:26Z|Rain|+12.7|1073.5|66
Melbourne|-37.73,144.91,78|2018-11-04T04:36:34Z|Sunny|+10.0|862.7|57
Melbourne|-37.73,144.91,78|2018-11-05T12:20:23Z|Sunny|+18.2|885.9|2
Melbourne|-37.73,144.91,78|2018-11-06T05:43:09Z|Rain|+11.4|989.8|60
Melbourne|-37.73,144.91,78|2018-11-07T03:27:37Z|Sunny|+19.7|1042.4|62
Melbourne|-37.73,144.91,78|2018-11-08T09:17:28Z|Sunny|+9.9|1012.5|51
Melbourne|-37.73,144.91,78|2018-11-09T08:46:53Z|Rain|+15.0|988.6|51
Melbourne|-37.73,144.91,78|2018-11-10T01:15:43Z|Sunny|+15.6|1035.7|6
Melbourne|-37.73,144.91,78|2018-11-11T01:49:25Z|Sunny|+19.3|938.8|46
Melbourne|-37.73,144.91,78|2018-11-12T11:30:07Z|Sunny|+20.5|842.1|92
Melbourne|-37.73,144.91,78|2018-11-13T03:36:37Z|Sunny|+12.0|928.7|89
Melbourne|-37.73,144.91,78|2018-11-14T09:57:35Z|Sunny|+13.0|924.7|38
Melbourne|-37.73,144.91,78|2018-11-15T07:10:41Z|Sunny|+15.1|1006.8|8
Melbourne|-37.73,144.91,78|2018-11-16T06:54:16Z|Sunny|+14.7|959.4|49
Melbourne|-37.73,144.91,78|2018-11-17T02:22:30Z|Sunny|+20.6|886.0|52
Melbourne|-37.73,144.91,78|2018-11-18T03:27:37Z|Sunny|+17.6|935.2|82
Melbourne|-37.73,144.91,78|2018-11-19T09:12:54Z|Sunny|+18.8|1054.2|89
Melbourne|-37.73,144.91,78|2018-11-20T11:34:35Z|Sunny|+12.8|1049.8|99
Melbourne|-37.73,144.91,78|2018-11-21T04:41:04Z|Sunny|+14.0|810.2|83
Melbourne|-37.73,144.91,78|2018-11-22T07:31:58Z|Sunny|+22.3|845.6|35
Melbourne|-37.73,144.91,78|2018-11-23T01:08:49Z|Sunny|+17.7|991.2|33
Melbourne|-37.73,144.91,78|2018-11-24T04:20:59Z|Sunny|+15.4|974.4|14
Melbourne|-37.73,144.91,78|2018-11-25T08:49:58Z|Sunny|+21.5|805.8|49
Melbourne|-37.73,144.91,78|2018-11-26T01:29:55Z|Sunny|+19.0|884.0|1
Melbourne|-37.73,144.91,78|2018-11-27T12:27:41Z|Sunny|+14.6|864.7|4
Melbourne|-37.73,144.91,78|2018-11-28T08:00:43Z|Sunny|+19.7|1032.8|32
Melbourne|-37.73,144.91,78|2018-11-29T05:52:35Z|Sunny|+22.4|1049.0|43
Melbourne|-37.73,144.91,78|2018-11-30T11:18:02Z|Sunny|+19.1|1020.5|28
Melbourne|-37.73,144.91,78|2018-12-01T10:17:25Z|Sunny|+16.7|1091.4|40
Melbourne|-37.73,144.91,78|2018-12-02T05:26:33Z|Sunny|+18.4|917.4|29
Melbourne|-37.73,144.91,78|2018-12-03T10:56:36Z|Rain|+22.9|949.2|46
Melbourne|-37.73,144.91,78|2018-12-04T04:28:32Z|Sunny|+13.9|1029.8|17
Melbourne|-37.73,144.91,78|2018-12-05T05:32:26Z|Sunny|+21.4|938.7|43
Melbourne|-37.73,144.91,78|2018-12-06T05:40:50Z|Rain|+22.1|956.2|7
Melbourne|-37.73,144.91,78|2018-12-07T09:00:15Z|Sunny|+21.1|953.8|80
Melbourne|-37.73,144.91,78|2018-12-08T02:31:41Z|Sunny|+19.3|1098.8|7
Melbourne|-37.73,144.91,78|2018-12-09T01:04:05Z|Sunny|+15.7|837.5|4
Melbourne|-37.73,144.91,78|2018-12-10T03:56:20Z|Sunny|+19.5|870.0|65
Melbourne|-37.73,144.91,78|2018-12-11T01:40:24Z|Sunny|+15.8|1052.0|24
Melbourne|-37.73,144.91,78|2018-12-12T10:13:56Z|Sunny|+18.3|1059.9|86
Melbourne|-37.73,144.91,78|2018-12-13T08:24:29Z|Sunny|+18.6|845.5|57
Melbourne|-37.73,144.91,78|2018-12-14T05:59:31Z|Rain|+14.4|856.3|67
Melbourne|-37.73,144.91,78|2018-12-15T03:48:03Z|Sunny|+13.6|841.2|99
Melbourne|-37.73,144.91,78|2018-12-16T11:54:18Z|Sunny|+15.6|843.4|53
Melbourne|-37.73,144.91,78|2018-12-17T08:18:50Z|Sunny|+16.7|864.3|34
Melbourne|-37.73,144.91,78|2018-12-18T04:38:25Z|Sunny|+20.1|1066.5|45
Melbourne|-37.73,144.91,78|2018-12-19T12:11:21Z|Sunny|+14.7|990.3|67
Melbourne|-37.73,144.91,78|2018-12-20T07:14:50Z|Sunny|+14.0|1053.4|31
Melbourne|-37.73,144.91,78|2018-12-21T07:02:03Z|Sunny|+24.7|1089.3|91
Melbourne|-37.73,144.91,78|2018-12-22T11:31:08Z|Sunny|+20.3|913.7|70
Melbourne|-37.73,144.91,78|2018-12-23T04:36:16Z|Sunny|+17.6|939.7|72
Melbourne|-37.73,144.91,78|2018-12-24T11:44:12Z|Sunny|+13.3|1001.3|30
Melbourne|-37.73,144.91,78|2018-12-25T09:14:24Z|Sunny|+20.0|871.8|40
Melbourne|-37.73,144.91,78|2018-12-26T10:43:21Z|Sunny|+18.3|993.0|65
Melbourne|-37.73,144.91,78|2018-12-27T03:31:00Z|Sunny|+25.3|1040.8|15
Melbourne|-37.73,144.91,78|2018-12-28T04:42:45Z|Sunny|+16.2|1021.8|88
Melbourne|-37.73,144.91,78|2018-12-29T08:37:17Z|Sunny|+19.7|1013.2|49
Melbourne|-37.73,144.91,78|2018-12-30T06:00:19Z|Sunny|+14.3|1058.0|50
Melbourne|-37.73,144.91,78|2018-12-31T01:21:37Z|Sunny|+18.6|859.1|86
Adelaide|-34.93,138.58,29|2018-01-01T09:16:14Z|Sunny|+23.8|976.0|13
Adelaide|-34.93,138.58,29|2018-01-02T01:47:27Z|Sunny|+23.0|844.4|74
Adelaide|-34.93,138.58,29|2018-01-03T05:21:50Z|Sunny|+20.2|945.6|64
Adelaide|-34.93,138.58,29|2018-01-04T11:55:42Z|Rain|+16.5|814.5|48
Adelaide|-34.93,138.58,29|2018-01-05T04:11:39Z|Sunny|+26.2|956.3|75
Adelaide|-34.93,138.58,29|2018-01-06T10:40:26Z|Sunny|+21.1|1046.4|53
Adelaide|-34.93,138.58,29|2018-01-07T03:34:12Z|Sunny|+22.0|992.5|87
Adelaide|-34.93,138.58,29|2018-01-08T02:37:50Z|Sunny|+16.6|838.5|73
Adelaide|-34.93,138.58,29|2018-01-09T10:31:18Z|Sunny|+27.5|879.7|89
Adelaide|-34.93,138.58,29|2018-01-10T03:44:12Z|Sunny|+18.5|1029.8|85
Adelaide|-34.93,138.58,29|2018-01-11T10:38:10Z|Sunny|+23.0|1007.2|97
Adelaide|-34.93,138.58,29|2018-01-12T08:29:38Z|Sunny|+21.5|967.1|94
Adelaide|-34.93,138.58,29|2018-01-13T09:03:03Z|Sunny|+27.3|1058.4|22
Adelaide|-34.93,138.58,29|2018-01-14T11:54:36Z|Sunny|+19.9|977.7|72
Adelaide|-34.93,138.58,29|2018-01-15T08:37:18Z|Sunny|+25.1|868.0|30
Adelaide|-34.93,138.58,29|2018-01-16T01:43:58Z|Sunny|+17.4|916.2|98
Adelaide|-34.93,138.58,29|2018-01-17T05:11:02Z|Sunny|+21.1|861.9|59
Adelaide|-34.93,138.58,29|2018-01-18T01:48:33Z|Sunny|+20.6|838.6|69
Adelaide|-34.93,138.58,29|2018-01-19T07:40:30Z|Rain|+23.8|1028.1|27
Adelaide|-34.93,138.58,29|2018-01-20T04:35:32Z|Sunny|+27.0|1066.9|24
Adelaide|-34.93,138.58,29|2018-01-21T03:04:08Z|Sunny|+22.7|945.9|16
Adelaide|-34.93,138.58,29|2018-01-22T11:58:09Z|Sunny|+21.1|913.7|40
Adelaide|-34.93,138.58,29|2018-01-23T11:21:48Z|Sunny|+19.6|834.7|60
Adelaide|-34.93,138.58,29|2018-01-24T01:10:37Z|Sunny|+22.0|998.4|46
Adelaide|-34.93,138.58,29|2018-01-25T07:34:11Z|Sunny|+19.6|1062.5|6
Adelaide|-34.93,138.58,29|2018-01-26T04:05:47Z|Sunny|+21.3|1001.3|90
Adelaide|-34.93,138.58,29|2018-01-27T10:51:47Z|Sunny|+25.4|1070.4|16
Adelaide|-34.93,138.58,29|2018-01-28T06:39:31Z|Sunny|+23.7|1063.7|21
Adelaide|-34.93,138.58,29|2018-01-29T10:39:06Z|Sunny|+18.7|855.4|46
Adelaide|-34.93,138.58,29|2018-01-30T03:54:30Z|Sunny|+19.2|1062.8|99
Adelaide|-34.93,138.58,29|2018-01-31T12:30:59Z|Sunny|+28.3|814.9|79
Adelaide|-34.93,138.58,29|2018-02-01T02:39:42Z|Sunny|+25.1|926.2|60
Adelaide|-34.93,138.58,29|2018-02-02T08:14:43Z|Sunny|+25.7|1054.3|9
Adelaide|-34.93,138.58,29|2018-02-03T03:52:16Z|Sunny|+20.9|841.9|67
Adelaide|-34.93,138.58,29|2018-02-04T06:47:02Z|Sunny|+29.2|966.7|41
Adelaide|-34.93,138.58,29|2018-02-05T04:13:19Z|Sunny|+18.1|815.1|78
Adelaide|-34.93,138.58,29|2018-02-06T05:20:21Z|Sunny|+19.1|934.1|16
Adelaide|-34.93,138.58,29|2018-02-07T00:44:36Z|Sunny|+20.5|935.9|48
Adelaide|-34.93,138.58,29|2018-02-08T06:25:03Z|Sunny|+26.4|876.8|53
Adelaide|-34.93,138.58,29|2018-02-09T09:44:03Z|Sunny|+19.2|959.6|77
Adelaide|-34.93,138.58,29|2018-02-10T04:59:42Z|Sunny|+18.5|1030.9|3
Adelaide|-34.93,138.58,29|2018-02-11T12:23:08Z|Sunny|+22.6|860.7|36
Adelaide|-34.93,138.58,29|2018-02-12T06:36:12Z|Sunny|+27.1|994.0|100
Adelaide|-34.93,138.58,29|2018-02-13T01:18:40Z|Rain|+17.6|1054.5|64
Adelaide|-34.93,138.58,29|2018-02-14T05:04:37Z|Sunny|+20.0|1054.7|80
Adelaide|-34.93,138.58,29|2018-02-15T07:04:48Z|Sunny|+27.4|1007.2|100
Adelaide|-34.93,138.58,29|2018-02-16T02:19:07Z|Sunny|+25.3|874.5|90
Adelaide|-34.93,138.58,29|2018-02-17T02:33:47Z|Sunny|+19.9|836.8|77
Adelaide|-34.93,138.58,29|2018-02-18T10:18:04Z|Sunny|+18.1|863.1|47
Adelaide|-34.93,138.58,29|2018-02-19T10:56:11Z|Sunny|+25.8|832.4|87
Adelaide|-34.93,138.58,29|2018-02-20T10:12:59Z|Sunny|+17.0|1053.7|10
Adelaide|-34.93,138.58,29|2018-02-21T01:37:46Z|Rain|+20.6|983.7|33
Adelaide|-34.93,138.58,29|2018-02-22T05:35:35Z|Sunny|+18.3|1018.5|36
Adelaide|-34.93,138.58,29|2018-02-23T06:54:04Z|Sunny|+17.5|916.8|33
Adelaide|-34.93,138.58,29|2018-02-24T02:43:23Z|Sunny|+18.4|900.7|28
Adelaide|-34.93,138.58,29|2018-02-25T03:14:05Z|Sunny|+20.2|1093.6|65
Adelaide|-34.93,138.58,29|2018-02-26T03:51:53Z|Sunny|+17.7|947.5|48
Adelaide|-34.93,138.58,29|2018-02-27T06:12:29Z|Sunny|+25.6|1059.6|60
Adelaide|-34.93,138.58,29|2018-02-28T02:32:38Z|Sunny|+24.7|1055.6|96
Adelaide|-34.93,138.58,29|2018-03-01T02:49:33Z|Sunny|+16.7|872.1|16
Adelaide|-34.93,138.58,29|2018-03-02T09:09:32Z|Sunny|+17.2|1052.2|73
Adelaide|-34.93,138.58,29|2018-03-03T11:28:47Z|Sunny|+22.2|892.0|38
Adelaide|-34.93,138.58,29|2018-03-04T09:30:13Z|Sunny|+22.4|995.7|84
Adelaide|-34.93,138.58,29|2018-03-05T00:36:25Z|Sunny|+18.6|860.1|45
Adelaide|-34.93,138.58,29|2018-03-06T08:19:56Z|Rain|+21.3|1078.4|61
Adelaide|-34.93,138.58,29|2018-03-07T02:18:07Z|Sunny|+22.9|990.6|97
Adelaide|-34.93,138.58,29|2018-03-08T02:06:13Z|Rain|+17.4|919.7|82
Adelaide|-34.93,138.58,29|2018-03-09T00:49:56Z|Sunny|+26.0|961.6|41
Adelaide|-34.93,138.58,29|2018-03-10T03:45:28Z|Sunny|+22.1|1016.1|24
Adelaide|-34.93,138.58,29|2018-03-11T05:33:59Z|Sunny|+19.5|897.1|61
Adelaide|-34.93,138.58,29|2018-03-12T08:28:51Z|Sunny|+19.6|998.8|84
Adelaide|-34.93,138.58,29|2018-03-13T08:34:06Z|Sunny|+23.9|1032.5|10
Adelaide|-34.93,138.58,29|2018-03-14T02:02:18Z|Sunny|+21.3|1010.1|97
Adelaide|-34.93,138.58,29|2018-03-15T08:33:30Z|Sunny|+21.6|895.5|49
Adelaide|-34.93,138.58,29|2018-03-16T01:20:39Z|Sunny|+25.0|827.7|13
Adelaide|-34.93,138.58,29|2018-03-17T05:46:08Z|Rain|+17.0|1005.8|90
Adelaide|-34.93,138.58,29|2018-03-18T09:50:11Z|Sunny|+20.3|1002.0|67
Adelaide|-34.93,138.58,29|2018-03-19T02:00:01Z|Sunny|+21.6|893.6|10
Adelaide|-34.93,138.58,29|2018-03-20T02:02:19Z|Sunny|+16.3|909.7|36
Adelaide|-34.93,138.58,29|2018-03-21T01:45:29Z|Sunny|+22.4|1004.8|84
Adelaide|-34.93,138.58,29|2018-03-22T04:19:04Z|Sunny|+14.9|915.5|81
Adelaide|-34.93,138.58,29|2018-03-23T12:29:12Z|Sunny|+17.2|1097.7|59
Adelaide|-34.93,138.58,29|2018-03-24T12:07:11Z|Sunny|+23.6|1079.5|90
Adelaide|-34.93,138.58,29|2018-03-25T06:05:46Z|Rain|+23.2|908.7|97
Adelaide|-34.93,138.58,29|2018-03-26T11:23:38Z|Sunny|+22.6|839.9|100
Adelaide|-34.93,138.58,29|2018-03-27T06:00:27Z|Sunny|+19.3|1077.1|71
Adelaide|-34.93,138.58,29|2018-03-28T07:21:38Z|Sunny|+18.2|949.6|47
Adelaide|-34.93,138.58,29|2018-03-29T00:36:33Z|Sunny|+14.9|988.5|39
Adelaide|-34.93,138.58,29|2018-03-30T01:39:47Z|Rain|+15.4|852.0|28
Adelaide|-34.93,138.58,29|2018-03-31T09:07:06Z|Rain|+15.6|970.3|98
Adelaide|-34.93,138.58,29|2018-04-01T05:10:36Z|Sunny|+16.1|1047.5|42
Adelaide|-34.93,138.58,29|2018-04-02T09:38:00Z|Rain|+16.2|891.0|24
Adelaide|-34.93,138.58,29|2018-04-03T04:53:00Z|Sunny|+20.5|842.4|60
Adelaide|-34.93,138.58,29|2018-04-04T07:33:26Z|Sunny|+20.9|1098.8|75
Adelaide|-34.93,138.58,29|2018-04-05T07:27:10Z|Sunny|+18.3|1068.6|77
Adelaide|-34.93,138.58,29|2018-04-06T06:21:47Z|Sunny|+18.6|1025.1|33
Adelaide|-34.93,138.58,29|2018-04-07T03:15:42Z|Sunny|+13.7|801.0|16
Adelaide|-34.93,138.58,29|2018-04-08T11:26:07Z|Sunny|+17.8|873.6|95
Adelaide|-34.93,138.58,29|2018-04-09T03:45:19Z|Sunny|+17.0|980.7|58
Adelaide|-34.93,138.58,29|2018-04-10T04:37:00Z|Sunny|+22.2|1054.3|62
Adelaide|-34.93,138.58,29|2018-04-11T07:24:30Z|Sunny|+16.4|871.0|46
Adelaide|-34.93,138.58,29|2018-04-12T09:44:45Z|Sunny|+17.0|864.1|59
Adelaide|-34.93,138.58,29|2018-04-13T06:22:34Z|Sunny|+17.1|907.9|44
Adelaide|-34.93,138.58,29|2018-04-14T05:09:52Z|Sunny|+18.6|934.4|67
Adelaide|-34.93,138.58,29|2018-04-15T07:49:34Z|Sunny|+17.5|983.7|77
Adelaide|-34.93,138.58,29|2018-04-16T00:47:10Z|Sunny|+16.0|976.1|42
Adelaide|-34.93,138.58,29|2018-04-17T02:46:26Z|Sunny|+21.8|920.8|98
Adelaide|-34.93,138.58,29|2018-04-18T06:45:17Z|Sunny|+14.4|842.2|58
Adelaide|-34.93,138.58,29|2018-04-19T12:12:38Z|Rain|+13.5|831.2|7
Adelaide|-34.93,138.58,29|2018-04-20T05:32:36Z|Sunny|+19.3|973.4|81
Adelaide|-34.93,138.58,29|2018-04-21T01:24:05Z|Sunny|+17.8|931.0|48
Adelaide|-34.93,138.58,29|2018-04-22T01:51:28Z|Rain|+15.0|1032.2|60
Adelaide|-34.93,138.58,29|2018-04-23T02:11:53Z|Sunny|+18.6|904.7|44
Adelaide|-34.93,138.58,29|2018-04-24T08:31:20Z|Sunny|+16.1|1063.9|83
Adelaide|-34.93,138.58,29|2018-04-25T09:32:06Z|Sunny|+19.3|977.9|63
Adelaide|-34.93,138.58,29|2018-04-26T06:10:18Z|Sunny|+11.9|1000.9|11
Adelaide|-34.93,138.58,29|2018-04-27T07:31:56Z|Sunny|+15.7|942.5|58
Adelaide|-34.93,138.58,29|2018-04-28T01:39:18Z|Sunny|+12.5|899.1|1
Adelaide|-34.93,138.58,29|2018-04-29T05:16:41Z|Sunny|+12.4|1039.8|99
Adelaide|-34.93,138.58,29|2018-04-30T08:42:33Z|Sunny|+20.3|939.3|47
Adelaide|-34.93,138.58,29|2018-05-01T07:31:35Z|Sunny|+17.1|801.4|62
Adelaide|-34.93,138.58,29|2018-05-02T11:43:55Z|Sunny|+12.8|900.8|10
Adelaide|-34.93,138.58,29|2018-05-03T05:48:32Z|Sunny|+18.9|992.1|73
Adelaide|-34.93,138.58,29|2018-05-04T03:54:44Z|Sunny|+12.3|930.3|77
Adelaide|-34.93,138.58,29|2018-05-05T08:56:22Z|Sunny|+18.9|854.8|35
Adelaide|-34.93,138.58,29|2018-05-06T01:31:03Z|Sunny|+20.0|854.3|83
Adelaide|-34.93,138.58,29|2018-05-07T09:25:26Z|Sunny|+13.4|893.4|60
Adelaide|-34.93,138.58,29|2018-05-08T06:04:42Z|Sunny|+19.1|882.9|27
Adelaide|-34.93,138.58,29|2018-05-09T06:53:15Z|Sunny|+16.8|887.1|3
Adelaide|-34.93,138.58,29|2018-05-10T08:20:38Z|Sunny|+15.3|903.9|86
Adelaide|-34.93,138.58,29|2018-05-11T11:04:26Z|Sunny|+12.0|1008.6|23
Adelaide|-34.93,138.58,29|2018-05-12T03:50:09Z|Sunny|+15.0|887.9|7
Adelaide|-34.93,138.58,29|2018-05-13T10:22:33Z|Sunny|+11.1|1045.3|51
Adelaide|-34.93,138.58,29|2018-05-14T11:53:51Z|Sunny|+15.3|871.5|57
Adelaide|-34.93,138.58,29|2018-05-15T07:14:51Z|Sunny|+10.5|912.6|67
Adelaide|-34.93,138.58,29|2018-05-16T03:53:35Z|Sunny|+16.8|964.0|77
Adelaide|-34.93,138.58,29|2018-05-17T00:41:53Z|Sunny|+13.4|834.0|55
Adelaide|-34.93,138.58,29|2018-05-18T06:11:12Z|Sunny|+14.3|837.0|18
Adelaide|-34.93,138.58,29|2018-05-19T11:27:04Z|Sunny|+11.3|849.3|73
Adelaide|-34.93,138.58,29|2018-05-20T02:35:20Z|Sunny|+11.6|1070.9|51
Adelaide|-34.93,138.58,29|2018-05-21T08:00:52Z|Sunny|+10.8|949.8|58
Adelaide|-34.93,138.58,29|2018-05-22T10:43:44Z|Sunny|+17.4|867.1|33
Adelaide|-34.93,138.58,29|2018-05-23T08:59:02Z|Sunny|+16.3|1092.2|75
Adelaide|-34.93,138.58,29|2018-05-24T10:41:05Z|Rain|+10.7|1090.7|10
Adelaide|-34.93,138.58,29|2018-05-25T04:07:36Z|Sunny|+13.6|889.2|11
Adelaide|-34.93,138.58,29|2018-05-26T04:30:01Z|Sunny|+15.8|932.2|10
Adelaide|-34.93,138.58,29|2018-05-27T03:04:32Z|Sunny|+15.4|989.3|36
Adelaide|-34.93,138.58,29|2018-05-28T00:37:44Z|Sunny|+12.0|994.6|14
Adelaide|-34.93,138.58,29|2018-05-29T05:40:16Z|Sunny|+12.6|1076.5|6
Adelaide|-34.93,138.58,29|2018-05-30T02:37:06Z|Sunny|+11.9|879.1|88
Adelaide|-34.93,138.58,29|2018-05-31T06:28:28Z|Sunny|+16.1|917.2|94
Adelaide|-34.93,138.58,29|2018-06-01T04:20:25Z|Sunny|+16.4|895.4|26
Adelaide|-34.93,138.58,29|2018-06-02T04:34:55Z|Sunny|+12.9|897.0|82
Adelaide|-34.93,138.58,29|2018-06-03T07:53:46Z|Rain|+11.3|813.2|80
Adelaide|-34.93,138.58,29|2018-06-04T01:56:23Z|Sunny|+11.1|978.3|58
Adelaide|-34.93,138.58,29|2018-06-05T01:09:01Z|Sunny|+10.7|1052.6|53
Adelaide|-34.93,138.58,29|2018-06-06T02:50:21Z|Sunny|+15.7|929.9|14
Adelaide|-34.93,138.58,29|2018-06-07T10:45:58Z|Sunny|+10.1|925.0|93
Adelaide|-34.93,138.58,29|2018-06-08T09:15:21Z|Sunny|+10.3|942.1|34
Adelaide|-34.93,138.58,29|2018-06-09T11:45:39Z|Sunny|+13.3|900.1|14
Adelaide|-34.93,138.58,29|2018-06-10T09:22:51Z|Sunny|+10.2|1095.4|30
Adelaide|-34.93,138.58,29|2018-06-11T02:05:22Z|Sunny|+14.3|842.4|11
Adelaide|-34.93,138.58,29|2018-06-12T02:43:59Z|Sunny|+8.7|976.8|31
Adelaide|-34.93,138.58,29|2018-06-13T07:02:13Z|Sunny|+9.7|999.8|21
Adelaide|-34.93,138.58,29|2018-06-14T00:58:15Z|Sunny|+8.7|1056.1|60
Adelaide|-34.93,138.58,29|2018-06-15T10:00:01Z|Sunny|+12.1|806.7|67
Adelaide|-34.93,138.58,29|2018-06-16T05:36:33Z|Sunny|+14.2|999.9|54
Adelaide|-34.93,138.58,29|2018-06-17T05:32:31Z|Sunny|+14.5|1018.1|22
Adelaide|-34.93,138.58,29|2018-06-18T03:25:45Z|Sunny|+9.5|918.0|14
Adelaide|-34.93,138.58,29|2018-06-19T05:50:25Z|Sunny|+14.6|968.8|65
Adelaide|-34.93,138.58,29|2018-06-20T01:06:38Z|Sunny|+14.1|859.8|16
Adelaide|-34.93,138.58,29|2018-06-21T07:37:31Z|Sunny|+8.2|904.2|49
Adelaide|-34.93,138.58,29|2018-06-22T02:53:15Z|Sunny|+13.1|986.6|97
Adelaide|-34.93,138.58,29|2018-06-23T04:28:59Z|Sunny|+12.8|817.4|69
Adelaide|-34.93,138.58,29|2018-06-24T02:56:47Z|Sunny|+14.6|1039.2|87
Adelaide|-34.93,138.58,29|2018-06-25T01:01:53Z|Sunny|+10.2|881.7|12
Adelaide|-34.93,138.58,29|2018-06-26T01:50:15Z|Sunny|+13.2|1033.8|87
Adelaide|-34.93,138.58,29|2018-06-27T03:10:42Z|Rain|+9.1|931.9|10
Adelaide|-34.93,138.58,29|2018-06-28T01:50:07Z|Sunny|+11.0|992.4|6
Adelaide|-34.93,138.58,29|2018-06-29T09:06:01Z|Sunny|+8.6|1029.6|41
Adelaide|-34.93,138.58,29|2018-06-30T05:32:15Z|Sunny|+14.6|831.1|42
Adelaide|-34.93,138.58,29|2018-07-01T04:19:27Z|Sunny|+12.4|1040.8|100
Adelaide|-34.93,138.58,29|2018-07-02T02:03:10Z|Sunny|+11.4|1097.9|18
Adelaide|-34.93,138.58,29|2018-07-03T08:53:14Z|Sunny|+11.1|838.6|2
Adelaide|-34.93,138.58,29|2018-07-04T01:56:42Z|Sunny|+10.4|893.2|6
Adelaide|-34.93,138.58,29|2018-07-05T08:50:57Z|Sunny|+12.2|898.2|21
Adelaide|-34.93,138.58,29|2018-07-06T04:54:22Z|Rain|+10.6|968.5|51
Adelaide|-34.93,138.58,29|2018-07-07T09:51:11Z|Sunny|+13.7|1031.4|54
Adelaide|-34.93,138.58,29|2018-07-08T07:33:21Z|Sunny|+7.5|812.3|96
Adelaide|-34.93,138.58,29|2018-07-09T03:50:11Z|Sunny|+12.7|803.3|29
Adelaide|-34.93,138.58,29|2018-07-10T11:06:34Z|Sunny|+9.8|804.0|24
Adelaide|-34.93,138.58,29|2018-07-11T04:26:03Z|Sunny|+13.2|1079.0|10
Adelaide|-34.93,138.58,29|2018-07-12T10:27:29Z|Sunny|+9.1|1097.4|82
Adelaide|-34.93,138.58,29|2018-07-13T01:41:47Z|Sunny|+12.5|906.1|4
Adelaide|-34.93,138.58,29|2018-07-14T09:28:19Z|Sunny|+10.6|913.5|5
Adelaide|-34.93,138.58,29|2018-07-15T11:57:20Z|Sunny|+13.9|1053.9|9
Adelaide|-34.93,138.58,29|2018-07-16T04:09:31Z|Sunny|+11.6|951.3|37
Adelaide|-34.93,138.58,29|2018-07-17T03:12:13Z|Sunny|+11.2|888.7|4
Adelaide|-34.93,138.58,29|2018-07-18T03:27:02Z|Sunny|+10.0|810.6|71
Adelaide|-34.93,138.58,29|2018-07-19T10:14:12Z|Sunny|+12.9|993.5|76
Adelaide|-34.93,138.58,29|2018-07-20T00:48:28Z|Sunny|+7.7|1023.0|59
Adelaide|-34.93,138.58,29|2018-07-21T07:53:28Z|Sunny|+9.6|887.3|91
Adelaide|-34.93,138.58,29|2018-07-22T05:50:00Z|Sunny|+14.7|910.9|35
Adelaide|-34.93,138.58,29|2018-07-23T09:26:43Z|Sunny|+13.9|916.7|96
Adelaide|-34.93,138.58,29|2018-07-24T02:08:21Z|Sunny|+7.7|886.0|86
Adelaide|-34.93,138.58,29|2018-07-25T01:15:37Z|Sunny|+8.2|850.3|69
Adelaide|-34.93,138.58,29|2018-07-26T08:36:41Z|Sunny|+14.8|1099.3|22
Adelaide|-34.93,138.58,29|2018-07-27T01:39:46Z|Sunny|+11.3|1060.3|32
Adelaide|-34.93,138.58,29|2018-07-28T08:19:20Z|Sunny|+9.1|1041.0|66
Adelaide|-34.93,138.58,29|2018-07-29T01:25:32Z|Sunny|+11.6|939.2|61
Adelaide|-34.93,138.58,29|2018-07-30T02:55:08Z|Sunny|+12.8|1025.1|42
Adelaide|-34.93,138.58,29|2018-07-31T06:35:10Z|Sunny|+14.6|804.0|33
Adelaide|-34.93,138.58,29|2018-08-01T02:17:25Z|Sunny|+10.6|1081.6|26
Adelaide|-34.93,138.58,29|2018-08-02T08:36:36Z|Sunny|+8.4|1070.7|39
Adelaide|-34.93,138.58,29|2018-08-03T06:47:18Z|Sunny|+14.8|890.3|39
Adelaide|-34.93,138.58,29|2018-08-04T02:01:11Z|Sunny|+10.5|1008.4|96
Adelaide|-34.93,138.58,29|2018-08-05T05:01:47Z|Sunny|+13.5|1039.2|71
Adelaide|-34.93,138.58,29|2018-08-06T02:05:06Z|Sunny|+12.2|858.4|87
Adelaide|-34.93,138.58,29|2018-08-07T10:40:56Z|Sunny|+10.5|949.5|68
Adelaide|-34.93,138.58,29|2018-08-08T11:24:42Z|Sunny|+11.2|800.7|42
Adelaide|-34.93,138.58,29|2018-08-09T03:24:49Z|Sunny|+10.0|833.0|50
Adelaide|-34.93,138.58,29|2018-08-10T09:34:11Z|Sunny|+12.4|837.6|7
Adelaide|-34.93,138.58,29|2018-08-11T05:48:41Z|Sunny|+15.4|849.4|6
Adelaide|-34.93,138.58,29|2018-08-12T09:18:38Z|Sunny|+12.9|898.6|66
Adelaide|-34.93,138.58,29|2018-08-13T02:47:08Z|Sunny|+13.6|1043.5|51
Adelaide|-34.93,138.58,29|2018-08-14T10:29:21Z|Sunny|+12.5|970.6|55
Adelaide|-34.93,138.58,29|2018-08-15T03:56:16Z|Sunny|+9.0|837.9|48
Adelaide|-34.93,138.58,29|2018-08-16T01:11:25Z|Rain|+14.2|833.6|18
Adelaide|-34.93,138.58,29|2018-08-17T01:02:39Z|Sunny|+14.7|901.5|30
Adelaide|-34.93,138.58,29|2018-08-18T08:02:33Z|Sunny|+8.0|1039.1|66
Adelaide|-34.93,138.58,29|2018-08-19T12:00:35Z|Sunny|+13.0|885.6|10
Adelaide|-34.93,138.58,29|2018-08-20T03:33:33Z|Rain|+15.7|955.1|36
Adelaide|-34.93,138.58,29|2018-08-21T01:38:46Z|Sunny|+13.3|951.5|81
Adelaide|-34.93,138.58,29|2018-08-22T07:42:21Z|Sunny|+10.8|1022.0|37
Adelaide|-34.93,138.58,29|2018-08-23T05:56:18Z|Sunny|+13.3|1033.4|14
Adelaide|-34.93,138.58,29|2018-08-24T07:12:17Z|Sunny|+14.7|917.6|49
Adelaide|-34.93,138.58,29|2018-08-25T03:54:23Z|Sunny|+14.4|818.9|20
Adelaide|-34.93,138.58,29|2018-08-26T11:06:15Z|Sunny|+16.2|1043.8|67
Adelaide|-34.93,138.58,29|2018-08-27T06:49:44Z|Sunny|+9.8|1012.6|21
Adelaide|-34.93,138.58,29|2018-08-28T09:59:33Z|Sunny|+9.9|954.9|23
Adelaide|-34.93,138.58,29|2018-08-29T03:40:02Z|Sunny|+14.8|834.7|90
Adelaide|-34.93,138.58,29|2018-08-30T05:28:35Z|Sunny|+10.0|989.1|87
Adelaide|-34.93,138.58,29|2018-08-31T04:58:55Z|Sunny|+12.3|928.3|33
Adelaide|-34.93,138.58,29|2018-09-01T12:07:25Z|Sunny|+11.6|922.0|84
Adelaide|-34.93,138.58,29|2018-09-02T00:58:25Z|Sunny|+10.4|826.5|84
Adelaide|-34.93,138.58,29|2018-09-03T02:30:43Z|Sunny|+16.4|975.0|90
Adelaide|-34.93,138.58,29|2018-09-04T04:42:54Z|Sunny|+14.2|1042.9|56
Adelaide|-34.93,138.58,29|2018-09-05T06:15:16Z|Sunny|+17.2|907.8|23
Adelaide|-34.93,138.58,29|2018-09-06T09:51:34Z|Sunny|+12.3|891.7|83
Adelaide|-34.93,138.58,29|2018-09-07T04:24:59Z|Sunny|+14.9|1077.2|22
Adelaide|-34.93,138.58,29|2018-09-08T10:05:46Z|Sunny|+14.5|831.5|2
Adelaide|-34.93,138.58,29|2018-09-09T11:40:20Z|Sunny|+11.8|1057.8|19
Adelaide|-34.93,138.58,29|2018-09-10T12:19:49Z|Sunny|+15.1|974.1|60
Adelaide|-34.93,138.58,29|2018-09-11T11:59:20Z|Sunny|+15.4|927.0|69
Adelaide|-34.93,138.58,29|2018-09-12T03:13:58Z|Rain|+12.2|1093.2|55
Adelaide|-34.93,138.58,29|2018-09-13T00:34:11Z|Sunny|+12.4|928.5|70
Adelaide|-34.93,138.58,29|2018-09-14T10:04:19Z|Sunny|+14.8|1069.2|23
Adelaide|-34.93,138.58,29|2018-09-15T01:32:01Z|Sunny|+14.7|815.2|72
Adelaide|-34.93,138.58,29|2018-09-16T03:13:20Z|Sunny|+14.1|929.1|61
Adelaide|-34.93,138.58,29|2018-09-17T10:45:06Z|Sunny|+15.3|878.5|29
Adelaide|-34.93,138.58,29|2018-09-18T03:11:43Z|Sunny|+12.6|1095.4|48
Adelaide|-34.93,138.58,29|2018-09-19T11:45:19Z|Sunny|+10.2|1031.6|62
Adelaide|-34.93,138.58,29|2018-09-20T02:06:04Z|Sunny|+14.1|902.7|94
Adelaide|-34.93,138.58,29|2018-09-21T04:31:17Z|Sunny|+17.7|822.0|99
Adelaide|-34.93,138.58,29|2018-09-22T03:26:41Z|Sunny|+11.7|992.5|99
Adelaide|-34.93,138.58,29|2018-09-23T03:51:46Z|Sunny|+15.6|848.4|38
Adelaide|-34.93,138.58,29|2018-09-24T08:49:07Z|Sunny|+9.8|802.5|3
Adelaide|-34.93,138.58,29|2018-09-25T03:36:38Z|Sunny|+12.3|1056.6|31
Adelaide|-34.93,138.58,29|2018-09-26T07:28:04Z|Sunny|+16.6|904.1|98
Adelaide|-34.93,138.58,29|2018-09-27T08:27:15Z|Sunny|+13.4|1058.4|24
Adelaide|-34.93,138.58,29|2018-09-28T09:39:58Z|Sunny|+18.9|1034.3|44
Adelaide|-34.93,138.58,29|2018-09-29T09:19:57Z|Rain|+15.3|864.9|15
Adelaide|-34.93,138.58,29|2018-09-30T03:14:38Z|Sunny|+16.9|1038.3|80
Adelaide|-34.93,138.58,29|2018-10-01T10:32:44Z|Sunny|+17.4|1091.0|90
Adelaide|-34.93,138.58,29|2018-10-02T12:17:04Z|Sunny|+16.3|857.2|28
Adelaide|-34.93,138.58,29|2018-10-03T00:39:55Z|Sunny|+16.2|911.3|4
Adelaide|-34.93,138.58,29|2018-10-04T06:37:21Z|Sunny|+17.5|858.1|85
Adelaide|-34.93,138.58,29|2018-10-05T09:31:15Z|Rain|+16.9|972.0|82
Adelaide|-34.93,138.58,29|2018-10-06T02:18:09Z|Sunny|+14.9|853.8|99
Adelaide|-34.93,138.58,29|2018-10-07T09:34:42Z|Sunny|+12.5|827.0|6
Adelaide|-34.93,138.58,29|2018-10-08T03:27:29Z|Sunny|+14.6|859.1|41
Adelaide|-34.93,138.58,29|2018-10-09T04:05:06Z|Rain|+15.0|956.3|86
Adelaide|-34.93,138.58,29|2018-10-10T08:32:52Z|Sunny|+18.3|988.4|52
Adelaide|-34.93,138.58,29|2018-10-11T03:09:30Z|Sunny|+18.0|962.6|35
Adelaide|-34.93,138.58,29|2018-10-12T00:42:19Z|Sunny|+14.6|1011.8|98
Adelaide|-34.93,138.58,29|2018-10-13T04:34:00Z|Sunny|+13.1|1057.2|71
Adelaide|-34.93,138.58,29|2018-10-14T02:12:14Z|Rain|+16.3|848.7|86
Adelaide|-34.93,138.58,29|2018-10-15T12:22:05Z|Sunny|+19.1|969.6|43
Adelaide|-34.93,138.58,29|2018-10-16T04:51:35Z|Sunny|+12.8|1055.8|56
Adelaide|-34.93,138.58,29|2018-10-17T09:08:40Z|Sunny|+17.5|994.7|38
Adelaide|-34.93,138.58,29|2018-10-18T02:39:26Z|Sunny|+16.6|945.5|38
Adelaide|-34.93,138.58,29|2018-10-19T00:56:42Z|Sunny|+15.8|934.3|4
Adelaide|-34.93,138.58,29|2018-10-20T09:54:57Z|Sunny|+17.8|966.1|42
Adelaide|-34.93,138.58,29|2018-10-21T09:28:15Z|Sunny|+16.5|870.1|69
Adelaide|-34.93,138.58,29|2018-10-22T11:11:15Z|Sunny|+21.7|1007.5|60
Adelaide|-34.93,138.58,29|2018-10-23T04:31:23Z|Rain|+11.9|812.5|9
Adelaide|-34.93,138.58,29|2018-10-24T04:52:52Z|Sunny|+12.5|871.9|8
Adelaide|-34.93,138.58,29|2018-10-25T04:30:09Z|Sunny|+13.5|964.9|100
Adelaide|-34.93,138.58,29|2018-10-26T01:02:35Z|Sunny|+15.9|1008.5|42
Adelaide|-34.93,138.58,29|2018-10-27T02:31:58Z|Sunny|+17.7|922.4|56
Adelaide|-34.93,138.58,29|2018-10-28T07:46:18Z|Sunny|+15.1|802.5|51
Adelaide|-34.93,138.58,29|2018-10-29T05:02:55Z|Sunny|+14.4|936.6|9
Adelaide|-34.93,138.58,29|2018-10-30T02:32:17Z|Sunny|+21.8|830.8|97
Adelaide|-34.93,138.58,29|2018-10-31T07:42:25Z|Rain|+19.6|844.4|71
Adelaide|-34.93,138.58,29|2018-11-01T06:45:58Z|Sunny|+12.9|885.5|87
Adelaide|-34.93,138.58,29|2018-11-02T11:40:31Z|Sunny|+22.3|1098.4|45
Adelaide|-34.93,138.58,29|2018-11-03T11:42:47Z|Sunny|+20.6|1073.4|1
Adelaide|-34.93,138.58,29|2018-11-04T08:14:53Z|Sunny|+19.0|1016.3|66
Adelaide|-34.93,138.58,29|2018-11-05T11:40:03Z|Sunny|+16.9|934.6|67
Adelaide|-34.93,138.58,29|2018-11-06T07:40:35Z|Sunny|+14.0|886.1|54
Adelaide|-34.93,138.58,29|2018-11-07T03:12:08Z|Sunny|+18.0|960.8|77
Adelaide|-34.93,138.58,29|2018-11-08T03:59:26Z|Sunny|+17.6|1025.6|61
Adelaide|-34.93,138.58,29|2018-11-09T12:01:51Z|Sunny|+16.9|901.2|9
Adelaide|-34.93,138.58,29|2018-11-10T05:16:05Z|Sunny|+15.8|913.6|31
Adelaide|-34.93,138.58,29|2018-11-11T07:03:25Z|Rain|+14.0|897.8|73
Adelaide|-34.93,138.58,29|2018-11-12T11:53:00Z|Sunny|+14.2|977.8|61
Adelaide|-34.93,138.58,29|2018-11-13T01:07:52Z|Sunny|+14.7|875.7|90
Adelaide|-34.93,138.58,29|2018-11-14T10:29:49Z|Sunny|+17.6|1055.6|59
Adelaide|-34.93,138.58,29|2018-11-15T10:11:01Z|Sunny|+19.9|1016.8|34
Adelaide|-34.93,138.58,29|2018-11-16T08:24:01Z|Sunny|+16.4|1039.9|89
Adelaide|-34.93,138.58,29|2018-11-17T09:15:29Z|Sunny|+23.1|960.0|3
Adelaide|-34.93,138.58,29|2018-11-18T08:18:43Z|Sunny|+24.2|923.0|41
Adelaide|-34.93,138.58,29|2018-11-19T09:41:46Z|Sunny|+23.9|1069.8|97
Adelaide|-34.93,138.58,29|2018-11-20T02:36:08Z|Sunny|+22.5|885.0|58
Adelaide|-34.93,138.58,29|2018-11-21T04:39:25Z|Sunny|+22.8|856.0|70
Adelaide|-34.93,138.58,29|2018-11-22T08:42:46Z|Sunny|+21.3|866.2|50
Adelaide|-34.93,138.58,29|2018-11-23T01:13:11Z|Sunny|+24.9|997.6|57
Adelaide|-34.93,138.58,29|2018-11-24T08:26:49Z|Sunny|+20.8|1092.7|87
Adelaide|-34.93,138.58,29|2018-11-25T00:34:43Z|Sunny|+24.8|825.9|83
Adelaide|-34.93,138.58,29|2018-11-26T05:53:43Z|Sunny|+25.1|1082.3|20
Adelaide|-34.93,138.58,29|2018-11-27T08:51:45Z|Sunny|+25.3|1030.6|44
Adelaide|-34.93,138.58,29|2018-11-28T05:00:01Z|Sunny|+16.9|1080.5|7
Adelaide|-34.93,138.58,29|2018-11-29T01:18:29Z|Rain|+22.6|912.2|62
Adelaide|-34.93,138.58,29|2018-11-30T05:28:40Z|Sunny|+25.0|1063.1|37
Adelaide|-34.93,138.58,29|2018-12-01T06:36:00Z|Sunny|+20.2|987.8|45
Adelaide|-34.93,138.58,29|2018-12-02T02:23:34Z|Sunny|+16.4|820.9|1
Adelaide|-34.93,138.58,29|2018-12-03T12:29:26Z|Sunny|+21.2|1049.5|94
Adelaide|-34.93,138.58,29|2018-12-04T02:36:34Z|Sunny|+18.8|962.8|18
Adelaide|-34.93,138.58,29|2018-12-05T02:50:36Z|Sunny|+16.6|819.1|55
Adelaide|-34.93,138.58,29|2018-12-06T07:42:50Z|Sunny|+21.8|952.9|24
Adelaide|-34.93,138.58,29|2018-12-07T10:04:05Z|Sunny|+19.8|1045.7|93
Adelaide|-34.93,138.58,29|2018-12-08T07:28:35Z|Sunny|+25.9|923.1|76
Adelaide|-34.93,138.58,29|2018-12-09T00:41:30Z|Sunny|+18.1|1061.6|94
Adelaide|-34.93,138.58,29|2018-12-10T07:09:06Z|Sunny|+23.6|881.9|16
Adelaide|-34.93,138.58,29|2018-12-11T12:18:46Z|Sunny|+18.5|904.4|52
Adelaide|-34.93,138.58,29|2018-12-12T05:03:33Z|Rain|+21.7|1050.0|33
Adelaide|-34.93,138.58,29|2018-12-13T12:06:00Z|Sunny|+24.4|1046.7|48
Adelaide|-34.93,138.58,29|2018-12-14T10:28:22Z|Sunny|+21.0|1004.4|94
Adelaide|-34.93,138.58,29|2018-12-15T08:59:16Z|Sunny|+21.7|887.4|27
Adelaide|-34.93,138.58,29|2018-12-16T09:58:27Z|Sunny|+19.5|1046.9|24
Adelaide|-34.93,138.58,29|2018-12-17T08:12:06Z|Sunny|+25.8|1053.7|29
Adelaide|-34.93,138.58,29|2018-12-18T09:10:12Z|Sunny|+22.4|866.8|81
Adelaide|-34.93,138.58,29|2018-12-19T06:06:32Z|Sunny|+18.6|1093.1|58
Adelaide|-34.93,138.58,29|2018-12-20T04:16:29Z|Sunny|+25.7|1039.9|41
Adelaide|-34.93,138.58,29|2018-12-21T08:55:49Z|Sunny|+25.8|1036.5|63
Adelaide|-34.93,138.58,29|2018-12-22T08:14:49Z|Sunny|+16.1|922.0|98
Adelaide|-34.93,138.58,29|2018-12-23T06:37:06Z|Sunny|+21.6|890.3|51
Adelaide|-34.93,138.58,29|2018-12-24T00:51:00Z|Sunny|+22.7|876.6|30
Adelaide|-34.93,138.58,29|2018-12-25T05:23:51Z|Sunny|+23.3|828.9|45
Adelaide|-34.93,138.58,29|2018-12-26T11:03:22Z|Sunny|+19.2|945.5|3
Adelaide|-34.93,138.58,29|2018-12-27T06:28:06Z|Rain|+25.5|952.8|68
Adelaide|-34.93,138.58,29|2018-12-28T06:00:18Z|Sunny|+27.4|984.9|2
Adelaide|-34.93,138.58,29|2018-12-29T04:10:04Z|Sunny|+27.7|861.2|12
Adelaide|-34.93,138.58,29|2018-12-30T06:34:59Z|Sunny|+27.6|895.2|94
Adelaide|-34.93,138.58,29|2018-12-31T01:25:08Z|Sunny|+27.4|1044.7|77
Sydney|-33.86,151.2,39|2018-01-01T04:30:51Z|Sunny|+24.6|823.0|2
Sydney|-33.86,151.2,39|2018-01-02T06:30:17Z|Sunny|+22.9|901.3|18
Sydney|-33.86,151.2,39|2018-01-03T08:08:33Z|Sunny|+20.7|961.9|76
Sydney|-33.86,151.2,39|2018-01-04T08:37:59Z|Sunny|+24.4|808.3|58
Sydney|-33.86,151.2,39|2018-01-05T05:21:06Z|Sunny|+22.1|852.1|20
Sydney|-33.86,151.2,39|2018-01-06T12:10:17Z|Sunny|+23.0|865.2|67
Sydney|-33.86,151.2,39|2018-01-07T01:33:47Z|Sunny|+21.6|917.8|75
Sydney|-33.86,151.2,39|2018-01-08T12:12:17Z|Sunny|+19.1|1098.6|68
Sydney|-33.86,151.2,39|2018-01-09T12:58:37Z|Sunny|+23.9|947.8|48
Sydney|-33.86,151.2,39|2018-01-10T03:40:34Z|Sunny|+24.4|906.5|29
Sydney|-33.86,151.2,39|2018-01-11T03:17:09Z|Sunny|+21.6|808.6|58
Sydney|-33.86,151.2,39|2018-01-12T10:38:15Z|Sunny|+20.5|885.5|62
Sydney|-33.86,151.2,39|2018-01-13T10:46:20Z|Sunny|+19.3|814.1|80
Sydney|-33.86,151.2,39|2018-01-14T07:57:54Z|Sunny|+22.9|948.2|59
Sydney|-33.86,151.2,39|2018-01-15T07:33:33Z|Sunny|+20.2|1034.5|65
Sydney|-33.86,151.2,39|2018-01-16T01:47:35Z|Sunny|+25.2|939.7|37
Sydney|-33.86,151.2,39|2018-01-17T01:21:29Z|Rain|+22.1|854.2|1
Sydney|-33.86,151.2,39|2018-01-18T02:25:55Z|Sunny|+23.5|1033.9|69
Sydney|-33.86,151.2,39|2018-01-19T11:22:09Z|Sunny|+18.9|1099.7|33
Sydney|-33.86,151.2,39|2018-01-20T11:03:35Z|Sunny|+25.8|833.0|64
Sydney|-33.86,151.2,39|2018-01-21T11:40:31Z|Rain|+18.9|950.1|16
Sydney|-33.86,151.2,39|2018-01-22T02:37:31Z|Sunny|+24.7|860.7|75
Sydney|-33.86,151.2,39|2018-01-23T10:06:08Z|Sunny|+23.6|1041.0|7
Sydney|-33.86,151.2,39|2018-01-24T02:02:11Z|Sunny|+23.6|975.4|11
Sydney|-33.86,151.2,39|2018-01-25T09:08:54Z|Sunny|+26.0|818.8|82
Sydney|-33.86,151.2,39|2018-01-26T07:59:40Z|Sunny|+23.7|1006.8|72
Sydney|-33.86,151.2,39|2018-01-27T03:38:28Z|Sunny|+23.1|910.7|69
Sydney|-33.86,151.2,39|2018-01-28T09:36:00Z|Sunny|+24.2|1066.3|28
Sydney|-33.86,151.2,39|2018-01-29T05:48:15Z|Sunny|+24.1|1000.0|56
Sydney|-33.86,151.2,39|2018-01-30T06:09:16Z|Rain|+24.2|931.3|58
Sydney|-33.86,151.2,39|2018-01-31T12:11:18Z|Sunny|+22.8|1049.9|31
Sydney|-33.86,151.2,39|2018-02-01T10:19:17Z|Sunny|+22.1|995.3|21
Sydney|-33.86,151.2,39|2018-02-02T08:48:15Z|Sunny|+20.2|1088.3|79
Sydney|-33.86,151.2,39|2018-02-03T01:44:11Z|Sunny|+20.1|861.3|1
Sydney|-33.86,151.2,39|2018-02-04T11:23:42Z|Rain|+25.0|916.9|87
Sydney|-33.86,151.2,39|2018-02-05T10:46:37Z|Sunny|+25.5|882.0|78
Sydney|-33.86,151.2,39|2018-02-06T04:23:09Z|Sunny|+20.0|944.4|51
Sydney|-33.86,151.2,39|2018-02-07T06:06:51Z|Sunny|+20.3|1044.7|89
Sydney|-33.86,151.2,39|2018-02-08T11:00:07Z|Sunny|+19.1|891.5|41
Sydney|-33.86,151.2,39|2018-02-09T08:50:38Z|Sunny|+23.1|962.4|28
Sydney|-33.86,151.2,39|2018-02-10T10:45:00Z|Sunny|+22.5|984.0|26
Sydney|-33.86,151.2,39|2018-02-11T06:39:59Z|Rain|+22.3|874.1|2
Sydney|-33.86,151.2,39|2018-02-12T01:53:02Z|Sunny|+23.0|980.5|41
Sydney|-33.86,151.2,39|2018-02-13T12:04:39Z|Sunny|+24.9|1025.5|21
Sydney|-33.86,151.2,39|2018-02-14T05:56:01Z|Sunny|+22.3|1013.9|57
Sydney|-33.86,151.2,39|2018-02-15T01:47:31Z|Sunny|+20.5|977.3|57
Sydney|-33.86,151.2,39|2018-02-16T01:01:01Z|Rain|+25.1|949.2|83
Sydney|-33.86,151.2,39|2018-02-17T02:52:43Z|Sunny|+24.1|1035.8|87
Sydney|-33.86,151.2,39|2018-02-18T06:09:28Z|Sunny|+24.8|1033.7|60
Sydney|-33.86,151.2,39|2018-02-19T08:11:14Z|Sunny|+23.1|1056.6|76
Sydney|-33.86,151.2,39|2018-02-20T02:35:39Z|Sunny|+23.2|922.2|99
Sydney|-33.86,151.2,39|2018-02-21T09:06:33Z|Sunny|+23.4|1071.1|64
Sydney|-33.86,151.2,39|2018-02-22T08:09:15Z|Sunny|+21.5|1073.6|10
Sydney|-33.86,151.2,39|2018-02-23T08:45:57Z|Rain|+20.4|1062.4|47
Sydney|-33.86,151.2,39|2018-02-24T02:46:31Z|Rain|+19.5|908.7|72
Sydney|-33.86,151.2,39|2018-02-25T03:10:29Z|Sunny|+23.3|938.5|1
Sydney|-33.86,151.2,39|2018-02-26T07:36:31Z|Sunny|+25.4|949.0|52
Sydney|-33.86,151.2,39|2018-02-27T10:17:18Z|Rain|+21.8|974.9|81
Sydney|-33.86,151.2,39|2018-02-28T03:34:59Z|Sunny|+21.4|1004.9|87
Sydney|-33.86,151.2,39|2018-03-01T09:29:19Z|Sunny|+20.9|1060.7|9
Sydney|-33.86,151.2,39|2018-03-02T01:16:47Z|Sunny|+18.8|1062.9|83
Sydney|-33.86,151.2,39|2018-03-03T09:08:20Z|Rain|+18.6|993.2|28
Sydney|-33.86,151.2,39|2018-03-04T01:44:42Z|Sunny|+19.9|1012.7|10
Sydney|-33.86,151.2,39|2018-03-05T11:08:36Z|Sunny|+19.3|810.1|20
Sydney|-33.86,151.2,39|2018-03-06T01:21:01Z|Sunny|+19.9|1033.5|95
Sydney|-33.86,151.2,39|2018-03-07T09:36:39Z|Sunny|+18.9|857.7|36
Sydney|-33.86,151.2,39|2018-03-08T12:25:22Z|Sunny|+19.3|1032.7|51
Sydney|-33.86,151.2,39|2018-03-09T02:10:37Z|Sunny|+23.1|874.0|15
Sydney|-33.86,151.2,39|2018-03-10T01:03:23Z|Sunny|+23.8|1078.6|75
Sydney|-33.86,151.2,39|2018-03-11T07:52:45Z|Sunny|+18.8|814.2|83
Sydney|-33.86,151.2,39|2018-03-12T11:59:25Z|Sunny|+18.4|1070.8|92
Sydney|-33.86,151.2,39|2018-03-13T09:40:07Z|Rain|+19.5|930.8|85
Sydney|-33.86,151.2,39|2018-03-14T05:07:14Z|Sunny|+23.0|1035.5|34
Sydney|-33.86,151.2,39|2018-03-15T07:56:08Z|Sunny|+20.0|821.0|89
Sydney|-33.86,151.2,39|2018-03-16T07:17:46Z|Rain|+24.7|824.8|64
Sydney|-33.86,151.2,39|2018-03-17T10:03:49Z|Sunny|+21.6|943.4|15
Sydney|-33.86,151.2,39|2018-03-18T03:27:50Z|Sunny|+22.0|811.5|21
Sydney|-33.86,151.2,39|2018-03-19T01:57:28Z|Sunny|+19.4|880.4|62
Sydney|-33.86,151.2,39|2018-03-20T01:44:49Z|Rain|+22.2|845.5|85
Sydney|-33.86,151.2,39|2018-03-21T09:05:50Z|Sunny|+17.6|920.3|95
Sydney|-33.86,151.2,39|2018-03-22T08:48:35Z|Sunny|+19.6|843.0|55
Sydney|-33.86,151.2,39|2018-03-23T05:35:25Z|Sunny|+18.9|1091.2|60
Sydney|-33.86,151.2,39|2018-03-24T12:18:29Z|Sunny|+21.3|895.0|51
Sydney|-33.86,151.2,39|2018-03-25T12:15:24Z|Sunny|+20.5|1013.4|82
Sydney|-33.86,151.2,39|2018-03-26T08:29:55Z|Sunny|+19.8|1072.0|30
Sydney|-33.86,151.2,39|2018-03-27T10:56:31Z|Sunny|+20.7|939.1|68
Sydney|-33.86,151.2,39|2018-03-28T12:51:05Z|Sunny|+19.5|1032.6|35
Sydney|-33.86,151.2,39|2018-03-29T01:44:13Z|Sunny|+21.2|1064.2|59
Sydney|-33.86,151.2,39|2018-03-30T07:44:39Z|Sunny|+17.3|954.9|42
Sydney|-33.86,151.2,39|2018-03-31T04:24:12Z|Sunny|+21.8|951.7|33
Sydney|-33.86,151.2,39|2018-04-01T12:49:14Z|Sunny|+17.7|925.3|97
Sydney|-33.86,151.2,39|2018-04-02T12:11:35Z|Sunny|+19.1|1011.7|85
Sydney|-33.86,151.2,39|2018-04-03T07:00:39Z|Sunny|+22.1|956.9|25
Sydney|-33.86,151.2,39|2018-04-04T08:54:40Z|Sunny|+18.5|1027.3|59
Sydney|-33.86,151.2,39|2018-04-05T06:21:50Z|Sunny|+21.2|837.1|99
Sydney|-33.86,151.2,39|2018-04-06T08:51:58Z|Sunny|+22.5|935.3|46
Sydney|-33.86,151.2,39|2018-04-07T06:02:45Z|Sunny|+18.4|991.1|99
Sydney|-33.86,151.2,39|2018-04-08T06:28:58Z|Rain|+22.0|1093.6|65
Sydney|-33.86,151.2,39|2018-04-09T05:05:06Z|Sunny|+22.4|837.3|2
Sydney|-33.86,151.2,39|2018-04-10T06:10:57Z|Sunny|+17.1|961.1|48
Sydney|-33.86,151.2,39|2018-04-11T12:01:02Z|Sunny|+22.4|1098.4|5
Sydney|-33.86,151.2,39|2018-04-12T08:21:45Z|Sunny|+15.4|1069.6|59
Sydney|-33.86,151.2,39|2018-04-13T11:33:56Z|Sunny|+18.1|823.6|85
Sydney|-33.86,151.2,39|2018-04-14T03:06:15Z|Rain|+16.4|907.1|86
Sydney|-33.86,151.2,39|2018-04-15T08:34:35Z|Rain|+21.3|1010.7|34
Sydney|-33.86,151.2,39|2018-04-16T09:17:48Z|Sunny|+21.2|880.0|25
Sydney|-33.86,151.2,39|2018-04-17T12:35:07Z|Sunny|+18.4|850.3|56
Sydney|-33.86,151.2,39|2018-04-18T03:49:53Z|Sunny|+20.2|825.3|35
Sydney|-33.86,151.2,39|2018-04-19T04:26:54Z|Sunny|+20.7|1008.7|98
Sydney|-33.86,151.2,39|2018-04-20T04:36:55Z|Sunny|+19.5|894.2|69
Sydney|-33.86,151.2,39|2018-04-21T02:47:27Z|Sunny|+21.1|941.7|16
Sydney|-33.86,151.2,39|2018-04-22T03:46:54Z|Sunny|+17.2|845.9|80
Sydney|-33.86,151.2,39|2018-04-23T06:43:03Z|Sunny|+21.4|939.5|38
Sydney|-33.86,151.2,39|2018-04-24T09:26:09Z|Sunny|+17.8|1028.0|24
Sydney|-33.86,151.2,39|2018-04-25T03:15:53Z|Sunny|+21.2|960.7|93
Sydney|-33.86,151.2,39|2018-04-26T11:15:31Z|Sunny|+13.7|945.9|26
Sydney|-33.86,151.2,39|2018-04-27T10:56:52Z|Sunny|+17.8|980.8|95
Sydney|-33.86,151.2,39|2018-04-28T07:23:13Z|Sunny|+19.8|1006.4|33
Sydney|-33.86,151.2,39|2018-04-29T05:45:15Z|Sunny|+20.4|1025.0|35
Sydney|-33.86,151.2,39|2018-04-30T11:32:11Z|Sunny|+16.6|1074.9|72
Sydney|-33.86,151.2,39|2018-05-01T01:01:14Z|Sunny|+18.9|830.8|90
Sydney|-33.86,151.2,39|2018-05-02T09:56:11Z|Sunny|+13.1|1052.6|17
Sydney|-33.86,151.2,39|2018-05-03T09:36:49Z|Sunny|+20.2|1036.6|42
Sydney|-33.86,151.2,39|2018-05-04T02:19:44Z|Sunny|+20.4|977.3|8
Sydney|-33.86,151.2,39|2018-05-05T02:07:20Z|Sunny|+15.3|888.3|34
Sydney|-33.86,151.2,39|2018-05-06T11:35:30Z|Sunny|+18.3|944.1|26
Sydney|-33.86,151.2,39|2018-05-07T05:51:11Z|Sunny|+19.0|1042.5|69
Sydney|-33.86,151.2,39|2018-05-08T08:26:19Z|Sunny|+14.8|1098.2|2
Sydney|-33.86,151.2,39|2018-05-09T12:58:16Z|Sunny|+20.1|978.3|52
Sydney|-33.86,151.2,39|2018-05-10T11:49:35Z|Sunny|+15.8|947.8|11
Sydney|-33.86,151.2,39|2018-05-11T01:13:18Z|Sunny|+18.1|904.8|8
Sydney|-33.86,151.2,39|2018-05-12T01:52:26Z|Sunny|+15.0|1095.2|99
Sydney|-33.86,151.2,39|2018-05-13T10:29:30Z|Sunny|+15.9|1077.0|63
Sydney|-33.86,151.2,39|2018-05-14T10:42:30Z|Sunny|+12.7|855.0|72
Sydney|-33.86,151.2,39|2018-05-15T10:50:42Z|Sunny|+17.3|980.0|75
Sydney|-33.86,151.2,39|2018-05-16T03:17:47Z|Sunny|+15.8|922.5|25
Sydney|-33.86,151.2,39|2018-05-17T01:50:17Z|Sunny|+18.8|807.6|30
Sydney|-33.86,151.2,39|2018-05-18T10:42:40Z|Sunny|+15.0|936.7|58
Sydney|-33.86,151.2,39|2018-05-19T02:25:49Z|Sunny|+15.2|1035.3|98
Sydney|-33.86,151.2,39|2018-05-20T12:14:24Z|Sunny|+12.6|991.7|5
Sydney|-33.86,151.2,39|2018-05-21T03:28:22Z|Sunny|+17.0|1019.1|14
Sydney|-33.86,151.2,39|2018-05-22T09:14:48Z|Sunny|+14.1|850.4|99
Sydney|-33.86,151.2,39|2018-05-23T04:29:51Z|Sunny|+17.2|975.3|63
Sydney|-33.86,151.2,39|2018-05-24T05:44:38Z|Rain|+17.0|1030.6|2
Sydney|-33.86,151.2,39|2018-05-25T02:47:48Z|Sunny|+12.1|1061.0|80
Sydney|-33.86,151.2,39|2018-05-26T01:27:41Z|Sunny|+11.6|896.7|95
Sydney|-33.86,151.2,39|2018-05-27T05:43:45Z|Rain|+17.8|1034.1|64
Sydney|-33.86,151.2,39|2018-05-28T04:16:07Z|Sunny|+13.9|1034.1|69
Sydney|-33.86,151.2,39|2018-05-29T07:42:01Z|Sunny|+14.3|851.6|81
Sydney|-33.86,151.2,39|2018-05-30T04:41:08Z|Sunny|+12.5|1000.6|39
Sydney|-33.86,151.2,39|2018-05-31T10:13:30Z|Sunny|+14.8|966.3|80
Sydney|-33.86,151.2,39|2018-06-01T09:22:51Z|Sunny|+17.4|1090.7|58
Sydney|-33.86,151.2,39|2018-06-02T03:22:33Z|Sunny|+11.6|1045.7|29
Sydney|-33.86,151.2,39|2018-06-03T10:36:08Z|Sunny|+13.3|868.1|15
Sydney|-33.86,151.2,39|2018-06-04T06:17:21Z|Sunny|+14.4|943.3|29
Sydney|-33.86,151.2,39|2018-06-05T09:41:58Z|Sunny|+11.8|965.4|66
Sydney|-33.86,151.2,39|2018-06-06T01:13:02Z|Sunny|+16.1|1053.8|1
Sydney|-33.86,151.2,39|2018-06-07T01:58:43Z|Sunny|+13.0|964.0|82
Sydney|-33.86,151.2,39|2018-06-08T02:10:55Z|Sunny|+15.4|853.4|63
Sydney|-33.86,151.2,39|2018-06-09T03:47:09Z|Sunny|+12.5|883.4|15
Sydney|-33.86,151.2,39|2018-06-10T10:34:52Z|Sunny|+10.8|1006.2|76
Sydney|-33.86,151.2,39|2018-06-11T08:19:03Z|Sunny|+13.0|1080.5|32
Sydney|-33.86,151.2,39|2018-06-12T12:26:16Z|Sunny|+10.5|1091.2|9
Sydney|-33.86,151.2,39|2018-06-13T11:22:23Z|Sunny|+10.8|954.6|66
Sydney|-33.86,151.2,39|2018-06-14T06:24:46Z|Sunny|+10.7|990.9|21
Sydney|-33.86,151.2,39|2018-06-15T10:59:35Z|Sunny|+14.6|1054.8|68
Sydney|-33.86,151.2,39|2018-06-16T08:41:50Z|Sunny|+15.1|1053.6|95
Sydney|-33.86,151.2,39|2018-06-17T10:13:42Z|Rain|+10.4|827.6|24
Sydney|-33.86,151.2,39|2018-06-18T10:08:28Z|Sunny|+10.2|952.9|76
Sydney|-33.86,151.2,39|2018-06-19T10:52:51Z|Sunny|+12.2|849.7|15
Sydney|-33.86,151.2,39|2018-06-20T04:08:21Z|Rain|+11.0|1030.5|8
Sydney|-33.86,151.2,39|2018-06-21T01:10:20Z|Sunny|+14.5|940.5|49
Sydney|-33.86,151.2,39|2018-06-22T07:23:20Z|Sunny|+9.7|827.1|66
Sydney|-33.86,151.2,39|2018-06-23T04:46:53Z|Sunny|+10.6|1012.5|78
Sydney|-33.86,151.2,39|2018-06-24T03:54:09Z|Sunny|+15.1|983.5|32
Sydney|-33.86,151.2,39|2018-06-25T06:07:05Z|Sunny|+13.3|936.3|57
Sydney|-33.86,151.2,39|2018-06-26T08:00:58Z|Sunny|+16.0|1043.2|71
Sydney|-33.86,151.2,39|2018-06-27T10:54:20Z|Sunny|+9.0|1013.3|89
Sydney|-33.86,151.2,39|2018-06-28T11:35:02Z|Rain|+13.2|1016.3|66
Sydney|-33.86,151.2,39|2018-06-29T07:44:26Z|Sunny|+13.3|948.1|49
Sydney|-33.86,151.2,39|2018-06-30T06:37:19Z|Sunny|+12.2|1016.0|21
Sydney|-33.86,151.2,39|2018-07-01T09:03:42Z|Sunny|+14.6|909.4|37
Sydney|-33.86,151.2,39|2018-07-02T11:57:23Z|Sunny|+9.3|1016.2|55
Sydney|-33.86,151.2,39|2018-07-03T08:03:41Z|Sunny|+14.8|800.0|60
Sydney|-33.86,151.2,39|2018-07-04T02:28:37Z|Sunny|+10.0|1000.2|41
Sydney|-33.86,151.2,39|2018-07-05T11:04:58Z|Sunny|+11.0|1055.9|72
Sydney|-33.86,151.2,39|2018-07-06T06:20:55Z|Sunny|+12.2|834.4|58
Sydney|-33.86,151.2,39|2018-07-07T12:02:40Z|Sunny|+15.8|943.0|24
Sydney|-33.86,151.2,39|2018-07-08T04:31:15Z|Sunny|+11.6|830.1|43
Sydney|-33.86,151.2,39|2018-07-09T04:12:58Z|Sunny|+15.8|938.5|74
Sydney|-33.86,151.2,39|2018-07-10T06:13:22Z|Sunny|+11.5|824.3|32
Sydney|-33.86,151.2,39|2018-07-11T02:39:56Z|Rain|+11.7|1097.6|38
Sydney|-33.86,151.2,39|2018-07-12T04:20:12Z|Sunny|+10.1|999.6|45
Sydney|-33.86,151.2,39|2018-07-13T08:43:30Z|Rain|+8.0|929.6|14
Sydney|-33.86,151.2,39|2018-07-14T10:20:06Z|Sunny|+11.3|864.1|83
Sydney|-33.86,151.2,39|2018-07-15T12:12:24Z|Sunny|+14.9|1001.6|41
Sydney|-33.86,151.2,39|2018-07-16T03:07:06Z|Rain|+12.1|917.4|64
Sydney|-33.86,151.2,39|2018-07-17T03:29:04Z|Rain|+12.2|1060.2|44
Sydney|-33.86,151.2,39|2018-07-18T02:37:21Z|Sunny|+14.5|941.2|33
Sydney|-33.86,151.2,39|2018-07-19T12:59:56Z|Sunny|+15.8|909.6|1
Sydney|-33.86,151.2,39|2018-07-20T07:47:33Z|Sunny|+10.2|1073.7|4
Sydney|-33.86,151.2,39|2018-07-21T01:34:59Z|Sunny|+11.9|919.8|18
Sydney|-33.86,151.2,39|2018-07-22T11:26:08Z|Sunny|+12.8|836.5|45
Sydney|-33.86,151.2,39|2018-07-23T09:04:10Z|Sunny|+16.1|972.8|49
Sydney|-33.86,151.2,39|2018-07-24T06:28:19Z|Sunny|+8.8|1092.5|89
Sydney|-33.86,151.2,39|2018-07-25T04:41:53Z|Sunny|+14.5|830.6|9
Sydney|-33.86,151.2,39|2018-07-26T03:31:24Z|Sunny|+8.7|829.0|57
Sydney|-33.86,151.2,39|2018-07-27T07:30:31Z|Sunny|+13.0|811.3|70
Sydney|-33.86,151.2,39|2018-07-28T04:39:51Z|Rain|+9.2|1054.1|61
Sydney|-33.86,151.2,39|2018-07-29T02:37:49Z|Sunny|+11.1|936.4|72
Sydney|-33.86,151.2,39|2018-07-30T08:01:42Z|Sunny|+11.3|814.9|70
Sydney|-33.86,151.2,39|2018-07-31T04:46:07Z|Sunny|+14.3|908.2|76
Sydney|-33.86,151.2,39|2018-08-01T02:01:27Z|Rain|+8.7|987.7|26
Sydney|-33.86,151.2,39|2018-08-02T06:15:33Z|Sunny|+15.8|1066.5|3
Sydney|-33.86,151.2,39|2018-08-03T09:46:04Z|Sunny|+15.6|890.0|87
Sydney|-33.86,151.2,39|2018-08-04T12:17:35Z|Sunny|+14.2|883.5|62
Sydney|-33.86,151.2,39|2018-08-05T12:52:35Z|Sunny|+13.1|804.8|27
Sydney|-33.86,151.2,39|2018-08-06T01:33:58Z|Sunny|+9.8|824.4|96
Sydney|-33.86,151.2,39|2018-08-07T12:03:57Z|Rain|+13.4|913.3|27
Sydney|-33.86,151.2,39|2018-08-08T06:17:38Z|Sunny|+13.9|1005.5|58
Sydney|-33.86,151.2,39|2018-08-09T04:44:44Z|Sunny|+8.9|1050.2|79
Sydney|-33.86,151.2,39|2018-08-10T07:26:51Z|Sunny|+13.6|900.8|82
Sydney|-33.86,151.2,39|2018-08-11T04:21:41Z|Sunny|+10.5|1050.3|20
Sydney|-33.86,151.2,39|2018-08-12T11:03:57Z|Sunny|+11.4|1047.9|4
Sydney|-33.86,151.2,39|2018-08-13T01:54:18Z|Sunny|+8.9|819.5|7
Sydney|-33.86,151.2,39|2018-08-14T04:46:53Z|Sunny|+13.4|955.1|10
Sydney|-33.86,151.2,39|2018-08-15T12:33:41Z|Sunny|+14.0|939.5|57
Sydney|-33.86,151.2,39|2018-08-16T11:29:35Z|Sunny|+10.2|950.7|29
Sydney|-33.86,151.2,39|2018-08-17T10:58:44Z|Sunny|+17.4|843.5|3
Sydney|-33.86,151.2,39|2018-08-18T02:02:18Z|Sunny|+15.9|864.5|73
Sydney|-33.86,151.2,39|2018-08-19T05:55:17Z|Sunny|+11.6|1079.9|85
Sydney|-33.86,151.2,39|2018-08-20T09:24:18Z|Rain|+10.5|1040.5|13
Sydney|-33.86,151.2,39|2018-08-21T06:02:25Z|Sunny|+10.2|981.2|28
Sydney|-33.86,151.2,39|2018-08-22T03:30:46Z|Sunny|+15.7|922.5|82
Sydney|-33.86,151.2,39|2018-08-23T03:44:10Z|Sunny|+14.0|880.4|48
Sydney|-33.86,151.2,39|2018-08-24T07:38:02Z|Sunny|+15.2|973.9|64
Sydney|-33.86,151.2,39|2018-08-25T12:57:21Z|Sunny|+10.7|808.1|51
Sydney|-33.86,151.2,39|2018-08-26T09:56:34Z|Sunny|+12.3|903.1|37
Sydney|-33.86,151.2,39|2018-08-27T08:19:59Z|Sunny|+18.0|1069.5|98
Sydney|-33.86,151.2,39|2018-08-28T10:19:04Z|Sunny|+17.1|919.0|64
Sydney|-33.86,151.2,39|2018-08-29T12:31:47Z|Sunny|+12.9|1040.5|84
Sydney|-33.86,151.2,39|2018-08-30T07:59:27Z|Sunny|+15.5|1033.9|87
Sydney|-33.86,151.2,39|2018-08-31T03:54:50Z|Sunny|+14.2|1047.4|59
Sydney|-33.86,151.2,39|2018-09-01T11:21:32Z|Sunny|+12.7|867.5|17
Sydney|-33.86,151.2,39|2018-09-02T10:21:25Z|Sunny|+17.1|857.1|34
Sydney|-33.86,151.2,39|2018-09-03T07:59:29Z|Sunny|+11.6|942.5|46
Sydney|-33.86,151.2,39|2018-09-04T08:57:21Z|Rain|+13.9|942.8|57
Sydney|-33.86,151.2,39|2018-09-05T08:13:58Z|Sunny|+10.5|1021.0|54
Sydney|-33.86,151.2,39|2018-09-06T09:58:33Z|Sunny|+13.5|901.6|4
Sydney|-33.86,151.2,39|2018-09-07T06:23:29Z|Sunny|+13.0|976.0|65
Sydney|-33.86,151.2,39|2018-09-08T05:49:52Z|Sunny|+18.8|995.8|16
Sydney|-33.86,151.2,39|2018-09-09T02:11:49Z|Sunny|+15.7|1067.8|66
Sydney|-33.86,151.2,39|2018-09-10T07:49:31Z|Sunny|+18.2|977.6|70
Sydney|-33.86,151.2,39|2018-09-11T10:33:23Z|Sunny|+15.1|911.5|54
Sydney|-33.86,151.2,39|2018-09-12T11:06:56Z|Sunny|+15.9|937.1|63
Sydney|-33.86,151.2,39|2018-09-13T03:55:04Z|Sunny|+16.4|1080.1|55
Sydney|-33.86,151.2,39|2018-09-14T11:59:26Z|Sunny|+18.2|898.4|87
Sydney|-33.86,151.2,39|2018-09-15T05:52:20Z|Sunny|+16.0|918.8|69
Sydney|-33.86,151.2,39|2018-09-16T02:52:16Z|Rain|+13.7|1055.0|57
Sydney|-33.86,151.2,39|2018-09-17T11:09:25Z|Sunny|+17.2|991.8|87
Sydney|-33.86,151.2,39|2018-09-18T05:31:31Z|Sunny|+18.2|1010.6|92
Sydney|-33.86,151.2,39|2018-09-19T08:04:43Z|Sunny|+12.5|857.2|66
Sydney|-33.86,151.2,39|2018-09-20T08:57:14Z|Sunny|+18.1|987.4|52
Sydney|-33.86,151.2,39|2018-09-21T03:18:30Z|Sunny|+11.7|986.4|20
Sydney|-33.86,151.2,39|2018-09-22T07:22:35Z|Sunny|+17.3|861.0|59
Sydney|-33.86,151.2,39|2018-09-23T01:40:23Z|Sunny|+20.6|995.2|83
Sydney|-33.86,151.2,39|2018-09-24T08:34:10Z|Sunny|+13.0|977.6|75
Sydney|-33.86,151.2,39|2018-09-25T09:46:09Z|Sunny|+18.8|806.2|92
Sydney|-33.86,151.2,39|2018-09-26T10:34:44Z|Rain|+15.6|929.3|12
Sydney|-33.86,151.2,39|2018-09-27T10:29:10Z|Sunny|+17.5|819.0|71
Sydney|-33.86,151.2,39|2018-09-28T02:54:02Z|Rain|+12.7|963.6|91
Sydney|-33.86,151.2,39|2018-09-29T02:43:55Z|Sunny|+13.7|995.0|41
Sydney|-33.86,151.2,39|2018-09-30T02:38:06Z|Sunny|+14.1|809.6|9
Sydney|-33.86,151.2,39|2018-10-01T08:15:33Z|Sunny|+17.9|901.0|17
Sydney|-33.86,151.2,39|2018-10-02T01:14:00Z|Sunny|+14.3|969.0|47
Sydney|-33.86,151.2,39|2018-10-03T10:04:47Z|Sunny|+20.2|822.4|89
Sydney|-33.86,151.2,39|2018-10-04T06:15:21Z|Sunny|+14.0|870.1|78
Sydney|-33.86,151.2,39|2018-10-05T05:12:00Z|Sunny|+13.8|924.1|2
Sydney|-33.86,151.2,39|2018-10-06T08:38:36Z|Sunny|+16.8|1007.3|75
Sydney|-33.86,151.2,39|2018-10-07T03:37:59Z|Sunny|+14.2|892.4|62
Sydney|-33.86,151.2,39|2018-10-08T12:24:44Z|Sunny|+16.5|915.8|3
Sydney|-33.86,151.2,39|2018-10-09T04:55:04Z|Sunny|+18.9|988.6|62
Sydney|-33.86,151.2,39|2018-10-10T10:53:05Z|Sunny|+17.8|948.2|56
Sydney|-33.86,151.2,39|2018-10-11T08:29:18Z|Sunny|+15.0|1097.1|53
Sydney|-33.86,151.2,39|2018-10-12T02:46:00Z|Sunny|+21.2|1012.5|22
Sydney|-33.86,151.2,39|2018-10-13T07:23:09Z|Sunny|+17.0|958.8|58
Sydney|-33.86,151.2,39|2018-10-14T09:12:00Z|Sunny|+19.3|844.5|89
Sydney|-33.86,151.2,39|2018-10-15T03:01:39Z|Sunny|+18.9|933.1|23
Sydney|-33.86,151.2,39|2018-10-16T03:34:01Z|Sunny|+18.6|974.3|79
Sydney|-33.86,151.2,39|2018-10-17T01:43:51Z|Sunny|+20.9|1036.0|38
Sydney|-33.86,151.2,39|2018-10-18T02:58:50Z|Sunny|+18.1|944.8|54
Sydney|-33.86,151.2,39|2018-10-19T05:45:31Z|Sunny|+18.2|1092.3|89
Sydney|-33.86,151.2,39|2018-10-20T05:16:28Z|Sunny|+17.6|821.2|4
Sydney|-33.86,151.2,39|2018-10-21T07:28:20Z|Rain|+16.4|1089.1|52
Sydney|-33.86,151.2,39|2018-10-22T09:55:26Z|Sunny|+21.9|889.8|72
Sydney|-33.86,151.2,39|2018-10-23T05:26:40Z|Sunny|+20.3|959.3|13
Sydney|-33.86,151.2,39|2018-10-24T10:19:49Z|Sunny|+14.9|1057.3|35
Sydney|-33.86,151.2,39|2018-10-25T02:11:59Z|Sunny|+17.6|813.1|94
Sydney|-33.86,151.2,39|2018-10-26T07:30:44Z|Sunny|+17.7|873.0|48
Sydney|-33.86,151.2,39|2018-10-27T08:38:48Z|Sunny|+16.6|1024.4|60
Sydney|-33.86,151.2,39|2018-10-28T05:55:42Z|Sunny|+21.5|1091.0|96
Sydney|-33.86,151.2,39|2018-10-29T06:50:28Z|Sunny|+22.2|992.8|63
Sydney|-33.86,151.2,39|2018-10-30T11:09:24Z|Sunny|+18.7|1082.4|16
Sydney|-33.86,151.2,39|2018-10-31T04:42:32Z|Sunny|+22.0|844.9|13
Sydney|-33.86,151.2,39|2018-11-01T07:33:08Z|Sunny|+19.7|804.3|10
Sydney|-33.86,151.2,39|2018-11-02T12:04:38Z|Sunny|+22.1|958.8|100
Sydney|-33.86,151.2,39|2018-11-03T04:35:30Z|Sunny|+15.2|983.8|84
Sydney|-33.86,151.2,39|2018-11-04T01:43:48Z|Sunny|+15.6|911.8|54
Sydney|-33.86,151.2,39|2018-11-05T10:02:10Z|Sunny|+15.5|1074.0|83
Sydney|-33.86,151.2,39|2018-11-06T05:21:00Z|Sunny|+22.0|981.5|22
Sydney|-33.86,151.2,39|2018-11-07T02:12:31Z|Sunny|+18.6|932.3|6
Sydney|-33.86,151.2,39|2018-11-08T10:22:38Z|Sunny|+17.9|847.2|17
Sydney|-33.86,151.2,39|2018-11-09T11:40:43Z|Sunny|+17.0|840.0|76
Sydney|-33.86,151.2,39|2018-11-10T01:39:05Z|Sunny|+18.6|928.2|65
Sydney|-33.86,151.2,39|2018-11-11T12:12:31Z|Sunny|+18.3|854.9|75
Sydney|-33.86,151.2,39|2018-11-12T07:54:09Z|Rain|+22.4|875.1|5
Sydney|-33.86,151.2,39|2018-11-13T01:38:18Z|Sunny|+20.3|921.4|38
Sydney|-33.86,151.2,39|2018-11-14T02:32:04Z|Sunny|+23.1|977.5|97
Sydney|-33.86,151.2,39|2018-11-15T11:11:58Z|Sunny|+20.1|1091.6|28
Sydney|-33.86,151.2,39|2018-11-16T08:41:10Z|Sunny|+22.3|875.7|56
Sydney|-33.86,151.2,39|2018-11-17T02:42:45Z|Sunny|+20.8|857.0|94
Sydney|-33.86,151.2,39|2018-11-18T08:45:24Z|Sunny|+22.9|876.9|42
Sydney|-33.86,151.2,39|2018-11-19T04:02:50Z|Sunny|+16.7|814.4|96
Sydney|-33.86,151.2,39|2018-11-20T04:59:19Z|Sunny|+22.9|1097.7|71
Sydney|-33.86,151.2,39|2018-11-21T05:28:59Z|Sunny|+20.2|819.1|77
Sydney|-33.86,151.2,39|2018-11-22T11:28:36Z|Sunny|+21.5|1001.1|28
Sydney|-33.86,151.2,39|2018-11-23T12:18:00Z|Sunny|+20.8|913.7|93
Sydney|-33.86,151.2,39|2018-11-24T11:52:01Z|Sunny|+23.0|899.3|29
Sydney|-33.86,151.2,39|2018-11-25T02:03:15Z|Rain|+18.8|996.2|39
Sydney|-33.86,151.2,39|2018-11-26T04:22:08Z|Sunny|+16.6|1066.3|46
Sydney|-33.86,151.2,39|2018-11-27T12:47:40Z|Sunny|+23.8|1054.0|34
Sydney|-33.86,151.2,39|2018-11-28T04:18:28Z|Sunny|+18.4|916.2|86
Sydney|-33.86,151.2,39|2018-11-29T03:15:00Z|Sunny|+23.4|1036.1|86
Sydney|-33.86,151.2,39|2018-11-30T01:14:01Z|Sunny|+19.4|976.1|71
Sydney|-33.86,151.2,39|2018-12-01T03:40:56Z|Sunny|+23.4|916.3|28
Sydney|-33.86,151.2,39|2018-12-02T08:50:37Z|Rain|+17.4|873.8|4
Sydney|-33.86,151.2,39|2018-12-03T12:51:58Z|Sunny|+22.1|940.0|15
Sydney|-33.86,151.2,39|2018-12-04T03:43:22Z|Sunny|+20.6|1089.7|56
Sydney|-33.86,151.2,39|2018-12-05T12:47:22Z|Sunny|+23.1|860.2|100
Sydney|-33.86,151.2,39|2018-12-06T09:28:58Z|Sunny|+20.6|928.6|2
Sydney|-33.86,151.2,39|2018-12-07T05:50:54Z|Sunny|+19.7|1062.1|96
Sydney|-33.86,151.2,39|2018-12-08T02:11:33Z|Sunny|+20.1|1062.8|84
Sydney|-33.86,151.2,39|2018-12-09T08:04:51Z|Sunny|+19.5|1075.9|93
Sydney|-33.86,151.2,39|2018-12-10T03:34:27Z|Sunny|+24.6|1039.3|12
Sydney|-33.86,151.2,39|2018-12-11T04:24:16Z|Sunny|+22.6|932.3|46
Sydney|-33.86,151.2,39|2018-12-12T09:18:27Z|Rain|+19.8|987.9|5
Sydney|-33.86,151.2,39|2018-12-13T09:47:52Z|Sunny|+24.7|905.9|56
Sydney|-33.86,151.2,39|2018-12-14T10:07:38Z|Sunny|+21.6|1082.8|33
Sydney|-33.86,151.2,39|2018-12-15T02:44:52Z|Sunny|+22.2|1061.0|70
Sydney|-33.86,151.2,39|2018-12-16T04:29:51Z|Sunny|+23.8|1086.2|30
Sydney|-33.86,151.2,39|2018-12-17T06:34:53Z|Rain|+24.9|935.8|50
Sydney|-33.86,151.2,39|2018-12-18T09:55:30Z|Rain|+19.5|980.3|57
Sydney|-33.86,151.2,39|2018-12-19T01:22:49Z|Sunny|+23.7|947.3|32
Sydney|-33.86,151.2,39|2018-12-20T05:40:22Z|Sunny|+21.5|923.7|33
Sydney|-33.86,151.2,39|2018-12-21T06:28:11Z|Sunny|+22.0|1003.9|5
Sydney|-33.86,151.2,39|2018-12-22T01:17:45Z|Sunny|+20.1|1053.4|57
Sydney|-33.86,151.2,39|2018-12-23T10:32:50Z|Sunny|+24.0|1012.6|21
Sydney|-33.86,151.2,39|2018-12-24T07:09:23Z|Sunny|+25.4|842.6|17
Sydney|-33.86,151.2,39|2018-12-25T07:39:40Z|Sunny|+18.5|891.9|68
Sydney|-33.86,151.2,39|2018-12-26T07:55:10Z|Rain|+20.0|1003.6|17
Sydney|-33.86,151.2,39|2018-12-27T06:40:59Z|Sunny|+24.4|1009.1|65
Sydney|-33.86,151.2,39|2018-12-28T10:44:23Z|Sunny|+22.4|1030.6|72
Sydney|-33.86,151.2,39|2018-12-29T10:34:49Z|Sunny|+18.6|836.7|60
Sydney|-33.86,151.2,39|2018-12-30T04:20:38Z|Sunny|+21.9|1013.9|79
Sydney|-33.86,151.2,39|2018-12-31T10:30:18Z|Rain|+24.5|1025.4|39
